<COLLADA xmlns="http://www.collada.org/2005/11/COLLADASchema" version="1.4.1">
<asset><contributor>
      <author>ImageToStl.com</author>
      <authoring_tool>ImageToStl.com</authoring_tool>
    </contributor>
    <created>2026-05-15T01:54:54</created><modified>2026-05-15T01:54:54</modified><up_axis>Z_UP</up_axis></asset><!--
# File generated by ImageToStl.com - Free Image and 3D model conversion tools
-->
  <library_effects>
    <effect id="effect_0" name="effect_0">
        <profile_COMMON>
          <technique sid="common">
            <phong>
              <diffuse><color>0.63922 0.61569 0.6 1.0</color></diffuse><specular><color>0.05 0.05 0.05 1.0</color></specular><shininess><float>64.0</float></shininess><transparency><float>1.0</float></transparency></phong>
          </technique>
        <extra><technique profile="GOOGLEEARTH"><double_sided>0</double_sided></technique></extra></profile_COMMON>
    </effect>
    <effect id="effect_1" name="effect_1">
        <profile_COMMON>
          <technique sid="common">
            <phong>
              <diffuse><color>1.0 0.93725 0.13725 1.0</color></diffuse><specular><color>0.05 0.05 0.05 1.0</color></specular><shininess><float>64.0</float></shininess><transparency><float>1.0</float></transparency></phong>
          </technique>
        <extra><technique profile="GOOGLEEARTH"><double_sided>0</double_sided></technique></extra></profile_COMMON>
    </effect>
    <effect id="effect_2" name="effect_2">
        <profile_COMMON>
          <technique sid="common">
            <phong>
              <diffuse><color>0.29804 0.29804 0.29804 1.0</color></diffuse><specular><color>0.05 0.05 0.05 1.0</color></specular><shininess><float>64.0</float></shininess><transparency><float>1.0</float></transparency></phong>
          </technique>
        <extra><technique profile="GOOGLEEARTH"><double_sided>0</double_sided></technique></extra></profile_COMMON>
    </effect>
    <effect id="effect_3" name="effect_3">
        <profile_COMMON>
          <technique sid="common">
            <phong>
              <diffuse><color>0.79216 0.81961 0.93333 1.0</color></diffuse><specular><color>0.05 0.05 0.05 1.0</color></specular><shininess><float>64.0</float></shininess><transparency><float>1.0</float></transparency></phong>
          </technique>
        <extra><technique profile="GOOGLEEARTH"><double_sided>0</double_sided></technique></extra></profile_COMMON>
    </effect>
    <effect id="effect_4" name="effect_4">
        <profile_COMMON>
          <technique sid="common">
            <phong>
              <diffuse><color>0.80392 0.80392 0.80392 1.0</color></diffuse><specular><color>0.05 0.05 0.05 1.0</color></specular><shininess><float>64.0</float></shininess><transparency><float>1.0</float></transparency></phong>
          </technique>
        <extra><technique profile="GOOGLEEARTH"><double_sided>0</double_sided></technique></extra></profile_COMMON>
    </effect>
    <effect id="effect_5" name="effect_5">
        <profile_COMMON>
          <technique sid="common">
            <phong>
              <diffuse><color>0.82745 0.82745 0.81961 1.0</color></diffuse><specular><color>0.05 0.05 0.05 1.0</color></specular><shininess><float>64.0</float></shininess><transparency><float>1.0</float></transparency></phong>
          </technique>
        <extra><technique profile="GOOGLEEARTH"><double_sided>0</double_sided></technique></extra></profile_COMMON>
    </effect>
    <effect id="effect_6" name="effect_6">
        <profile_COMMON>
          <technique sid="common">
            <phong>
              <diffuse><color>1.0 0.91373 0.76471 1.0</color></diffuse><specular><color>0.05 0.05 0.05 1.0</color></specular><shininess><float>64.0</float></shininess><transparency><float>1.0</float></transparency></phong>
          </technique>
        <extra><technique profile="GOOGLEEARTH"><double_sided>0</double_sided></technique></extra></profile_COMMON>
    </effect>
    <effect id="effect_7" name="effect_7">
        <profile_COMMON>
          <technique sid="common">
            <phong>
              <diffuse><color>1.0 1.0 1.0 1.0</color></diffuse><specular><color>0.05 0.05 0.05 1.0</color></specular><shininess><float>64.0</float></shininess><transparency><float>1.0</float></transparency></phong>
          </technique>
        <extra><technique profile="GOOGLEEARTH"><double_sided>0</double_sided></technique></extra></profile_COMMON>
    </effect>
    <effect id="effect_8" name="effect_8">
        <profile_COMMON>
          <technique sid="common">
            <phong>
              <diffuse><color>0.1 0.1 0.1 1.0</color></diffuse><specular><color>0.01 0.01 0.01 0.10</color></specular><shininess><float>4.0</float></shininess><transparency><float>1.0</float></transparency></phong>
          </technique>
        <extra><technique profile="GOOGLEEARTH"><double_sided>0</double_sided></technique></extra></profile_COMMON>
    </effect>
    <effect id="effect_9" name="effect_9">
        <profile_COMMON>
          <technique sid="common">
            <phong>
              <diffuse><color>0.1098 0.1098 0.1098 1.0</color></diffuse><specular><color>0.05 0.05 0.05 1.0</color></specular><shininess><float>64.0</float></shininess><transparency><float>1.0</float></transparency></phong>
          </technique>
        <extra><technique profile="GOOGLEEARTH"><double_sided>0</double_sided></technique></extra></profile_COMMON>
    </effect>
    <effect id="effect_10" name="effect_10">
        <profile_COMMON>
          <technique sid="common">
            <phong>
              <diffuse><color>0.18824 0.18824 0.18824 1.0</color></diffuse><specular><color>0.05 0.05 0.05 1.0</color></specular><shininess><float>64.0</float></shininess><transparency><float>1.0</float></transparency></phong>
          </technique>
        <extra><technique profile="GOOGLEEARTH"><double_sided>0</double_sided></technique></extra></profile_COMMON>
    </effect>
    <effect id="effect_11" name="effect_11">
        <profile_COMMON>
          <technique sid="common">
            <phong>
              <diffuse><color>0.72941 0.35686 0.02353 1.0</color></diffuse><specular><color>0.05 0.05 0.05 1.0</color></specular><shininess><float>64.0</float></shininess><transparency><float>1.0</float></transparency></phong>
          </technique>
        <extra><technique profile="GOOGLEEARTH"><double_sided>0</double_sided></technique></extra></profile_COMMON>
    </effect>
    <effect id="effect_12" name="effect_12">
        <profile_COMMON>
          <technique sid="common">
            <phong>
              <diffuse><color>0.03137 0.15686 0.34902 1.0</color></diffuse><specular><color>0.01 0.01 0.01 0.10</color></specular><shininess><float>4.0</float></shininess><transparency><float>0.1</float></transparency></phong>
          </technique>
        <extra><technique profile="GOOGLEEARTH"><double_sided>0</double_sided></technique></extra></profile_COMMON>
    </effect>
    <effect id="effect_13" name="effect_13">
        <profile_COMMON>
          <technique sid="common">
            <phong>
              <diffuse><color>0.0 0.0 0.0 1.0</color></diffuse><specular><color>0.05 0.05 0.05 1.0</color></specular><shininess><float>64.0</float></shininess><transparency><float>1.0</float></transparency></phong>
          </technique>
        <extra><technique profile="GOOGLEEARTH"><double_sided>0</double_sided></technique></extra></profile_COMMON>
    </effect>
    <effect id="effect_14" name="effect_14">
        <profile_COMMON>
          <technique sid="common">
            <phong>
              <diffuse><color>0.14902 0.14902 0.14902 1.0</color></diffuse><specular><color>0.05 0.05 0.05 1.0</color></specular><shininess><float>64.0</float></shininess><transparency><float>1.0</float></transparency></phong>
          </technique>
        <extra><technique profile="GOOGLEEARTH"><double_sided>0</double_sided></technique></extra></profile_COMMON>
    </effect>
  </library_effects>
  <library_materials>
    <material id="mat_0" name="None">
      <instance_effect url="#effect_0"/>
    </material>
    <material id="mat_1" name="None">
      <instance_effect url="#effect_1"/>
    </material>
    <material id="mat_2" name="None">
      <instance_effect url="#effect_2"/>
    </material>
    <material id="mat_3" name="None">
      <instance_effect url="#effect_3"/>
    </material>
    <material id="mat_4" name="None">
      <instance_effect url="#effect_4"/>
    </material>
    <material id="mat_5" name="None">
      <instance_effect url="#effect_5"/>
    </material>
    <material id="mat_6" name="None">
      <instance_effect url="#effect_6"/>
    </material>
    <material id="mat_7" name="None">
      <instance_effect url="#effect_7"/>
    </material>
    <material id="mat_8" name="None">
      <instance_effect url="#effect_8"/>
    </material>
    <material id="mat_9" name="None">
      <instance_effect url="#effect_9"/>
    </material>
    <material id="mat_10" name="None">
      <instance_effect url="#effect_10"/>
    </material>
    <material id="mat_11" name="None">
      <instance_effect url="#effect_11"/>
    </material>
    <material id="mat_12" name="None">
      <instance_effect url="#effect_12"/>
    </material>
    <material id="mat_13" name="None">
      <instance_effect url="#effect_13"/>
    </material>
    <material id="mat_14" name="None">
      <instance_effect url="#effect_14"/>
    </material>
  </library_materials>
  <library_geometries>
    <geometry id="geometry_ee2259d9_7762_4c38_a6af_b97b08308e8e" name="">
      <mesh>
        <source id="pos_0">
          <float_array id="pos_0-array" count="4176">0.01136127 -0.00965416 -0.00215 0.01079221 -0.009085108 -0.00215 0.01065416 -0.01036127 -0.00215 0.01008511 -0.009792214 -0.00215 0.01099498 -0.01070208 -0.0026 0.01076998 -0.01047708 -0.0026 0.01099498 -0.01070208 -0.0028 0.00952292 -0.009230026 -0.0026 0.009297919 -0.009005025 -0.0028 0.009638734 -0.009345841 -0.00215 0.01008511 -0.009792214 -0.00214 0.009638734 -0.009345841 -0.00214 0.009297919 -0.009005025 -0.0026 0.01000503 -0.008297918 -0.0026 0.01023003 -0.008522919 -0.0026 0.01000503 -0.008297918 -0.0028 0.01034584 -0.008638734 -0.00215 0.01034584 -0.008638734 -0.00214 0.01079221 -0.009085108 -0.00214 0.01147708 -0.009769975 -0.0026 0.01170208 -0.009994975 -0.0028 0.01170208 -0.009994975 -0.0026 0.01065416 -0.004361267 -0.00215 0.01136127 -0.00365416 -0.00215 0.01008511 -0.003792214 -0.00215 0.01079221 -0.003085107 -0.00215 0.01099498 -0.004702082 -0.0026 0.01076998 -0.004477081 -0.0026 0.01099498 -0.004702082 -0.0028 0.00952292 -0.003230026 -0.0026 0.009297919 -0.003005025 -0.0028 0.009638734 -0.00334584 -0.00215 0.01008511 -0.003792214 -0.00214 0.009638734 -0.00334584 -0.00214 0.009297919 -0.003005025 -0.0026 0.01000503 -0.002297919 -0.0026 0.01023003 -0.002522919 -0.0026 0.01000503 -0.002297919 -0.0028 0.01034584 -0.002638733 -0.00215 0.01034584 -0.002638733 -0.00214 0.01079221 -0.003085107 -0.00214 0.01147708 -0.003769975 -0.0026 0.01170208 -0.003994975 -0.0028 0.01170208 -0.003994975 -0.0026 0.01136127 -0.0006541598 -0.00215 0.01079221 -8.510706e-05 -0.00215 0.01065416 -0.001361267 -0.00215 0.01008511 -0.0007922139 -0.00215 0.01099498 -0.001702082 -0.0026 0.01076998 -0.001477081 -0.0026 0.01099498 -0.001702082 -0.0028 0.00952292 -0.0002300256 -0.0026 0.009297919 -5.02525e-06 -0.0028 0.009638734 -0.0003458402 -0.00215 0.01008511 -0.0007922139 -0.00214 0.009638734 -0.0003458402 -0.00214 0.009297919 -5.02525e-06 -0.0026 0.01000503 0.0007020815 -0.0026 0.01023003 0.0004770812 -0.0026 0.01000503 0.0007020815 -0.0028 0.01034584 0.0003612666 -0.00215 0.01034584 0.0003612666 -0.00214 0.01079221 -8.510706e-05 -0.00214 0.01147708 -0.0007699744 -0.0026 0.01170208 -0.0009949747 -0.0028 0.01170208 -0.0009949747 -0.0026 0.01065416 0.001638733 -0.00215 0.01136127 0.00234584 -0.00215 0.01008511 0.002207786 -0.00215 0.01079221 0.002914893 -0.00215 0.01099498 0.001297918 -0.0026 0.01076998 0.001522919 -0.0026 0.01099498 0.001297918 -0.0028 0.00952292 0.002769975 -0.0026 0.009297919 0.002994975 -0.0028 0.009638734 0.00265416 -0.00215 0.01008511 0.002207786 -0.00214 0.009638734 0.00265416 -0.00214 0.009297919 0.002994975 -0.0026 0.01000503 0.003702082 -0.0026 0.01023003 0.003477081 -0.0026 0.01000503 0.003702082 -0.0028 0.01034584 0.003361267 -0.00215 0.01034584 0.003361267 -0.00214 0.01079221 0.002914893 -0.00214 0.01147708 0.002230026 -0.0026 0.01170208 0.002005025 -0.0028 0.01170208 0.002005025 -0.0026 0.01065416 0.004638734 -0.00215 0.01136127 0.00534584 -0.00215 0.01008511 0.005207786 -0.00215 0.01079221 0.005914893 -0.00215 0.01099498 0.004297919 -0.0026 0.01076998 0.004522919 -0.0026 0.01099498 0.004297919 -0.0028 0.00952292 0.005769975 -0.0026 0.009297919 0.005994975 -0.0028 0.009638734 0.00565416 -0.00215 0.01008511 0.005207786 -0.00214 0.009638734 0.00565416 -0.00214 0.009297919 0.005994975 -0.0026 0.01000503 0.006702082 -0.0026 0.01023003 0.006477082 -0.0026 0.01000503 0.006702082 -0.0028 0.01034584 0.006361267 -0.00215 0.01034584 0.006361267 -0.00214 0.01079221 0.005914893 -0.00214 0.01147708 0.005230026 -0.0026 0.01170208 0.005005026 -0.0028 0.01170208 0.005005026 -0.0026 0.01136127 0.00834584 -0.00215 0.01079221 0.008914893 -0.00215 0.01065416 0.007638734 -0.00215 0.01008511 0.008207787 -0.00215 0.01099498 0.007297919 -0.0026 0.01076998 0.007522919 -0.0026 0.01099498 0.007297919 -0.0028 0.00952292 0.008769975 -0.0026 0.009297919 0.008994975 -0.0028 0.01008511 0.008207787 -0.00214 0.009638734 0.008654159 -0.00215 0.009638734 0.008654159 -0.00214 0.009297919 0.008994975 -0.0026 0.01000503 0.009702082 -0.0026 0.01023003 0.009477082 -0.0026 0.01000503 0.009702082 -0.0028 0.01034584 0.009361266 -0.00215 0.01034584 0.009361266 -0.00214 0.01079221 0.008914893 -0.00214 0.01147708 0.008230026 -0.0026 0.01170208 0.008005025 -0.0028 0.01170208 0.008005025 -0.0026 0.01136127 0.01134584 -0.00215 0.01079221 0.01191489 -0.00215 0.01065416 0.01063873 -0.00215 0.01008511 0.01120779 -0.00215 0.01099498 0.01029792 -0.0026 0.01076998 0.01052292 -0.0026 0.01099498 0.01029792 -0.0028 0.00952292 0.01176998 -0.0026 0.009297919 0.01199498 -0.0028 0.01008511 0.01120779 -0.00214 0.009638734 0.01165416 -0.00215 0.009638734 0.01165416 -0.00214 0.009297919 0.01199498 -0.0026 0.01000503 0.01270208 -0.0026 0.01023003 0.01247708 -0.0026 0.01000503 0.01270208 -0.0028 0.01034584 0.01236127 -0.00215 0.01034584 0.01236127 -0.00214 0.01079221 0.01191489 -0.00214 0.01147708 0.01123003 -0.0026 0.01170208 0.01100503 -0.0028 0.01170208 0.01100503 -0.0026 0.008361267 -0.00965416 -0.00215 0.007792214 -0.009085108 -0.00215 0.00765416 -0.01036127 -0.00215 0.007085107 -0.009792214 -0.00215 0.007994975 -0.01070208 -0.0026 0.007769974 -0.01047708 -0.0026 0.007994975 -0.01070208 -0.0028 0.006522919 -0.009230026 -0.0026 0.006297919 -0.009005025 -0.0028 0.006638734 -0.009345841 -0.00215 0.007085107 -0.009792214 -0.00214 0.006638734 -0.009345841 -0.00214 0.006297919 -0.009005025 -0.0026 0.007005026 -0.008297918 -0.0026 0.007230026 -0.008522919 -0.0026 0.007005026 -0.008297918 -0.0028 0.00734584 -0.008638734 -0.00215 0.00734584 -0.008638734 -0.00214 0.007792214 -0.009085108 -0.00214 0.008477082 -0.009769975 -0.0026 0.008702082 -0.009994975 -0.0028 0.008702082 -0.009994975 -0.0026 0.008361267 -0.006654161 -0.00215 0.007792214 -0.006085107 -0.00215 0.00765416 -0.007361267 -0.00215 0.007085107 -0.006792214 -0.00215 0.007994975 -0.007702082 -0.0026 0.007769974 -0.007477082 -0.0026 0.007994975 -0.007702082 -0.0028 0.006522919 -0.006230026 -0.0026 0.006297919 -0.006005025 -0.0028 0.006638734 -0.00634584 -0.00215 0.007085107 -0.006792214 -0.00214 0.006638734 -0.00634584 -0.00214 0.006297919 -0.006005025 -0.0026 0.007005026 -0.005297919 -0.0026 0.007230026 -0.005522919 -0.0026 0.007005026 -0.005297919 -0.0028 0.00734584 -0.005638734 -0.00215 0.00734584 -0.005638734 -0.00214 0.007792214 -0.006085107 -0.00214 0.008477082 -0.006769975 -0.0026 0.008702082 -0.006994975 -0.0028 0.008702082 -0.006994975 -0.0026 0.008361267 -0.00365416 -0.00215 0.007792214 -0.003085107 -0.00215 0.00765416 -0.004361267 -0.00215 0.007085107 -0.003792214 -0.00215 0.007994975 -0.004702082 -0.0026 0.007769974 -0.004477081 -0.0026 0.007994975 -0.004702082 -0.0028 0.006522919 -0.003230026 -0.0026 0.006297919 -0.003005025 -0.0028 0.006638734 -0.00334584 -0.00215 0.007085107 -0.003792214 -0.00214 0.006638734 -0.00334584 -0.00214 0.006297919 -0.003005025 -0.0026 0.007005026 -0.002297919 -0.0026 0.007230026 -0.002522919 -0.0026 0.007005026 -0.002297919 -0.0028 0.00734584 -0.002638733 -0.00215 0.00734584 -0.002638733 -0.00214 0.007792214 -0.003085107 -0.00214 0.008477082 -0.003769975 -0.0026 0.008702082 -0.003994975 -0.0028 0.008702082 -0.003994975 -0.0026 0.008361267 -0.0006541598 -0.00215 0.007792214 -8.510706e-05 -0.00215 0.00765416 -0.001361267 -0.00215 0.007085107 -0.0007922139 -0.00215 0.007994975 -0.001702082 -0.0026 0.007769974 -0.001477081 -0.0026 0.007994975 -0.001702082 -0.0028 0.006522919 -0.0002300256 -0.0026 0.006297919 -5.02525e-06 -0.0028 0.007085107 -0.0007922139 -0.00214 0.006638734 -0.0003458402 -0.00215 0.006638734 -0.0003458402 -0.00214 0.006297919 -5.02525e-06 -0.0026 0.007005026 0.0007020815 -0.0026 0.007230026 0.0004770812 -0.0026 0.007005026 0.0007020815 -0.0028 0.00734584 0.0003612666 -0.00215 0.00734584 0.0003612666 -0.00214 0.007792214 -8.510706e-05 -0.00214 0.008477082 -0.0007699744 -0.0026 0.008702082 -0.0009949747 -0.0028 0.008702082 -0.0009949747 -0.0026 0.008361267 0.00234584 -0.00215 0.007792214 0.002914893 -0.00215 0.00765416 0.001638733 -0.00215 0.007085107 0.002207786 -0.00215 0.007994975 0.001297918 -0.0026 0.007769974 0.001522919 -0.0026 0.007994975 0.001297918 -0.0028 0.006522919 0.002769975 -0.0026 0.006297919 0.002994975 -0.0028 0.006638734 0.00265416 -0.00215 0.007085107 0.002207786 -0.00214 0.006638734 0.00265416 -0.00214 0.006297919 0.002994975 -0.0026 0.007005026 0.003702082 -0.0026 0.007230026 0.003477081 -0.0026 0.007005026 0.003702082 -0.0028 0.00734584 0.003361267 -0.00215 0.00734584 0.003361267 -0.00214 0.007792214 0.002914893 -0.00214 0.008477082 0.002230026 -0.0026 0.008702082 0.002005025 -0.0028 0.008702082 0.002005025 -0.0026 0.008361267 0.00534584 -0.00215 0.007792214 0.005914893 -0.00215 0.00765416 0.004638734 -0.00215 0.007085107 0.005207786 -0.00215 0.007994975 0.004297919 -0.0026 0.007769974 0.004522919 -0.0026 0.007994975 0.004297919 -0.0028 0.006522919 0.005769975 -0.0026 0.006297919 0.005994975 -0.0028 0.006638734 0.00565416 -0.00215 0.007085107 0.005207786 -0.00214 0.006638734 0.00565416 -0.00214 0.006297919 0.005994975 -0.0026 0.007005026 0.006702082 -0.0026 0.007230026 0.006477082 -0.0026 0.007005026 0.006702082 -0.0028 0.00734584 0.006361267 -0.00215 0.00734584 0.006361267 -0.00214 0.007792214 0.005914893 -0.00214 0.008477082 0.005230026 -0.0026 0.008702082 0.005005026 -0.0028 0.008702082 0.005005026 -0.0026 0.008361267 0.00834584 -0.00215 0.007792214 0.008914893 -0.00215 0.00765416 0.007638734 -0.00215 0.007085107 0.008207787 -0.00215 0.007994975 0.007297919 -0.0026 0.007769974 0.007522919 -0.0026 0.007994975 0.007297919 -0.0028 0.006522919 0.008769975 -0.0026 0.006297919 0.008994975 -0.0028 0.006638734 0.008654159 -0.00215 0.007085107 0.008207787 -0.00214 0.006638734 0.008654159 -0.00214 0.006297919 0.008994975 -0.0026 0.007005026 0.009702082 -0.0026 0.007230026 0.009477082 -0.0026 0.007005026 0.009702082 -0.0028 0.00734584 0.009361266 -0.00215 0.00734584 0.009361266 -0.00214 0.007792214 0.008914893 -0.00214 0.008477082 0.008230026 -0.0026 0.008702082 0.008005025 -0.0028 0.008702082 0.008005025 -0.0026 0.008361267 0.01134584 -0.00215 0.007792214 0.01191489 -0.00215 0.00765416 0.01063873 -0.00215 0.007085107 0.01120779 -0.00215 0.007994975 0.01029792 -0.0026 0.007769974 0.01052292 -0.0026 0.007994975 0.01029792 -0.0028 0.006522919 0.01176998 -0.0026 0.006297919 0.01199498 -0.0028 0.006638734 0.01165416 -0.00215 0.007085107 0.01120779 -0.00214 0.006638734 0.01165416 -0.00214 0.006297919 0.01199498 -0.0026 0.007005026 0.01270208 -0.0026 0.007230026 0.01247708 -0.0026 0.007005026 0.01270208 -0.0028 0.00734584 0.01236127 -0.00215 0.00734584 0.01236127 -0.00214 0.007792214 0.01191489 -0.00214 0.008477082 0.01123003 -0.0026 0.008702082 0.01100503 -0.0028 0.008702082 0.01100503 -0.0026 0.005361267 -0.00965416 -0.00215 0.004792214 -0.009085108 -0.00215 0.00465416 -0.01036127 -0.00215 0.004085107 -0.009792214 -0.00215 0.004994975 -0.01070208 -0.0026 0.004769974 -0.01047708 -0.0026 0.004994975 -0.01070208 -0.0028 0.003522919 -0.009230026 -0.0026 0.003297919 -0.009005025 -0.0028 0.003638734 -0.009345841 -0.00215 0.004085107 -0.009792214 -0.00214 0.003638734 -0.009345841 -0.00214 0.003297919 -0.009005025 -0.0026 0.004005026 -0.008297918 -0.0026 0.004230026 -0.008522919 -0.0026 0.004005026 -0.008297918 -0.0028 0.00434584 -0.008638734 -0.00215 0.00434584 -0.008638734 -0.00214 0.004792214 -0.009085108 -0.00214 0.005477082 -0.009769975 -0.0026 0.005702082 -0.009994975 -0.0028 0.005702082 -0.009994975 -0.0026 0.005361267 -0.006654161 -0.00215 0.004792214 -0.006085107 -0.00215 0.00465416 -0.007361267 -0.00215 0.004085107 -0.006792214 -0.00215 0.004994975 -0.007702082 -0.0026 0.004769974 -0.007477082 -0.0026 0.004994975 -0.007702082 -0.0028 0.003522919 -0.006230026 -0.0026 0.003297919 -0.006005025 -0.0028 0.003638734 -0.00634584 -0.00215 0.004085107 -0.006792214 -0.00214 0.003638734 -0.00634584 -0.00214 0.003297919 -0.006005025 -0.0026 0.004005026 -0.005297919 -0.0026 0.004005026 -0.005297919 -0.0028 0.005702082 -0.006994975 -0.0026 0.005477082 -0.006769975 -0.0026 0.00434584 -0.005638734 -0.00215 0.004230026 -0.005522919 -0.0026 0.005361267 -0.00365416 -0.00215 0.004792214 -0.003085107 -0.00215 0.00465416 -0.004361267 -0.00215 0.004085107 -0.003792214 -0.00215 0.004994975 -0.004702082 -0.0026 0.004769974 -0.004477081 -0.0026 0.004994975 -0.004702082 -0.0028 0.003522919 -0.003230026 -0.0026 0.003297919 -0.003005025 -0.0028 0.003638734 -0.00334584 -0.00215 0.004085107 -0.003792214 -0.00214 0.003638734 -0.00334584 -0.00214 0.003297919 -0.003005025 -0.0026 0.004005026 -0.002297919 -0.0026 0.004230026 -0.002522919 -0.0026 0.004005026 -0.002297919 -0.0028 0.00434584 -0.002638733 -0.00215 0.00434584 -0.002638733 -0.00214 0.004792214 -0.003085107 -0.00214 0.005477082 -0.003769975 -0.0026 0.005702082 -0.003994975 -0.0028 0.005702082 -0.003994975 -0.0026 0.005361267 -0.0006541598 -0.00215 0.004792214 -8.510706e-05 -0.00215 0.00465416 -0.001361267 -0.00215 0.004085107 -0.0007922139 -0.00215 0.004994975 -0.001702082 -0.0026 0.004769974 -0.001477081 -0.0026 0.004994975 -0.001702082 -0.0028 0.003522919 -0.0002300256 -0.0026 0.003297919 -5.02525e-06 -0.0028 0.004085107 -0.0007922139 -0.00214 0.003638734 -0.0003458402 -0.00215 0.003638734 -0.0003458402 -0.00214 0.003297919 -5.02525e-06 -0.0026 0.004005026 0.0007020815 -0.0026 0.004230026 0.0004770812 -0.0026 0.004005026 0.0007020815 -0.0028 0.00434584 0.0003612666 -0.00215 0.00434584 0.0003612666 -0.00214 0.004792214 -8.510706e-05 -0.00214 0.005477082 -0.0007699744 -0.0026 0.005702082 -0.0009949747 -0.0028 0.005702082 -0.0009949747 -0.0026 0.005361267 0.00234584 -0.00215 0.004792214 0.002914893 -0.00215 0.00465416 0.001638733 -0.00215 0.004085107 0.002207786 -0.00215 0.004994975 0.001297918 -0.0026 0.004769974 0.001522919 -0.0026 0.004994975 0.001297918 -0.0028 0.003522919 0.002769975 -0.0026 0.003297919 0.002994975 -0.0028 0.003638734 0.00265416 -0.00215 0.004085107 0.002207786 -0.00214 0.003638734 0.00265416 -0.00214 0.003297919 0.002994975 -0.0026 0.004005026 0.003702082 -0.0026 0.004230026 0.003477081 -0.0026 0.004005026 0.003702082 -0.0028 0.00434584 0.003361267 -0.00215 0.00434584 0.003361267 -0.00214 0.004792214 0.002914893 -0.00214 0.005477082 0.002230026 -0.0026 0.005702082 0.002005025 -0.0028 0.005702082 0.002005025 -0.0026 0.005361267 0.00534584 -0.00215 0.004792214 0.005914893 -0.00215 0.00465416 0.004638734 -0.00215 0.004085107 0.005207786 -0.00215 0.004994975 0.004297919 -0.0026 0.004769974 0.004522919 -0.0026 0.004994975 0.004297919 -0.0028 0.003522919 0.005769975 -0.0026 0.003297919 0.005994975 -0.0028 0.003638734 0.00565416 -0.00215 0.004085107 0.005207786 -0.00214 0.003638734 0.00565416 -0.00214 0.003297919 0.005994975 -0.0026 0.004005026 0.006702082 -0.0026 0.004005026 0.006702082 -0.0028 0.004230026 0.006477082 -0.0026 0.005702082 0.005005026 -0.0026 0.005702082 0.005005026 -0.0028 0.005477082 0.005230026 -0.0026 0.00434584 0.006361267 -0.00215 0.005361267 0.00834584 -0.00215 0.004792214 0.008914893 -0.00215 0.00465416 0.007638734 -0.00215 0.004085107 0.008207787 -0.00215 0.004994975 0.007297919 -0.0026 0.004769974 0.007522919 -0.0026 0.004994975 0.007297919 -0.0028 0.003522919 0.008769975 -0.0026 0.003297919 0.008994975 -0.0028 0.003638734 0.008654159 -0.00215 0.004085107 0.008207787 -0.00214 0.003638734 0.008654159 -0.00214 0.003297919 0.008994975 -0.0026 0.004005026 0.009702082 -0.0026 0.004230026 0.009477082 -0.0026 0.004005026 0.009702082 -0.0028 0.00434584 0.009361266 -0.00215 0.00434584 0.009361266 -0.00214 0.004792214 0.008914893 -0.00214 0.005477082 0.008230026 -0.0026 0.005702082 0.008005025 -0.0028 0.005702082 0.008005025 -0.0026 0.005361267 0.01134584 -0.00215 0.004792214 0.01191489 -0.00215 0.00465416 0.01063873 -0.00215 0.004085107 0.01120779 -0.00215 0.004994975 0.01029792 -0.0026 0.004769974 0.01052292 -0.0026 0.004994975 0.01029792 -0.0028 0.003522919 0.01176998 -0.0026 0.003297919 0.01199498 -0.0028 0.003638734 0.01165416 -0.00215 0.004085107 0.01120779 -0.00214 0.003638734 0.01165416 -0.00214 0.003297919 0.01199498 -0.0026 0.004005026 0.01270208 -0.0026 0.004230026 0.01247708 -0.0026 0.004005026 0.01270208 -0.0028 0.00434584 0.01236127 -0.00215 0.00434584 0.01236127 -0.00214 0.004792214 0.01191489 -0.00214 0.005477082 0.01123003 -0.0026 0.005702082 0.01100503 -0.0028 0.005702082 0.01100503 -0.0026 0.002361267 -0.00965416 -0.00215 0.001792214 -0.009085108 -0.00215 0.00165416 -0.01036127 -0.00215 0.001085107 -0.009792214 -0.00215 0.001994975 -0.01070208 -0.0026 0.001769975 -0.01047708 -0.0026 0.001994975 -0.01070208 -0.0028 0.0005229188 -0.009230026 -0.0026 0.0002979185 -0.009005025 -0.0028 0.0006387334 -0.009345841 -0.00215 0.001085107 -0.009792214 -0.00214 0.0006387334 -0.009345841 -0.00214 0.0002979185 -0.009005025 -0.0026 0.001005025 -0.008297918 -0.0026 0.001230026 -0.008522919 -0.0026 0.001005025 -0.008297918 -0.0028 0.00134584 -0.008638734 -0.00215 0.00134584 -0.008638734 -0.00214 0.001792214 -0.009085108 -0.00214 0.002477081 -0.009769975 -0.0026 0.002702082 -0.009994975 -0.0028 0.002702082 -0.009994975 -0.0026 0.00165416 -0.007361267 -0.00215 0.002361267 -0.006654161 -0.00215 0.001085107 -0.006792214 -0.00215 0.001792214 -0.006085107 -0.00215 0.001994975 -0.007702082 -0.0026 0.001769975 -0.007477082 -0.0026 0.001994975 -0.007702082 -0.0028 0.0005229188 -0.006230026 -0.0026 0.0002979185 -0.006005025 -0.0028 0.0006387334 -0.00634584 -0.00215 0.001085107 -0.006792214 -0.00214 0.0006387334 -0.00634584 -0.00214 0.0002979185 -0.006005025 -0.0026 0.001005025 -0.005297919 -0.0026 0.001230026 -0.005522919 -0.0026 0.001005025 -0.005297919 -0.0028 0.00134584 -0.005638734 -0.00215 0.00134584 -0.005638734 -0.00214 0.001792214 -0.006085107 -0.00214 0.002477081 -0.006769975 -0.0026 0.002702082 -0.006994975 -0.0028 0.002702082 -0.006994975 -0.0026 0.00165416 -0.004361267 -0.00215 0.002361267 -0.00365416 -0.00215 0.001085107 -0.003792214 -0.00215 0.001792214 -0.003085107 -0.00215 0.001994975 -0.004702082 -0.0026 0.001769975 -0.004477081 -0.0026 0.001994975 -0.004702082 -0.0028 0.0005229188 -0.003230026 -0.0026 0.0002979185 -0.003005025 -0.0028 0.0006387334 -0.00334584 -0.00215 0.001085107 -0.003792214 -0.00214 0.0006387334 -0.00334584 -0.00214 0.0002979185 -0.003005025 -0.0026 0.001005025 -0.002297919 -0.0026 0.001230026 -0.002522919 -0.0026 0.001005025 -0.002297919 -0.0028 0.00134584 -0.002638733 -0.00215 0.00134584 -0.002638733 -0.00214 0.001792214 -0.003085107 -0.00214 0.002477081 -0.003769975 -0.0026 0.002702082 -0.003994975 -0.0028 0.002702082 -0.003994975 -0.0026 0.002361267 -0.0006541598 -0.00215 0.001792214 -8.510706e-05 -0.00215 0.00165416 -0.001361267 -0.00215 0.001085107 -0.0007922139 -0.00215 0.001994975 -0.001702082 -0.0026 0.001769975 -0.001477081 -0.0026 0.001994975 -0.001702082 -0.0028 0.0005229188 -0.0002300256 -0.0026 0.0002979185 -5.02525e-06 -0.0028 0.0006387334 -0.0003458402 -0.00215 0.001085107 -0.0007922139 -0.00214 0.0006387334 -0.0003458402 -0.00214 0.0002979185 -5.02525e-06 -0.0026 0.001005025 0.0007020815 -0.0026 0.001230026 0.0004770812 -0.0026 0.001005025 0.0007020815 -0.0028 0.00134584 0.0003612666 -0.00215 0.00134584 0.0003612666 -0.00214 0.001792214 -8.510706e-05 -0.00214 0.002477081 -0.0007699744 -0.0026 0.002702082 -0.0009949747 -0.0028 0.002702082 -0.0009949747 -0.0026 0.00165416 0.004638734 -0.00215 0.002361267 0.00534584 -0.00215 0.001085107 0.005207786 -0.00215 0.001792214 0.005914893 -0.00215 0.001994975 0.004297919 -0.0026 0.001769975 0.004522919 -0.0026 0.001994975 0.004297919 -0.0028 0.0005229188 0.005769975 -0.0026 0.0002979185 0.005994975 -0.0028 0.0006387334 0.00565416 -0.00215 0.001085107 0.005207786 -0.00214 0.0006387334 0.00565416 -0.00214 0.0002979185 0.005994975 -0.0026 0.001005025 0.006702082 -0.0026 0.001230026 0.006477082 -0.0026 0.001005025 0.006702082 -0.0028 0.00134584 0.006361267 -0.00215 0.00134584 0.006361267 -0.00214 0.001792214 0.005914893 -0.00214 0.002477081 0.005230026 -0.0026 0.002702082 0.005005026 -0.0028 0.002702082 0.005005026 -0.0026 0.002361267 0.00834584 -0.00215 0.001792214 0.008914893 -0.00215 0.00165416 0.007638734 -0.00215 0.001085107 0.008207787 -0.00215 0.001994975 0.007297919 -0.0026 0.001769975 0.007522919 -0.0026 0.001994975 0.007297919 -0.0028 0.0005229188 0.008769975 -0.0026 0.0002979185 0.008994975 -0.0028 0.001085107 0.008207787 -0.00214 0.0006387334 0.008654159 -0.00215 0.0006387334 0.008654159 -0.00214 0.0002979185 0.008994975 -0.0026 0.001005025 0.009702082 -0.0026 0.001230026 0.009477082 -0.0026 0.001005025 0.009702082 -0.0028 0.00134584 0.009361266 -0.00215 0.00134584 0.009361266 -0.00214 0.001792214 0.008914893 -0.00214 0.002477081 0.008230026 -0.0026 0.002702082 0.008005025 -0.0028 0.002702082 0.008005025 -0.0026 0.002361267 0.01134584 -0.00215 0.001792214 0.01191489 -0.00215 0.00165416 0.01063873 -0.00215 0.001085107 0.01120779 -0.00215 0.001994975 0.01029792 -0.0026 0.001769975 0.01052292 -0.0026 0.001994975 0.01029792 -0.0028 0.0005229188 0.01176998 -0.0026 0.0002979185 0.01199498 -0.0028 0.001085107 0.01120779 -0.00214 0.0006387334 0.01165416 -0.00215 0.0006387334 0.01165416 -0.00214 0.0002979185 0.01199498 -0.0026 0.001005025 0.01270208 -0.0026 0.001230026 0.01247708 -0.0026 0.001005025 0.01270208 -0.0028 0.00134584 0.01236127 -0.00215 0.00134584 0.01236127 -0.00214 0.001792214 0.01191489 -0.00214 0.002477081 0.01123003 -0.0026 0.002702082 0.01100503 -0.0028 0.002702082 0.01100503 -0.0026 -0.0006387334 -0.00965416 -0.00215 -0.001207786 -0.009085108 -0.00215 -0.00134584 -0.01036127 -0.00215 -0.001914893 -0.009792214 -0.00215 -0.001005025 -0.01070208 -0.0026 -0.001230026 -0.01047708 -0.0026 -0.001005025 -0.01070208 -0.0028 -0.002477081 -0.009230026 -0.0026 -0.002702082 -0.009005025 -0.0028 -0.002361267 -0.009345841 -0.00215 -0.001914893 -0.009792214 -0.00214 -0.002361267 -0.009345841 -0.00214 -0.002702082 -0.009005025 -0.0026 -0.001994975 -0.008297918 -0.0026 -0.001994975 -0.008297918 -0.0028 -0.001769975 -0.008522919 -0.0026 -0.0002979185 -0.009994975 -0.0026 -0.0002979185 -0.009994975 -0.0028 -0.0005229188 -0.009769975 -0.0026 -0.00165416 -0.008638734 -0.00215 -0.0006387334 -0.006654161 -0.00215 -0.001207786 -0.006085107 -0.00215 -0.00134584 -0.007361267 -0.00215 -0.001914893 -0.006792214 -0.00215 -0.001005025 -0.007702082 -0.0026 -0.001230026 -0.007477082 -0.0026 -0.001005025 -0.007702082 -0.0028 -0.002477081 -0.006230026 -0.0026 -0.002702082 -0.006005025 -0.0028 -0.002361267 -0.00634584 -0.00215 -0.001914893 -0.006792214 -0.00214 -0.002361267 -0.00634584 -0.00214 -0.002702082 -0.006005025 -0.0026 -0.001994975 -0.005297919 -0.0026 -0.001769975 -0.005522919 -0.0026 -0.001994975 -0.005297919 -0.0028 -0.00165416 -0.005638734 -0.00215 -0.00165416 -0.005638734 -0.00214 -0.001207786 -0.006085107 -0.00214 -0.0005229188 -0.006769975 -0.0026 -0.0002979185 -0.006994975 -0.0028 -0.0002979185 -0.006994975 -0.0026 -0.0006387334 -0.00365416 -0.00215 -0.001207786 -0.003085107 -0.00215 -0.00134584 -0.004361267 -0.00215 -0.001914893 -0.003792214 -0.00215 -0.001005025 -0.004702082 -0.0026 -0.001230026 -0.004477081 -0.0026 -0.001005025 -0.004702082 -0.0028 -0.002477081 -0.003230026 -0.0026 -0.002702082 -0.003005025 -0.0028 -0.002361267 -0.00334584 -0.00215 -0.001914893 -0.003792214 -0.00214 -0.002361267 -0.00334584 -0.00214 -0.002702082 -0.003005025 -0.0026 -0.001994975 -0.002297919 -0.0026 -0.001769975 -0.002522919 -0.0026 -0.001994975 -0.002297919 -0.0028 -0.00165416 -0.002638733 -0.00215 -0.00165416 -0.002638733 -0.00214 -0.001207786 -0.003085107 -0.00214 -0.0005229188 -0.003769975 -0.0026 -0.0002979185 -0.003994975 -0.0028 -0.0002979185 -0.003994975 -0.0026 -0.0006387334 -0.0006541598 -0.00215 -0.001207786 -8.510706e-05 -0.00215 -0.00134584 -0.001361267 -0.00215 -0.001914893 -0.0007922139 -0.00215 -0.001005025 -0.001702082 -0.0026 -0.001230026 -0.001477081 -0.0026 -0.001005025 -0.001702082 -0.0028 -0.002477081 -0.0002300256 -0.0026 -0.002702082 -5.02525e-06 -0.0028 -0.002361267 -0.0003458402 -0.00215 -0.001914893 -0.0007922139 -0.00214 -0.002361267 -0.0003458402 -0.00214 -0.002702082 -5.02525e-06 -0.0026 -0.001994975 0.0007020815 -0.0026 -0.001769975 0.0004770812 -0.0026 -0.001994975 0.0007020815 -0.0028 -0.00165416 0.0003612666 -0.00215 -0.00165416 0.0003612666 -0.00214 -0.001207786 -8.510706e-05 -0.00214 -0.0005229188 -0.0007699744 -0.0026 -0.0002979185 -0.0009949747 -0.0028 -0.0002979185 -0.0009949747 -0.0026 -0.0006387334 0.00234584 -0.00215 -0.001207786 0.002914893 -0.00215 -0.00134584 0.001638733 -0.00215 -0.001914893 0.002207786 -0.00215 -0.001005025 0.001297918 -0.0026 -0.001230026 0.001522919 -0.0026 -0.001005025 0.001297918 -0.0028 -0.002477081 0.002769975 -0.0026 -0.002702082 0.002994975 -0.0028 -0.002361267 0.00265416 -0.00215 -0.001914893 0.002207786 -0.00214 -0.002361267 0.00265416 -0.00214 -0.002702082 0.002994975 -0.0026 -0.001994975 0.003702082 -0.0026 -0.001769975 0.003477081 -0.0026 -0.001994975 0.003702082 -0.0028 -0.00165416 0.003361267 -0.00215 -0.00165416 0.003361267 -0.00214 -0.001207786 0.002914893 -0.00214 -0.0005229188 0.002230026 -0.0026 -0.0002979185 0.002005025 -0.0028 -0.0002979185 0.002005025 -0.0026 -0.0006387334 0.00534584 -0.00215 -0.001207786 0.005914893 -0.00215 -0.00134584 0.004638734 -0.00215 -0.001914893 0.005207786 -0.00215 -0.001005025 0.004297919 -0.0026 -0.001230026 0.004522919 -0.0026 -0.001005025 0.004297919 -0.0028 -0.002477081 0.005769975 -0.0026 -0.002702082 0.005994975 -0.0028 -0.002361267 0.00565416 -0.00215 -0.001914893 0.005207786 -0.00214 -0.002361267 0.00565416 -0.00214 -0.002702082 0.005994975 -0.0026 -0.001994975 0.006702082 -0.0026 -0.001769975 0.006477082 -0.0026 -0.001994975 0.006702082 -0.0028 -0.00165416 0.006361267 -0.00215 -0.00165416 0.006361267 -0.00214 -0.001207786 0.005914893 -0.00214 -0.0005229188 0.005230026 -0.0026 -0.0002979185 0.005005026 -0.0028 -0.0002979185 0.005005026 -0.0026 -0.0006387334 0.00834584 -0.00215 -0.001207786 0.008914893 -0.00215 -0.00134584 0.007638734 -0.00215 -0.001914893 0.008207787 -0.00215 -0.001005025 0.007297919 -0.0026 -0.001230026 0.007522919 -0.0026 -0.001005025 0.007297919 -0.0028 -0.002477081 0.008769975 -0.0026 -0.002702082 0.008994975 -0.0028 -0.001914893 0.008207787 -0.00214 -0.002361267 0.008654159 -0.00215 -0.002361267 0.008654159 -0.00214 -0.002702082 0.008994975 -0.0026 -0.001994975 0.009702082 -0.0026 -0.001769975 0.009477082 -0.0026 -0.001994975 0.009702082 -0.0028 -0.00165416 0.009361266 -0.00215 -0.00165416 0.009361266 -0.00214 -0.001207786 0.008914893 -0.00214 -0.0005229188 0.008230026 -0.0026 -0.0002979185 0.008005025 -0.0028 -0.0002979185 0.008005025 -0.0026 -0.0006387334 0.01134584 -0.00215 -0.001207786 0.01191489 -0.00215 -0.00134584 0.01063873 -0.00215 -0.001914893 0.01120779 -0.00215 -0.001005025 0.01029792 -0.0026 -0.001230026 0.01052292 -0.0026 -0.001005025 0.01029792 -0.0028 -0.002477081 0.01176998 -0.0026 -0.002702082 0.01199498 -0.0028 -0.001914893 0.01120779 -0.00214 -0.002361267 0.01165416 -0.00215 -0.002361267 0.01165416 -0.00214 -0.002702082 0.01199498 -0.0026 -0.001994975 0.01270208 -0.0026 -0.001769975 0.01247708 -0.0026 -0.001994975 0.01270208 -0.0028 -0.00165416 0.01236127 -0.00215 -0.00165416 0.01236127 -0.00214 -0.001207786 0.01191489 -0.00214 -0.0005229188 0.01123003 -0.0026 -0.0002979185 0.01100503 -0.0028 -0.0002979185 0.01100503 -0.0026 -0.003638734 -0.00965416 -0.00215 -0.004207786 -0.009085108 -0.00215 -0.00434584 -0.01036127 -0.00215 -0.004914893 -0.009792214 -0.00215 -0.004005026 -0.01070208 -0.0026 -0.004230026 -0.01047708 -0.0026 -0.004005026 -0.01070208 -0.0028 -0.005477082 -0.009230026 -0.0026 -0.005702082 -0.009005025 -0.0028 -0.005361267 -0.009345841 -0.00215 -0.004914893 -0.009792214 -0.00214 -0.005361267 -0.009345841 -0.00214 -0.005702082 -0.009005025 -0.0026 -0.004994975 -0.008297918 -0.0026 -0.004769974 -0.008522919 -0.0026 -0.004994975 -0.008297918 -0.0028 -0.00465416 -0.008638734 -0.00215 -0.00465416 -0.008638734 -0.00214 -0.004207786 -0.009085108 -0.00214 -0.003522919 -0.009769975 -0.0026 -0.003297919 -0.009994975 -0.0028 -0.003297919 -0.009994975 -0.0026 -0.003638734 -0.006654161 -0.00215 -0.004207786 -0.006085107 -0.00215 -0.00434584 -0.007361267 -0.00215 -0.004914893 -0.006792214 -0.00215 -0.004005026 -0.007702082 -0.0026 -0.004230026 -0.007477082 -0.0026 -0.004005026 -0.007702082 -0.0028 -0.005477082 -0.006230026 -0.0026 -0.005702082 -0.006005025 -0.0028 -0.005361267 -0.00634584 -0.00215 -0.004914893 -0.006792214 -0.00214 -0.005361267 -0.00634584 -0.00214 -0.005702082 -0.006005025 -0.0026 -0.004994975 -0.005297919 -0.0026 -0.004769974 -0.005522919 -0.0026 -0.004994975 -0.005297919 -0.0028 -0.00465416 -0.005638734 -0.00215 -0.00465416 -0.005638734 -0.00214 -0.004207786 -0.006085107 -0.00214 -0.003522919 -0.006769975 -0.0026 -0.003297919 -0.006994975 -0.0028 -0.003297919 -0.006994975 -0.0026 -0.003638734 -0.00365416 -0.00215 -0.004207786 -0.003085107 -0.00215 -0.00434584 -0.004361267 -0.00215 -0.004914893 -0.003792214 -0.00215 -0.004005026 -0.004702082 -0.0026 -0.004230026 -0.004477081 -0.0026 -0.004005026 -0.004702082 -0.0028 -0.005477082 -0.003230026 -0.0026 -0.005702082 -0.003005025 -0.0028 -0.005361267 -0.00334584 -0.00215 -0.004914893 -0.003792214 -0.00214 -0.005361267 -0.00334584 -0.00214 -0.005702082 -0.003005025 -0.0026 -0.004994975 -0.002297919 -0.0026 -0.004769974 -0.002522919 -0.0026 -0.004994975 -0.002297919 -0.0028 -0.00465416 -0.002638733 -0.00215 -0.00465416 -0.002638733 -0.00214 -0.004207786 -0.003085107 -0.00214 -0.003522919 -0.003769975 -0.0026 -0.003297919 -0.003994975 -0.0028 -0.003297919 -0.003994975 -0.0026 -0.003638734 -0.0006541598 -0.00215 -0.004207786 -8.510706e-05 -0.00215 -0.00434584 -0.001361267 -0.00215 -0.004914893 -0.0007922139 -0.00215 -0.004005026 -0.001702082 -0.0026 -0.004230026 -0.001477081 -0.0026 -0.004005026 -0.001702082 -0.0028 -0.005477082 -0.0002300256 -0.0026 -0.005702082 -5.02525e-06 -0.0028 -0.004914893 -0.0007922139 -0.00214 -0.005361267 -0.0003458402 -0.00215 -0.005361267 -0.0003458402 -0.00214 -0.005702082 -5.02525e-06 -0.0026 -0.004994975 0.0007020815 -0.0026 -0.004769974 0.0004770812 -0.0026 -0.004994975 0.0007020815 -0.0028 -0.00465416 0.0003612666 -0.00215 -0.00465416 0.0003612666 -0.00214 -0.004207786 -8.510706e-05 -0.00214 -0.003522919 -0.0007699744 -0.0026 -0.003297919 -0.0009949747 -0.0028 -0.003297919 -0.0009949747 -0.0026 -0.003638734 0.00234584 -0.00215 -0.004207786 0.002914893 -0.00215 -0.00434584 0.001638733 -0.00215 -0.004914893 0.002207786 -0.00215 -0.004005026 0.001297918 -0.0026 -0.004230026 0.001522919 -0.0026 -0.004005026 0.001297918 -0.0028 -0.005477082 0.002769975 -0.0026 -0.005702082 0.002994975 -0.0028 -0.005361267 0.00265416 -0.00215 -0.004914893 0.002207786 -0.00214 -0.005361267 0.00265416 -0.00214 -0.005702082 0.002994975 -0.0026 -0.004994975 0.003702082 -0.0026 -0.004769974 0.003477081 -0.0026 -0.004994975 0.003702082 -0.0028 -0.00465416 0.003361267 -0.00215 -0.00465416 0.003361267 -0.00214 -0.004207786 0.002914893 -0.00214 -0.003522919 0.002230026 -0.0026 -0.003297919 0.002005025 -0.0028 -0.003297919 0.002005025 -0.0026 -0.003638734 0.00534584 -0.00215 -0.004207786 0.005914893 -0.00215 -0.00434584 0.004638734 -0.00215 -0.004914893 0.005207786 -0.00215 -0.004005026 0.004297919 -0.0026 -0.004230026 0.004522919 -0.0026 -0.004005026 0.004297919 -0.0028 -0.005477082 0.005769975 -0.0026 -0.005702082 0.005994975 -0.0028 -0.005361267 0.00565416 -0.00215 -0.004914893 0.005207786 -0.00214 -0.005361267 0.00565416 -0.00214 -0.005702082 0.005994975 -0.0026 -0.004994975 0.006702082 -0.0026 -0.004769974 0.006477082 -0.0026 -0.004994975 0.006702082 -0.0028 -0.00465416 0.006361267 -0.00215 -0.00465416 0.006361267 -0.00214 -0.004207786 0.005914893 -0.00214 -0.003522919 0.005230026 -0.0026 -0.003297919 0.005005026 -0.0028 -0.003297919 0.005005026 -0.0026 -0.003638734 0.00834584 -0.00215 -0.004207786 0.008914893 -0.00215 -0.00434584 0.007638734 -0.00215 -0.004914893 0.008207787 -0.00215 -0.004005026 0.007297919 -0.0026 -0.004230026 0.007522919 -0.0026 -0.004005026 0.007297919 -0.0028 -0.005477082 0.008769975 -0.0026 -0.005702082 0.008994975 -0.0028 -0.005361267 0.008654159 -0.00215 -0.004914893 0.008207787 -0.00214 -0.005361267 0.008654159 -0.00214 -0.005702082 0.008994975 -0.0026 -0.004994975 0.009702082 -0.0026 -0.004769974 0.009477082 -0.0026 -0.004994975 0.009702082 -0.0028 -0.00465416 0.009361266 -0.00215 -0.00465416 0.009361266 -0.00214 -0.004207786 0.008914893 -0.00214 -0.003522919 0.008230026 -0.0026 -0.003297919 0.008005025 -0.0028 -0.003297919 0.008005025 -0.0026 -0.003638734 0.01134584 -0.00215 -0.004207786 0.01191489 -0.00215 -0.00434584 0.01063873 -0.00215 -0.004914893 0.01120779 -0.00215 -0.004005026 0.01029792 -0.0026 -0.004230026 0.01052292 -0.0026 -0.004005026 0.01029792 -0.0028 -0.005477082 0.01176998 -0.0026 -0.005702082 0.01199498 -0.0028 -0.005361267 0.01165416 -0.00215 -0.004914893 0.01120779 -0.00214 -0.005361267 0.01165416 -0.00214 -0.005702082 0.01199498 -0.0026 -0.004994975 0.01270208 -0.0026 -0.004769974 0.01247708 -0.0026 -0.004994975 0.01270208 -0.0028 -0.00465416 0.01236127 -0.00215 -0.00465416 0.01236127 -0.00214 -0.004207786 0.01191489 -0.00214 -0.003522919 0.01123003 -0.0026 -0.003297919 0.01100503 -0.0028 -0.003297919 0.01100503 -0.0026 -0.006638734 -0.00965416 -0.00215 -0.007207786 -0.009085108 -0.00215 -0.00734584 -0.01036127 -0.00215 -0.007914893 -0.009792214 -0.00215 -0.007005026 -0.01070208 -0.0026 -0.007230026 -0.01047708 -0.0026 -0.007005026 -0.01070208 -0.0028 -0.008477082 -0.009230026 -0.0026 -0.008702082 -0.009005025 -0.0028 -0.008361267 -0.009345841 -0.00215 -0.007914893 -0.009792214 -0.00214 -0.008361267 -0.009345841 -0.00214 -0.008702082 -0.009005025 -0.0026 -0.007994975 -0.008297918 -0.0026 -0.007769974 -0.008522919 -0.0026 -0.007994975 -0.008297918 -0.0028 -0.00765416 -0.008638734 -0.00215 -0.00765416 -0.008638734 -0.00214 -0.007207786 -0.009085108 -0.00214 -0.006522919 -0.009769975 -0.0026 -0.006297919 -0.009994975 -0.0028 -0.006297919 -0.009994975 -0.0026 -0.00734584 -0.007361267 -0.00215 -0.006638734 -0.006654161 -0.00215 -0.007914893 -0.006792214 -0.00215 -0.007207786 -0.006085107 -0.00215 -0.007005026 -0.007702082 -0.0026 -0.007230026 -0.007477082 -0.0026 -0.007005026 -0.007702082 -0.0028 -0.008477082 -0.006230026 -0.0026 -0.008702082 -0.006005025 -0.0028 -0.008361267 -0.00634584 -0.00215 -0.007914893 -0.006792214 -0.00214 -0.008361267 -0.00634584 -0.00214 -0.008702082 -0.006005025 -0.0026 -0.007994975 -0.005297919 -0.0026 -0.007769974 -0.005522919 -0.0026 -0.007994975 -0.005297919 -0.0028 -0.00765416 -0.005638734 -0.00215 -0.00765416 -0.005638734 -0.00214 -0.007207786 -0.006085107 -0.00214 -0.006522919 -0.006769975 -0.0026 -0.006297919 -0.006994975 -0.0028 -0.006297919 -0.006994975 -0.0026 -0.00734584 -0.004361267 -0.00215 -0.006638734 -0.00365416 -0.00215 -0.007914893 -0.003792214 -0.00215 -0.007207786 -0.003085107 -0.00215 -0.007005026 -0.004702082 -0.0026 -0.007230026 -0.004477081 -0.0026 -0.007005026 -0.004702082 -0.0028 -0.008477082 -0.003230026 -0.0026 -0.008702082 -0.003005025 -0.0028 -0.008361267 -0.00334584 -0.00215 -0.007914893 -0.003792214 -0.00214 -0.008361267 -0.00334584 -0.00214 -0.008702082 -0.003005025 -0.0026 -0.007994975 -0.002297919 -0.0026 -0.007769974 -0.002522919 -0.0026 -0.007994975 -0.002297919 -0.0028 -0.00765416 -0.002638733 -0.00215 -0.00765416 -0.002638733 -0.00214 -0.007207786 -0.003085107 -0.00214 -0.006522919 -0.003769975 -0.0026 -0.006297919 -0.003994975 -0.0028 -0.006297919 -0.003994975 -0.0026 -0.006638734 -0.0006541598 -0.00215 -0.007207786 -8.510706e-05 -0.00215 -0.00734584 -0.001361267 -0.00215 -0.007914893 -0.0007922139 -0.00215 -0.007005026 -0.001702082 -0.0026 -0.007230026 -0.001477081 -0.0026 -0.007005026 -0.001702082 -0.0028 -0.008477082 -0.0002300256 -0.0026 -0.008702082 -5.02525e-06 -0.0028 -0.007914893 -0.0007922139 -0.00214 -0.008361267 -0.0003458402 -0.00215 -0.008361267 -0.0003458402 -0.00214 -0.008702082 -5.02525e-06 -0.0026 -0.007994975 0.0007020815 -0.0026 -0.007769974 0.0004770812 -0.0026 -0.007994975 0.0007020815 -0.0028 -0.00765416 0.0003612666 -0.00215 -0.00765416 0.0003612666 -0.00214 -0.007207786 -8.510706e-05 -0.00214 -0.006522919 -0.0007699744 -0.0026 -0.006297919 -0.0009949747 -0.0028 -0.006297919 -0.0009949747 -0.0026 -0.00734584 0.001638733 -0.00215 -0.006638734 0.00234584 -0.00215 -0.007914893 0.002207786 -0.00215 -0.007207786 0.002914893 -0.00215 -0.007005026 0.001297918 -0.0026 -0.007230026 0.001522919 -0.0026 -0.007005026 0.001297918 -0.0028 -0.008477082 0.002769975 -0.0026 -0.008702082 0.002994975 -0.0028 -0.008361267 0.00265416 -0.00215 -0.007914893 0.002207786 -0.00214 -0.008361267 0.00265416 -0.00214 -0.008702082 0.002994975 -0.0026 -0.007994975 0.003702082 -0.0026 -0.007769974 0.003477081 -0.0026 -0.007994975 0.003702082 -0.0028 -0.00765416 0.003361267 -0.00215 -0.00765416 0.003361267 -0.00214 -0.007207786 0.002914893 -0.00214 -0.006522919 0.002230026 -0.0026 -0.006297919 0.002005025 -0.0028 -0.006297919 0.002005025 -0.0026 -0.00734584 0.004638734 -0.00215 -0.006638734 0.00534584 -0.00215 -0.007914893 0.005207786 -0.00215 -0.007207786 0.005914893 -0.00215 -0.007994975 0.006702082 -0.0026 -0.007769974 0.006477082 -0.0026 -0.007994975 0.006702082 -0.0028 -0.00765416 0.006361267 -0.00215 -0.00765416 0.006361267 -0.00214 -0.007207786 0.005914893 -0.00214 -0.006522919 0.005230026 -0.0026 -0.006297919 0.005005026 -0.0028 -0.006297919 0.005005026 -0.0026 -0.008702082 0.005994975 -0.0026 -0.008702082 0.005994975 -0.0028 -0.008477082 0.005769975 -0.0026 -0.007005026 0.004297919 -0.0026 -0.007005026 0.004297919 -0.0028 -0.007230026 0.004522919 -0.0026 -0.008361267 0.00565416 -0.00215 -0.006638734 0.00834584 -0.00215 -0.007207786 0.008914893 -0.00215 -0.00734584 0.007638734 -0.00215 -0.007914893 0.008207787 -0.00215 -0.007005026 0.007297919 -0.0026 -0.007230026 0.007522919 -0.0026 -0.007005026 0.007297919 -0.0028 -0.008477082 0.008769975 -0.0026 -0.008702082 0.008994975 -0.0028 -0.008361267 0.008654159 -0.00215 -0.007914893 0.008207787 -0.00214 -0.008361267 0.008654159 -0.00214 -0.008702082 0.008994975 -0.0026 -0.007994975 0.009702082 -0.0026 -0.007769974 0.009477082 -0.0026 -0.007994975 0.009702082 -0.0028 -0.00765416 0.009361266 -0.00215 -0.00765416 0.009361266 -0.00214 -0.007207786 0.008914893 -0.00214 -0.006522919 0.008230026 -0.0026 -0.006297919 0.008005025 -0.0028 -0.006297919 0.008005025 -0.0026 -0.006638734 0.01134584 -0.00215 -0.007207786 0.01191489 -0.00215 -0.00734584 0.01063873 -0.00215 -0.007914893 0.01120779 -0.00215 -0.007005026 0.01029792 -0.0026 -0.007230026 0.01052292 -0.0026 -0.007005026 0.01029792 -0.0028 -0.008477082 0.01176998 -0.0026 -0.008702082 0.01199498 -0.0028 -0.008361267 0.01165416 -0.00215 -0.007914893 0.01120779 -0.00214 -0.008361267 0.01165416 -0.00214 -0.008702082 0.01199498 -0.0026 -0.007994975 0.01270208 -0.0026 -0.007769974 0.01247708 -0.0026 -0.007994975 0.01270208 -0.0028 -0.00765416 0.01236127 -0.00215 -0.00765416 0.01236127 -0.00214 -0.007207786 0.01191489 -0.00214 -0.006522919 0.01123003 -0.0026 -0.006297919 0.01100503 -0.0028 -0.006297919 0.01100503 -0.0026 -0.009638734 -0.00965416 -0.00215 -0.01020779 -0.009085108 -0.00215 -0.01034584 -0.01036127 -0.00215 -0.01091489 -0.009792214 -0.00215 -0.01000503 -0.01070208 -0.0026 -0.01023003 -0.01047708 -0.0026 -0.01000503 -0.01070208 -0.0028 -0.01147708 -0.009230026 -0.0026 -0.01170208 -0.009005025 -0.0028 -0.01136127 -0.009345841 -0.00215 -0.01091489 -0.009792214 -0.00214 -0.01136127 -0.009345841 -0.00214 -0.01170208 -0.009005025 -0.0026 -0.01099498 -0.008297918 -0.0026 -0.01076998 -0.008522919 -0.0026 -0.01099498 -0.008297918 -0.0028 -0.01065416 -0.008638734 -0.00215 -0.01065416 -0.008638734 -0.00214 -0.01020779 -0.009085108 -0.00214 -0.00952292 -0.009769975 -0.0026 -0.009297919 -0.009994975 -0.0028 -0.009297919 -0.009994975 -0.0026 -0.01034584 -0.007361267 -0.00215 -0.009638734 -0.006654161 -0.00215 -0.01091489 -0.006792214 -0.00215 -0.01020779 -0.006085107 -0.00215 -0.01099498 -0.005297919 -0.0026 -0.01076998 -0.005522919 -0.0026 -0.01099498 -0.005297919 -0.0028 -0.01065416 -0.005638734 -0.00215 -0.01065416 -0.005638734 -0.00214 -0.01020779 -0.006085107 -0.00214 -0.00952292 -0.006769975 -0.0026 -0.009297919 -0.006994975 -0.0028 -0.009297919 -0.006994975 -0.0026 -0.01147708 -0.006230026 -0.0026 -0.01170208 -0.006005025 -0.0026 -0.01000503 -0.007702082 -0.0026 -0.01000503 -0.007702082 -0.0028 -0.01023003 -0.007477082 -0.0026 -0.01136127 -0.00634584 -0.00215 -0.01034584 -0.004361267 -0.00215 -0.009638734 -0.00365416 -0.00215 -0.01091489 -0.003792214 -0.00215 -0.01020779 -0.003085107 -0.00215 -0.01000503 -0.004702082 -0.0026 -0.01023003 -0.004477081 -0.0026 -0.01000503 -0.004702082 -0.0028 -0.01147708 -0.003230026 -0.0026 -0.01170208 -0.003005025 -0.0028 -0.01136127 -0.00334584 -0.00215 -0.01091489 -0.003792214 -0.00214 -0.01136127 -0.00334584 -0.00214 -0.01170208 -0.003005025 -0.0026 -0.01099498 -0.002297919 -0.0026 -0.01076998 -0.002522919 -0.0026 -0.01099498 -0.002297919 -0.0028 -0.01065416 -0.002638733 -0.00215 -0.01065416 -0.002638733 -0.00214 -0.01020779 -0.003085107 -0.00214 -0.00952292 -0.003769975 -0.0026 -0.009297919 -0.003994975 -0.0028 -0.009297919 -0.003994975 -0.0026 -0.009638734 -0.0006541598 -0.00215 -0.01020779 -8.510706e-05 -0.00215 -0.01034584 -0.001361267 -0.00215 -0.01091489 -0.0007922139 -0.00215 -0.01099498 0.0007020815 -0.0026 -0.01076998 0.0004770812 -0.0026 -0.01099498 0.0007020815 -0.0028 -0.01065416 0.0003612666 -0.00215 -0.01065416 0.0003612666 -0.00214 -0.01020779 -8.510706e-05 -0.00214 -0.00952292 -0.0007699744 -0.0026 -0.009297919 -0.0009949747 -0.0028 -0.009297919 -0.0009949747 -0.0026 -0.01170208 -5.02525e-06 -0.0026 -0.01170208 -5.02525e-06 -0.0028 -0.01147708 -0.0002300256 -0.0026 -0.01000503 -0.001702082 -0.0026 -0.01000503 -0.001702082 -0.0028 -0.01023003 -0.001477081 -0.0026 -0.01136127 -0.0003458402 -0.00215 -0.01034584 0.001638733 -0.00215 -0.009638734 0.00234584 -0.00215 -0.01091489 0.002207786 -0.00215 -0.01020779 0.002914893 -0.00215 -0.01000503 0.001297918 -0.0026 -0.01023003 0.001522919 -0.0026 -0.01000503 0.001297918 -0.0028 -0.01147708 0.002769975 -0.0026 -0.01170208 0.002994975 -0.0028 -0.01136127 0.00265416 -0.00215 -0.01091489 0.002207786 -0.00214 -0.01136127 0.00265416 -0.00214 -0.01170208 0.002994975 -0.0026 -0.01099498 0.003702082 -0.0026 -0.01099498 0.003702082 -0.0028 -0.01076998 0.003477081 -0.0026 -0.009297919 0.002005025 -0.0026 -0.009297919 0.002005025 -0.0028 -0.00952292 0.002230026 -0.0026 -0.01065416 0.003361267 -0.00215 -0.009638734 0.00834584 -0.00215 -0.01020779 0.008914893 -0.00215 -0.01034584 0.007638734 -0.00215 -0.01091489 0.008207787 -0.00215 -0.01000503 0.007297919 -0.0026 -0.01023003 0.007522919 -0.0026 -0.01000503 0.007297919 -0.0028 -0.01147708 0.008769975 -0.0026 -0.01170208 0.008994975 -0.0028 -0.01091489 0.008207787 -0.00214 -0.01136127 0.008654159 -0.00215 -0.01136127 0.008654159 -0.00214 -0.01170208 0.008994975 -0.0026 -0.01099498 0.009702082 -0.0026 -0.01076998 0.009477082 -0.0026 -0.01099498 0.009702082 -0.0028 -0.01065416 0.009361266 -0.00215 -0.01065416 0.009361266 -0.00214 -0.01020779 0.008914893 -0.00214 -0.00952292 0.008230026 -0.0026 -0.009297919 0.008005025 -0.0028 -0.009297919 0.008005025 -0.0026 -0.009638734 0.01134584 -0.00215 -0.01020779 0.01191489 -0.00215 -0.01034584 0.01063873 -0.00215 -0.01091489 0.01120779 -0.00215 -0.01000503 0.01029792 -0.0026 -0.01023003 0.01052292 -0.0026 -0.01000503 0.01029792 -0.0028 -0.01147708 0.01176998 -0.0026 -0.01170208 0.01199498 -0.0028 -0.01091489 0.01120779 -0.00214 -0.01136127 0.01165416 -0.00215 -0.01136127 0.01165416 -0.00214 -0.01170208 0.01199498 -0.0026 -0.01099498 0.01270208 -0.0026 -0.01076998 0.01247708 -0.0026 -0.01099498 0.01270208 -0.0028 -0.01065416 0.01236127 -0.00215 -0.01065416 0.01236127 -0.00214 -0.01020779 0.01191489 -0.00214 -0.00952292 0.01123003 -0.0026 -0.009297919 0.01100503 -0.0028 -0.009297919 0.01100503 -0.0026 -0.01000503 0.004297919 -0.0026 -0.01023003 0.004522919 -0.0026 -0.01000503 0.004297919 -0.0028 -0.01034584 0.004638734 -0.00215 -0.01091489 0.005207786 -0.00215 -0.01147708 0.005769975 -0.0026 -0.01170208 0.005994975 -0.0028 -0.01136127 0.00565416 -0.00215 -0.01091489 0.005207786 -0.00214 -0.01136127 0.00565416 -0.00214 -0.01170208 0.005994975 -0.0026 -0.01099498 0.006702082 -0.0026 -0.01099498 0.006702082 -0.0028 -0.01076998 0.006477082 -0.0026 -0.01065416 0.006361267 -0.00215 -0.01020779 0.005914893 -0.00215 -0.01065416 0.006361267 -0.00214 -0.01020779 0.005914893 -0.00214 -0.00952292 0.005230026 -0.0026 -0.009297919 0.005005026 -0.0028 -0.009638734 0.00534584 -0.00215 -0.009297919 0.005005026 -0.0026 0.001994975 0.001297918 -0.0026 0.001769975 0.001522919 -0.0026 0.001994975 0.001297918 -0.0028 0.00165416 0.001638733 -0.00215 0.001085107 0.002207786 -0.00215 0.0005229188 0.002769975 -0.0026 0.0002979185 0.002994975 -0.0028 0.0006387334 0.00265416 -0.00215 0.001085107 0.002207786 -0.00214 0.0006387334 0.00265416 -0.00214 0.0002979185 0.002994975 -0.0026 0.001005025 0.003702082 -0.0026 0.001005025 0.003702082 -0.0028 0.001230026 0.003477081 -0.0026 0.00134584 0.003361267 -0.00215 0.001792214 0.002914893 -0.00215 0.00134584 0.003361267 -0.00214 0.001792214 0.002914893 -0.00214 0.002477081 0.002230026 -0.0026 0.002702082 0.002005025 -0.0028 0.002361267 0.00234584 -0.00215 0.002702082 0.002005025 -0.0026 0.01099498 -0.007702082 -0.0026 0.01076998 -0.007477082 -0.0026 0.01099498 -0.007702082 -0.0028 0.01065416 -0.007361267 -0.00215 0.01008511 -0.006792214 -0.00215 0.00952292 -0.006230026 -0.0026 0.009297919 -0.006005025 -0.0028 0.009638734 -0.00634584 -0.00215 0.01008511 -0.006792214 -0.00214 0.009638734 -0.00634584 -0.00214 0.009297919 -0.006005025 -0.0026 0.01000503 -0.005297919 -0.0026 0.01000503 -0.005297919 -0.0028 0.01023003 -0.005522919 -0.0026 0.01034584 -0.005638734 -0.00215 0.01079221 -0.006085107 -0.00215 0.01034584 -0.005638734 -0.00214 0.01079221 -0.006085107 -0.00214 0.01147708 -0.006769975 -0.0026 0.01170208 -0.006994975 -0.0028 0.01136127 -0.006654161 -0.00215 0.01170208 -0.006994975 -0.0026</float_array>
          <technique_common>
            <accessor count="1392" source="#pos_0-array" stride="3"><param type="float" name="X"/><param type="float" name="Y"/><param type="float" name="Z"/></accessor></technique_common>
        </source>
        <vertices id="vert_0">
          <input semantic="POSITION" source="#pos_0"/>
        </vertices>
        <triangles count="1919" material="mat_0">
          <input semantic="VERTEX" source="#vert_0" offset="0"/>
          <p>0 1 2 2 1 3 4 5 6 2 3 5 3 7 5 5 8 6 7 8 5 3 9 7 10 11 3 3 11 9 7 12 8 13 14 15 16 1 14 17 18 16 16 18 1 1 19 14 14 20 15 19 20 14 1 0 19 19 21 20 12 13 8 8 13 15 21 4 20 20 4 6 21 5 4 21 19 5 2 19 0 5 19 2 14 9 16 14 7 9 22 23 24 24 23 25 26 27 28 22 24 27 24 29 27 27 30 28 29 30 27 24 31 29 32 33 24 24 33 31 29 34 30 35 36 37 38 25 36 39 40 38 38 40 25 25 41 36 36 42 37 41 42 36 25 23 41 41 43 42 34 35 30 30 35 37 36 35 29 29 35 34 43 26 42 42 26 28 43 27 26 43 41 27 22 41 23 27 41 22 38 29 31 36 29 38 44 45 46 46 45 47 48 49 50 46 47 49 47 51 49 49 52 50 51 52 49 47 53 51 54 55 47 47 55 53 51 56 52 57 58 59 60 45 58 61 62 60 60 62 45 45 63 58 58 64 59 63 64 58 45 44 63 63 65 64 56 57 52 52 57 59 51 57 56 51 58 57 65 48 64 64 48 50 65 49 48 65 63 49 46 63 44 49 63 46 60 51 53 58 51 60 66 67 68 68 67 69 70 71 72 66 68 71 68 73 71 71 74 72 73 74 71 68 75 73 76 77 68 68 77 75 73 78 74 79 80 81 82 69 80 83 84 82 82 84 69 69 85 80 80 86 81 85 86 80 69 67 85 85 87 86 78 79 74 74 79 81 80 79 73 73 79 78 87 71 70 87 85 71 66 85 67 71 85 66 82 73 75 80 73 82 88 89 90 90 89 91 92 93 94 88 90 93 90 95 93 93 96 94 95 96 93 90 97 95 98 99 90 90 99 97 95 100 96 101 102 103 104 91 102 105 106 104 104 106 91 91 107 102 102 108 103 107 108 102 91 89 107 107 109 108 100 101 96 96 101 103 102 101 95 95 101 100 109 92 108 108 92 94 109 93 92 109 107 93 88 107 89 93 107 88 104 95 97 102 95 104 110 111 112 112 111 113 114 115 116 112 113 115 113 117 115 115 118 116 117 118 115 119 120 113 113 120 117 119 121 120 117 122 118 123 124 125 126 111 124 127 128 126 126 128 111 111 129 124 124 130 125 129 130 124 111 110 129 129 131 130 122 123 118 118 123 125 131 114 130 130 114 116 131 115 114 131 129 115 112 129 110 115 129 112 126 117 120 124 117 126 132 133 134 134 133 135 136 137 138 134 135 137 135 139 137 137 140 138 139 140 137 141 142 135 135 142 139 141 143 142 139 144 140 145 146 147 148 133 146 149 150 148 148 150 133 133 151 146 146 152 147 151 152 146 133 132 151 151 153 152 139 145 144 139 146 145 153 136 152 152 136 138 153 137 136 153 151 137 134 151 132 137 151 134 148 139 142 146 139 148 154 155 156 156 155 157 158 159 160 156 157 159 157 161 159 159 162 160 161 162 159 157 163 161 164 165 157 157 165 163 161 166 162 167 168 169 170 155 168 171 172 170 170 172 155 155 173 168 168 174 169 173 174 168 155 154 173 173 175 174 166 167 162 162 167 169 161 167 166 161 168 167 175 158 174 174 158 160 175 159 158 175 173 159 156 173 154 159 173 156 168 163 170 168 161 163 176 177 178 178 177 179 180 181 182 178 179 181 179 183 181 181 184 182 183 184 181 179 185 183 186 187 179 179 187 185 183 188 184 189 190 191 192 177 190 193 194 192 192 194 177 177 195 190 190 196 191 195 196 190 177 176 195 195 197 196 188 189 184 184 189 191 188 190 189 183 190 188 197 180 196 196 180 182 197 181 180 197 195 181 192 183 185 190 183 192 198 199 200 200 199 201 202 203 204 200 201 203 201 205 203 203 206 204 205 206 203 201 207 205 208 209 201 201 209 207 205 210 206 211 212 213 214 199 212 215 216 214 214 216 199 199 217 212 212 218 213 217 218 212 199 198 217 217 219 218 210 211 206 206 211 213 210 212 211 205 212 210 219 202 218 218 202 204 219 203 202 219 217 203 200 217 198 203 217 200 214 205 207 212 205 214 220 221 222 222 221 223 224 225 226 222 223 225 223 227 225 225 228 226 227 228 225 229 230 223 223 230 227 229 231 230 227 232 228 233 234 235 236 221 234 237 238 236 236 238 221 221 239 234 234 240 235 239 240 234 221 220 239 239 241 240 232 233 228 228 233 235 227 233 232 227 234 233 241 224 240 240 224 226 241 225 224 241 239 225 222 239 220 225 239 222 236 227 230 234 227 236 242 243 244 244 243 245 246 247 248 244 245 247 245 249 247 247 250 248 249 250 247 245 251 249 252 253 245 245 253 251 249 254 250 255 256 257 258 243 256 259 260 258 258 260 243 243 261 256 256 262 257 261 262 256 243 242 261 261 263 262 254 255 250 250 255 257 254 256 255 249 256 254 263 247 246 263 261 247 244 261 242 247 261 244 258 249 251 256 249 258 264 265 266 266 265 267 268 269 270 266 267 269 267 271 269 269 272 270 271 272 269 267 273 271 274 275 267 267 275 273 271 276 272 277 278 279 280 265 278 281 282 280 280 282 265 265 283 278 278 284 279 283 284 278 265 264 283 283 285 284 276 277 272 272 277 279 276 278 277 271 278 276 285 268 284 284 268 270 285 269 268 285 283 269 266 283 264 269 283 266 280 271 273 278 271 280 286 287 288 288 287 289 290 291 292 288 289 291 289 293 291 291 294 292 293 294 291 289 295 293 296 297 289 289 297 295 293 298 294 299 300 301 302 287 300 303 304 302 302 304 287 287 305 300 300 306 301 305 306 300 287 286 305 305 307 306 293 299 298 293 300 299 307 290 306 306 290 292 307 291 290 307 305 291 288 305 286 291 305 288 302 293 295 300 293 302 308 309 310 310 309 311 312 313 314 310 311 313 311 315 313 313 316 314 315 316 313 311 317 315 318 319 311 311 319 317 315 320 316 321 322 323 324 309 322 325 326 324 324 326 309 309 327 322 322 328 323 327 328 322 309 308 327 327 329 328 320 321 316 316 321 323 315 321 320 315 322 321 329 312 328 328 312 314 329 313 312 329 327 313 310 327 308 313 327 310 324 315 317 322 315 324 330 331 332 332 331 333 334 335 336 332 333 335 333 337 335 335 338 336 337 338 335 333 339 337 340 341 333 333 341 339 337 342 338 343 344 345 346 331 344 347 348 346 346 348 331 331 349 344 344 350 345 349 350 344 331 330 349 349 351 350 342 343 338 338 343 345 337 343 342 337 344 343 351 334 350 350 334 336 334 351 349 334 349 335 346 337 339 344 337 346 352 353 354 354 353 355 356 357 358 354 355 357 355 359 357 357 360 358 359 360 357 355 361 359 362 363 355 355 363 361 359 364 360 364 365 360 360 365 366 356 367 368 356 368 357 354 368 352 357 368 354 369 359 361 370 359 369 371 372 373 373 372 374 375 376 377 373 374 376 374 378 376 376 379 377 378 379 376 374 380 378 381 382 374 374 382 380 378 383 379 384 385 386 387 372 385 388 389 387 387 389 372 372 390 385 385 391 386 390 391 385 372 371 390 390 392 391 383 384 379 379 384 386 383 385 384 378 385 383 392 375 391 391 375 377 373 390 371 376 390 373 393 394 395 395 394 396 397 398 399 395 396 398 396 400 398 398 401 399 400 401 398 402 403 396 396 403 400 402 404 403 400 405 401 406 407 408 409 394 407 410 411 409 409 411 394 394 412 407 407 413 408 412 413 407 394 393 412 412 414 413 405 406 401 401 406 408 400 406 405 400 407 406 414 397 413 413 397 399 397 414 412 397 412 398 409 400 403 407 400 409 415 416 417 417 416 418 419 420 421 417 418 420 418 422 420 420 423 421 422 423 420 418 424 422 425 426 418 418 426 424 422 427 423 428 429 430 431 416 429 432 433 431 431 433 416 416 434 429 429 435 430 434 435 429 416 415 434 434 436 435 427 428 423 423 428 430 427 429 428 422 429 427 436 419 435 435 419 421 417 434 415 420 434 417 431 422 424 429 422 431 437 438 439 439 438 440 441 442 443 439 440 442 440 444 442 442 445 443 444 445 442 440 446 444 447 448 440 440 448 446 444 449 445 449 450 445 445 450 451 449 452 450 444 452 449 453 441 454 454 441 443 439 455 437 442 455 439 456 444 446 452 444 456 457 458 459 459 458 460 461 462 463 459 460 462 460 464 462 462 465 463 464 465 462 460 466 464 467 468 460 460 468 466 464 469 465 470 471 472 473 458 471 474 475 473 473 475 458 458 476 471 471 477 472 476 477 471 458 457 476 476 478 477 469 470 465 465 470 472 464 470 469 464 471 470 478 461 477 477 461 463 461 478 476 461 476 462 459 476 457 462 476 459 473 464 466 471 464 473 479 480 481 481 480 482 483 484 485 481 482 484 482 486 484 484 487 485 486 487 484 482 488 486 489 490 482 482 490 488 486 491 487 492 493 494 495 480 493 496 497 495 495 497 480 480 498 493 493 499 494 498 499 493 480 479 498 498 500 499 491 492 487 487 492 494 486 492 491 486 493 492 500 483 499 499 483 485 483 500 498 483 498 484 481 498 479 484 498 481 495 486 488 493 486 495 501 502 503 503 502 504 505 506 507 503 504 506 504 508 506 506 509 507 508 509 506 504 510 508 511 512 504 504 512 510 508 513 509 514 515 516 517 502 515 518 519 517 517 519 502 502 520 515 515 521 516 520 521 515 502 501 520 520 522 521 513 514 509 509 514 516 513 515 514 508 515 513 522 505 521 521 505 507 522 520 506 505 522 506 503 520 501 506 520 503 517 508 510 515 508 517 523 524 525 525 524 526 527 528 529 523 525 528 525 530 528 528 531 529 530 531 528 525 532 530 533 534 525 525 534 532 530 535 531 536 537 538 539 526 537 540 541 539 539 541 526 526 542 537 537 543 538 542 543 537 526 524 542 542 544 543 535 536 531 531 536 538 537 536 530 530 536 535 544 527 543 543 527 529 544 542 528 527 544 528 523 542 524 528 542 523 539 530 532 537 530 539 545 546 547 547 546 548 549 550 551 545 547 550 547 552 550 550 553 551 552 553 550 547 554 552 555 556 547 547 556 554 552 557 553 558 559 560 561 548 559 562 563 561 561 563 548 548 564 559 559 565 560 564 565 559 548 546 564 564 566 565 557 558 553 553 558 560 559 558 552 552 558 557 566 549 565 565 549 551 566 564 550 549 566 550 545 564 546 550 564 545 561 552 554 559 552 561 567 568 569 569 568 570 571 572 573 569 570 572 570 574 572 572 575 573 574 575 572 570 576 574 577 578 570 570 578 576 574 579 575 580 581 582 583 568 581 584 585 583 583 585 568 568 586 581 581 587 582 586 587 581 568 567 586 586 588 587 579 580 575 575 580 582 579 581 580 574 581 579 588 571 587 587 571 573 588 586 572 571 588 572 569 586 567 572 586 569 589 590 591 591 590 592 593 594 595 589 591 594 591 596 594 594 597 595 596 597 594 591 598 596 599 600 591 591 600 598 596 601 597 602 603 604 605 592 603 606 607 605 605 607 592 592 608 603 603 609 604 608 609 603 592 590 608 608 610 609 601 602 597 597 602 604 603 602 596 596 602 601 610 593 609 609 593 595 610 608 594 593 610 594 589 608 590 594 608 589 605 596 598 603 596 605 611 612 613 613 612 614 615 616 617 613 614 616 614 618 616 616 619 617 618 619 616 620 621 614 614 621 618 620 622 621 618 623 619 624 625 626 627 612 625 628 629 627 627 629 612 612 630 625 625 631 626 630 631 625 612 611 630 630 632 631 623 624 619 619 624 626 623 625 624 618 625 623 632 615 631 631 615 617 632 630 616 615 632 616 627 618 621 625 618 627 633 634 635 635 634 636 637 638 639 635 636 638 636 640 638 638 641 639 640 641 638 642 643 636 636 643 640 642 644 643 640 645 641 646 647 648 649 634 647 650 651 649 649 651 634 634 652 647 647 653 648 652 653 647 634 633 652 652 654 653 645 646 641 641 646 648 645 647 646 640 647 645 654 637 653 653 637 639 654 652 638 637 654 638 635 652 633 638 652 635 649 640 643 647 640 649 655 656 657 657 656 658 659 660 661 657 658 660 658 662 660 660 663 661 662 663 660 658 664 662 665 666 658 658 666 664 662 667 663 667 668 663 663 668 669 662 668 667 662 670 668 671 659 672 672 659 661 659 671 673 659 673 660 657 673 655 660 673 657 674 662 664 670 662 674 675 676 677 677 676 678 679 680 681 677 678 680 678 682 680 680 683 681 682 683 680 678 684 682 685 686 678 678 686 684 682 687 683 688 689 690 691 676 689 692 693 691 691 693 676 676 694 689 689 695 690 694 695 689 676 675 694 694 696 695 687 688 683 683 688 690 687 689 688 682 689 687 696 679 695 695 679 681 679 696 694 679 694 680 677 694 675 680 694 677 691 682 684 689 682 691 697 698 699 699 698 700 701 702 703 699 700 702 700 704 702 702 705 703 704 705 702 700 706 704 707 708 700 700 708 706 704 709 705 710 711 712 713 698 711 714 715 713 713 715 698 698 716 711 711 717 712 716 717 711 698 697 716 716 718 717 709 710 705 705 710 712 709 711 710 704 711 709 718 701 717 717 701 703 701 718 716 701 716 702 699 716 697 702 716 699 713 704 706 711 704 713 719 720 721 721 720 722 723 724 725 721 722 724 722 726 724 724 727 725 726 727 724 722 728 726 729 730 722 722 730 728 726 731 727 732 733 734 735 720 733 736 737 735 735 737 720 720 738 733 733 739 734 738 739 733 720 719 738 738 740 739 731 732 727 727 732 734 726 732 731 726 733 732 740 723 739 739 723 725 723 740 738 723 738 724 735 726 728 733 726 735 741 742 743 743 742 744 745 746 747 743 744 746 744 748 746 746 749 747 748 749 746 744 750 748 751 752 744 744 752 750 748 753 749 754 755 756 757 742 755 758 759 757 757 759 742 742 760 755 755 761 756 760 761 755 742 741 760 760 762 761 753 754 749 749 754 756 753 755 754 748 755 753 762 745 761 761 745 747 745 762 760 745 760 746 743 760 741 746 760 743 757 748 750 755 748 757 763 764 765 765 764 766 767 768 769 765 766 768 766 770 768 768 771 769 770 771 768 766 772 770 773 774 766 766 774 772 770 775 771 776 777 778 779 764 777 780 781 779 779 781 764 764 782 777 777 783 778 782 783 777 764 763 782 782 784 783 775 776 771 771 776 778 775 777 776 770 777 775 784 767 783 783 767 769 767 784 782 767 782 768 765 782 763 768 782 765 779 770 772 777 770 779 785 786 787 787 786 788 789 790 791 787 788 790 788 792 790 790 793 791 792 793 790 794 795 788 788 795 792 794 796 795 792 797 793 798 799 800 801 786 799 802 803 801 801 803 786 786 804 799 799 805 800 804 805 799 786 785 804 804 806 805 797 798 793 793 798 800 792 798 797 792 799 798 806 789 805 805 789 791 787 804 785 790 804 787 807 808 809 809 808 810 811 812 813 809 810 812 810 814 812 812 815 813 814 815 812 816 817 810 810 817 814 816 818 817 814 819 815 820 821 822 823 808 821 824 825 823 823 825 808 808 826 821 821 827 822 826 827 821 808 807 826 826 828 827 819 820 815 815 820 822 814 820 819 814 821 820 828 811 827 827 811 813 811 828 826 811 826 812 809 826 807 812 826 809 823 814 817 821 814 823 829 830 831 831 830 832 833 834 835 831 832 834 832 836 834 834 837 835 836 837 834 832 838 836 839 840 832 832 840 838 836 841 837 842 843 844 845 830 843 846 847 845 845 847 830 830 848 843 843 849 844 848 849 843 830 829 848 848 850 849 841 842 837 837 842 844 836 842 841 836 843 842 850 833 849 849 833 835 833 850 848 833 848 834 831 848 829 834 848 831 843 838 845 843 836 838 851 852 853 853 852 854 855 856 857 853 854 856 854 858 856 856 859 857 858 859 856 854 860 858 861 862 854 854 862 860 858 863 859 864 865 866 867 852 865 868 869 867 867 869 852 852 870 865 865 871 866 870 871 865 852 851 870 870 872 871 863 864 859 859 864 866 863 865 864 858 865 863 872 855 871 871 855 857 855 872 870 855 870 856 853 870 851 856 870 853 867 858 860 865 858 867 873 874 875 875 874 876 877 878 879 875 876 878 876 880 878 878 881 879 880 881 878 876 882 880 883 884 876 876 884 882 880 885 881 886 887 888 889 874 887 890 891 889 889 891 874 874 892 887 887 893 888 892 893 887 874 873 892 892 894 893 885 886 881 881 886 888 885 887 886 880 887 885 877 894 892 877 892 878 875 892 873 878 892 875 889 880 882 887 880 889 895 896 897 897 896 898 899 900 901 897 898 900 898 902 900 900 903 901 902 903 900 904 905 898 898 905 902 904 906 905 902 907 903 908 909 910 911 896 909 912 913 911 911 913 896 896 914 909 909 915 910 914 915 909 896 895 914 914 916 915 907 908 903 903 908 910 902 908 907 902 909 908 916 899 915 915 899 901 899 916 914 899 914 900 897 914 895 900 914 897 911 902 905 909 902 911 917 918 919 919 918 920 921 922 923 919 920 922 920 924 922 922 925 923 924 925 922 920 926 924 927 928 920 920 928 926 924 929 925 930 931 932 933 918 931 934 935 933 933 935 918 918 936 931 931 937 932 936 937 931 918 917 936 936 938 937 929 930 925 925 930 932 929 931 930 924 931 929 938 921 937 937 921 923 921 938 936 921 936 922 919 936 917 922 936 919 933 924 926 931 924 933 939 940 941 941 940 942 943 944 945 941 942 944 942 946 944 944 947 945 946 947 944 942 948 946 949 950 942 942 950 948 946 951 947 952 953 954 955 940 953 956 957 955 955 957 940 940 958 953 953 959 954 958 959 953 940 939 958 958 960 959 951 952 947 947 952 954 951 953 952 946 953 951 960 943 959 959 943 945 943 960 958 943 958 944 941 958 939 944 958 941 955 946 948 953 946 955 961 962 963 963 962 964 965 966 967 963 964 966 964 968 966 966 969 967 968 969 966 964 970 968 971 972 964 964 972 970 968 973 969 974 975 976 977 962 975 978 979 977 977 979 962 962 980 975 975 981 976 980 981 975 962 961 980 980 982 981 973 974 969 969 974 976 968 974 973 968 975 974 982 965 981 981 965 967 965 982 980 965 980 966 963 980 961 966 980 963 977 968 970 975 968 977 983 984 985 985 984 986 987 988 989 985 986 988 986 990 988 988 991 989 990 991 988 986 992 990 993 994 986 986 994 992 990 995 991 996 997 998 999 984 997 1000 1001 999 999 1001 984 984 1002 997 997 1003 998 1002 1003 997 984 983 1002 1002 1004 1003 995 996 991 991 996 998 1004 987 1003 1003 987 989 985 1002 983 988 1002 985 999 990 992 997 990 999 1005 1006 1007 1007 1006 1008 1009 1010 1011 1007 1008 1010 1008 1012 1010 1010 1013 1011 1012 1013 1010 1008 1014 1012 1015 1016 1008 1008 1016 1014 1012 1017 1013 1018 1019 1020 1021 1006 1019 1022 1023 1021 1021 1023 1006 1006 1024 1019 1019 1025 1020 1024 1025 1019 1006 1005 1024 1024 1026 1025 1017 1018 1013 1013 1018 1020 1019 1018 1012 1012 1018 1017 1026 1009 1025 1025 1009 1011 1026 1024 1010 1009 1026 1010 1007 1024 1005 1010 1024 1007 1019 1014 1021 1019 1012 1014 1027 1028 1029 1029 1028 1030 1031 1032 1033 1027 1029 1032 1029 1034 1032 1032 1035 1033 1034 1035 1032 1029 1036 1034 1037 1038 1029 1029 1038 1036 1034 1039 1035 1040 1041 1042 1043 1030 1041 1044 1045 1043 1043 1045 1030 1030 1046 1041 1041 1047 1042 1046 1047 1041 1030 1028 1046 1046 1048 1047 1039 1040 1035 1035 1040 1042 1034 1041 1039 1041 1040 1039 1048 1031 1047 1047 1031 1033 1048 1046 1032 1031 1048 1032 1027 1046 1028 1032 1046 1027 1041 1036 1043 1041 1034 1036 1049 1050 1051 1051 1050 1052 1053 1054 1055 1049 1051 1054 1051 1056 1054 1054 1057 1055 1056 1057 1054 1051 1058 1056 1059 1060 1051 1051 1060 1058 1056 1061 1057 1062 1063 1064 1065 1052 1063 1066 1067 1065 1065 1067 1052 1052 1068 1063 1063 1069 1064 1068 1069 1063 1052 1050 1068 1068 1070 1069 1061 1062 1057 1057 1062 1064 1070 1053 1069 1069 1053 1055 1070 1068 1054 1053 1070 1054 1049 1068 1050 1054 1068 1049 1065 1056 1058 1063 1056 1065 1071 1072 1073 1073 1072 1074 1075 1076 1077 1073 1074 1076 1074 1078 1076 1076 1079 1077 1078 1079 1076 1080 1081 1074 1074 1081 1078 1080 1082 1081 1078 1083 1079 1084 1085 1086 1087 1072 1085 1088 1089 1087 1087 1089 1072 1072 1090 1085 1085 1091 1086 1090 1091 1085 1072 1071 1090 1090 1092 1091 1085 1084 1078 1078 1084 1083 1092 1075 1091 1091 1075 1077 1092 1090 1076 1075 1092 1076 1073 1090 1071 1076 1090 1073 1087 1078 1081 1085 1078 1087 1093 1094 1095 1095 1094 1096 1097 1098 1099 1093 1095 1098 1095 1100 1098 1098 1101 1099 1100 1101 1098 1095 1102 1100 1103 1104 1095 1095 1104 1102 1100 1105 1101 1106 1107 1108 1109 1096 1107 1110 1111 1109 1109 1111 1096 1096 1112 1107 1107 1113 1108 1112 1113 1107 1096 1094 1112 1112 1114 1113 1105 1106 1101 1101 1106 1108 1100 1107 1105 1107 1106 1105 1114 1097 1113 1113 1097 1099 1093 1112 1094 1098 1112 1093 1107 1102 1109 1107 1100 1102 1115 1116 1117 1117 1116 1118 1119 1120 1121 1122 1118 1120 1123 1124 1122 1122 1124 1118 1118 1125 1120 1120 1126 1121 1125 1126 1120 1118 1116 1125 1125 1127 1126 1128 1119 1129 1129 1119 1121 1130 1120 1128 1120 1119 1128 1127 1131 1126 1126 1131 1132 1127 1125 1133 1131 1127 1133 1115 1125 1116 1133 1125 1115 1120 1134 1122 1120 1130 1134 1135 1136 1137 1137 1136 1138 1139 1140 1141 1137 1138 1140 1138 1142 1140 1140 1143 1141 1142 1143 1140 1138 1144 1142 1145 1146 1138 1138 1146 1144 1142 1147 1143 1148 1149 1150 1151 1136 1149 1152 1153 1151 1151 1153 1136 1136 1154 1149 1149 1155 1150 1154 1155 1149 1136 1135 1154 1154 1156 1155 1147 1148 1143 1143 1148 1150 1149 1148 1142 1142 1148 1147 1156 1139 1155 1155 1139 1141 1156 1154 1140 1139 1156 1140 1137 1154 1135 1140 1154 1137 1149 1144 1151 1149 1142 1144 1157 1158 1159 1159 1158 1160 1161 1162 1163 1159 1160 1162 1160 1164 1162 1162 1165 1163 1164 1165 1162 1160 1166 1164 1167 1168 1160 1160 1168 1166 1164 1169 1165 1170 1171 1172 1173 1158 1171 1174 1175 1173 1173 1175 1158 1158 1176 1171 1171 1177 1172 1176 1177 1171 1158 1157 1176 1176 1178 1177 1169 1170 1165 1165 1170 1172 1178 1161 1177 1177 1161 1163 1178 1176 1162 1161 1178 1162 1159 1176 1157 1162 1176 1159 1171 1166 1173 1171 1164 1166 1179 1180 1181 1181 1180 1182 1183 1184 1185 1181 1182 1184 1182 1186 1184 1184 1187 1185 1186 1187 1184 1182 1188 1186 1189 1190 1182 1182 1190 1188 1186 1191 1187 1192 1193 1194 1195 1180 1193 1196 1197 1195 1195 1197 1180 1180 1198 1193 1193 1199 1194 1198 1199 1193 1180 1179 1198 1198 1200 1199 1191 1192 1187 1187 1192 1194 1186 1192 1191 1186 1193 1192 1200 1183 1199 1199 1183 1185 1200 1184 1183 1200 1198 1184 1181 1198 1179 1184 1198 1181 1193 1188 1195 1193 1186 1188 1201 1202 1203 1203 1202 1204 1205 1206 1207 1208 1204 1206 1209 1210 1208 1208 1210 1204 1204 1211 1206 1206 1212 1207 1211 1212 1206 1204 1202 1211 1211 1213 1212 1206 1205 1214 1214 1205 1215 1213 1216 1212 1212 1216 1217 1213 1218 1216 1213 1211 1218 1201 1211 1202 1218 1211 1201 1208 1214 1219 1206 1214 1208 1220 1221 1222 1222 1221 1223 1224 1225 1226 1220 1222 1225 1222 1227 1225 1225 1228 1226 1227 1228 1225 1222 1229 1227 1230 1231 1222 1222 1231 1229 1227 1232 1228 1233 1234 1235 1236 1223 1234 1237 1238 1236 1236 1238 1223 1223 1239 1234 1234 1240 1235 1239 1240 1234 1223 1221 1239 1239 1241 1240 1232 1233 1228 1228 1233 1235 1234 1233 1227 1227 1233 1232 1241 1224 1240 1240 1224 1226 1241 1225 1224 1241 1239 1225 1220 1239 1221 1225 1239 1220 1236 1227 1229 1234 1227 1236 1242 1243 1244 1244 1243 1245 1246 1247 1248 1249 1243 1247 1250 1251 1249 1249 1251 1243 1243 1252 1247 1247 1253 1248 1252 1253 1247 1243 1242 1252 1252 1254 1253 1255 1246 1256 1256 1246 1248 1257 1246 1255 1257 1247 1246 1254 1258 1253 1253 1258 1259 1254 1260 1258 1254 1252 1260 1244 1252 1242 1260 1252 1244 1249 1257 1261 1247 1257 1249 1262 1263 1264 1264 1263 1265 1266 1267 1268 1262 1264 1267 1264 1269 1267 1267 1270 1268 1269 1270 1267 1264 1271 1269 1272 1273 1264 1264 1273 1271 1269 1274 1270 1274 1275 1270 1270 1275 1276 1277 1275 1269 1269 1275 1274 1278 1266 1279 1279 1266 1268 1278 1267 1266 1278 1280 1267 1262 1280 1263 1267 1280 1262 1281 1269 1271 1277 1269 1281 1282 1283 1284 1284 1283 1285 1286 1287 1288 1284 1285 1287 1285 1289 1287 1287 1290 1288 1289 1290 1287 1291 1292 1285 1285 1292 1289 1291 1293 1292 1289 1294 1290 1295 1296 1297 1298 1283 1296 1299 1300 1298 1298 1300 1283 1283 1301 1296 1296 1302 1297 1301 1302 1296 1283 1282 1301 1301 1303 1302 1289 1295 1294 1289 1296 1295 1303 1286 1302 1302 1286 1288 1303 1287 1286 1303 1301 1287 1284 1301 1282 1287 1301 1284 1298 1289 1292 1296 1289 1298 1304 1305 1306 1306 1305 1307 1308 1309 1310 1306 1307 1309 1307 1311 1309 1309 1312 1310 1311 1312 1309 1313 1314 1307 1307 1314 1311 1313 1315 1314 1311 1316 1312 1317 1318 1319 1320 1305 1318 1321 1322 1320 1320 1322 1305 1305 1323 1318 1318 1324 1319 1323 1324 1318 1305 1304 1323 1323 1325 1324 1316 1317 1312 1312 1317 1319 1311 1317 1316 1311 1318 1317 1325 1308 1324 1324 1308 1310 1325 1309 1308 1325 1323 1309 1320 1311 1314 1318 1311 1320 1326 1327 1328 1329 1330 1327 1330 1331 1327 1327 1332 1328 1331 1332 1327 1330 1333 1331 1334 1335 1330 1330 1335 1333 1331 1336 1332 1336 1337 1332 1332 1337 1338 1337 1339 1338 1340 1341 1339 1342 1343 1340 1340 1343 1341 1341 1344 1339 1339 1345 1338 1344 1345 1339 1341 1346 1344 1344 1347 1345 1339 1337 1331 1331 1337 1336 1347 1326 1345 1345 1326 1328 1347 1327 1326 1347 1344 1327 1329 1344 1346 1327 1344 1329 1340 1331 1333 1339 1331 1340 1348 1349 1350 1351 1352 1349 1352 1353 1349 1349 1354 1350 1353 1354 1349 1352 1355 1353 1356 1357 1352 1352 1357 1355 1353 1358 1354 1358 1359 1354 1354 1359 1360 1359 1361 1360 1362 1363 1361 1364 1365 1362 1362 1365 1363 1363 1366 1361 1361 1367 1360 1366 1367 1361 1363 1368 1366 1366 1369 1367 1361 1359 1353 1353 1359 1358 1369 1348 1367 1367 1348 1350 1369 1366 1349 1348 1369 1349 1351 1366 1368 1349 1366 1351 1362 1353 1355 1361 1353 1362 1370 1371 1372 1373 1374 1371 1374 1375 1371 1371 1376 1372 1375 1376 1371 1374 1377 1375 1378 1379 1374 1374 1379 1377 1375 1380 1376 1380 1381 1376 1376 1381 1382 1381 1383 1382 1384 1385 1383 1386 1387 1384 1384 1387 1385 1385 1388 1383 1383 1389 1382 1388 1389 1383 1385 1390 1388 1388 1391 1389 1383 1381 1375 1375 1381 1380 1391 1370 1389 1389 1370 1372 1391 1371 1370 1391 1388 1371 1373 1388 1390 1371 1388 1373 1384 1375 1377 1383 1375 1384</p>
        </triangles>
      </mesh>
    </geometry>
    <geometry id="geometry_7c8e47c4_e335_4ca7_bff0_14074acfd1d2" name="">
      <mesh>
        <source id="pos_1">
          <float_array id="pos_1-array" count="2268">-0.01032972 -0.008834748 -0.0007 -0.009757538 -0.009252514 -0.0004 -0.009834748 -0.009329723 -0.0007 -0.01025251 -0.008757538 -0.0004 -0.01116525 -0.009670278 -0.0007 -0.01067028 -0.01016525 -0.0007 -0.01074749 -0.01024246 -0.0004 -0.01124246 -0.009747487 -0.0004 -0.01124246 -0.009747487 -0.0002 -0.01025251 -0.008757538 -0.0002 -0.009757538 -0.009252514 -0.0002 -0.01074749 -0.01024246 -0.0002 -0.01032972 -0.005834748 -0.0007 -0.009757538 -0.006252513 -0.0004 -0.009834748 -0.006329723 -0.0007 -0.01025251 -0.005757538 -0.0004 -0.01116525 -0.006670278 -0.0007 -0.01067028 -0.007165253 -0.0007 -0.01074749 -0.007242463 -0.0004 -0.01124246 -0.006747488 -0.0004 -0.01124246 -0.006747488 -0.0002 -0.01025251 -0.005757538 -0.0002 -0.009757538 -0.006252513 -0.0002 -0.01074749 -0.007242463 -0.0002 -0.01032972 -0.002834748 -0.0007 -0.009757538 -0.003252513 -0.0004 -0.009834748 -0.003329723 -0.0007 -0.01025251 -0.002757538 -0.0004 -0.01116525 -0.003670278 -0.0007 -0.01067028 -0.004165252 -0.0007 -0.01074749 -0.004242463 -0.0004 -0.01124246 -0.003747487 -0.0004 -0.01124246 -0.003747487 -0.0002 -0.01025251 -0.002757538 -0.0002 -0.009757538 -0.003252513 -0.0002 -0.01074749 -0.004242463 -0.0002 -0.01032972 0.0001652524 -0.0007 -0.009757538 -0.0002525126 -0.0004 -0.009834748 -0.0003297224 -0.0007 -0.01025251 0.0002424621 -0.0004 -0.01116525 -0.0006702777 -0.0007 -0.01067028 -0.001165252 -0.0007 -0.01124246 -0.0007474874 -0.0004 -0.01074749 -0.001242462 -0.0004 -0.01124246 -0.0007474874 -0.0002 -0.01025251 0.0002424621 -0.0002 -0.009757538 -0.0002525126 -0.0002 -0.01074749 -0.001242462 -0.0002 -0.01032972 0.003165253 -0.0007 -0.009757538 0.002747488 -0.0004 -0.009834748 0.002670278 -0.0007 -0.01025251 0.003242462 -0.0004 -0.01116525 0.002329723 -0.0007 -0.01067028 0.001834748 -0.0007 -0.01074749 0.001757538 -0.0004 -0.01124246 0.002252513 -0.0004 -0.01124246 0.002252513 -0.0002 -0.01025251 0.003242462 -0.0002 -0.009757538 0.002747488 -0.0002 -0.01074749 0.001757538 -0.0002 -0.01032972 0.006165253 -0.0007 -0.009757538 0.005747488 -0.0004 -0.009834748 0.005670278 -0.0007 -0.01025251 0.006242462 -0.0004 -0.01116525 0.005329723 -0.0007 -0.01067028 0.004834748 -0.0007 -0.01074749 0.004757538 -0.0004 -0.01124246 0.005252513 -0.0004 -0.01124246 0.005252513 -0.0002 -0.01025251 0.006242462 -0.0002 -0.009757538 0.005747488 -0.0002 -0.01074749 0.004757538 -0.0002 -0.01025251 0.009242463 -0.0004 -0.009834748 0.008670278 -0.0007 -0.01032972 0.009165253 -0.0007 -0.009757538 0.008747487 -0.0004 -0.01116525 0.008329723 -0.0007 -0.01067028 0.007834748 -0.0007 -0.01074749 0.007757538 -0.0004 -0.01124246 0.008252514 -0.0004 -0.01124246 0.008252514 -0.0002 -0.01025251 0.009242463 -0.0002 -0.009757538 0.008747487 -0.0002 -0.01074749 0.007757538 -0.0002 -0.01025251 0.01224246 -0.0004 -0.009834748 0.01167028 -0.0007 -0.01032972 0.01216525 -0.0007 -0.009757538 0.01174749 -0.0004 -0.01116525 0.01132972 -0.0007 -0.01067028 0.01083475 -0.0007 -0.01074749 0.01075754 -0.0004 -0.01124246 0.01125251 -0.0004 -0.01124246 0.01125251 -0.0002 -0.01025251 0.01224246 -0.0002 -0.009757538 0.01174749 -0.0002 -0.01074749 0.01075754 -0.0002 -0.007329723 -0.008834748 -0.0007 -0.006757538 -0.009252514 -0.0004 -0.006834748 -0.009329723 -0.0007 -0.007252513 -0.008757538 -0.0004 -0.008165253 -0.009670278 -0.0007 -0.007670278 -0.01016525 -0.0007 -0.007747488 -0.01024246 -0.0004 -0.008242463 -0.009747487 -0.0004 -0.008242463 -0.009747487 -0.0002 -0.007252513 -0.008757538 -0.0002 -0.006757538 -0.009252514 -0.0002 -0.007747488 -0.01024246 -0.0002 -0.007329723 -0.005834748 -0.0007 -0.006757538 -0.006252513 -0.0004 -0.006834748 -0.006329723 -0.0007 -0.007252513 -0.005757538 -0.0004 -0.008165253 -0.006670278 -0.0007 -0.007670278 -0.007165253 -0.0007 -0.007747488 -0.007242463 -0.0004 -0.008242463 -0.006747488 -0.0004 -0.008242463 -0.006747488 -0.0002 -0.007252513 -0.005757538 -0.0002 -0.006757538 -0.006252513 -0.0002 -0.007747488 -0.007242463 -0.0002 -0.007252513 -0.002757538 -0.0004 -0.006834748 -0.003329723 -0.0007 -0.007329723 -0.002834748 -0.0007 -0.006757538 -0.003252513 -0.0004 -0.008165253 -0.003670278 -0.0007 -0.007670278 -0.004165252 -0.0007 -0.007747488 -0.004242463 -0.0004 -0.008242463 -0.003747487 -0.0004 -0.008242463 -0.003747487 -0.0002 -0.007252513 -0.002757538 -0.0002 -0.006757538 -0.003252513 -0.0002 -0.007747488 -0.004242463 -0.0002 -0.007252513 0.0002424621 -0.0004 -0.006834748 -0.0003297224 -0.0007 -0.007329723 0.0001652524 -0.0007 -0.006757538 -0.0002525126 -0.0004 -0.008165253 -0.0006702777 -0.0007 -0.007670278 -0.001165252 -0.0007 -0.007747488 -0.001242462 -0.0004 -0.008242463 -0.0007474874 -0.0004 -0.008242463 -0.0007474874 -0.0002 -0.007252513 0.0002424621 -0.0002 -0.006757538 -0.0002525126 -0.0002 -0.007747488 -0.001242462 -0.0002 -0.007329723 0.003165253 -0.0007 -0.006757538 0.002747488 -0.0004 -0.006834748 0.002670278 -0.0007 -0.007252513 0.003242462 -0.0004 -0.008165253 0.002329723 -0.0007 -0.007670278 0.001834748 -0.0007 -0.007747488 0.001757538 -0.0004 -0.008242463 0.002252513 -0.0004 -0.008242463 0.002252513 -0.0002 -0.007252513 0.003242462 -0.0002 -0.006757538 0.002747488 -0.0002 -0.007747488 0.001757538 -0.0002 -0.007329723 0.006165253 -0.0007 -0.006757538 0.005747488 -0.0004 -0.006834748 0.005670278 -0.0007 -0.007252513 0.006242462 -0.0004 -0.008165253 0.005329723 -0.0007 -0.007670278 0.004834748 -0.0007 -0.007747488 0.004757538 -0.0004 -0.008242463 0.005252513 -0.0004 -0.008242463 0.005252513 -0.0002 -0.007252513 0.006242462 -0.0002 -0.006757538 0.005747488 -0.0002 -0.007747488 0.004757538 -0.0002 -0.007329723 0.009165253 -0.0007 -0.006757538 0.008747487 -0.0004 -0.006834748 0.008670278 -0.0007 -0.007252513 0.009242463 -0.0004 -0.008165253 0.008329723 -0.0007 -0.007670278 0.007834748 -0.0007 -0.007747488 0.007757538 -0.0004 -0.008242463 0.008252514 -0.0004 -0.008242463 0.008252514 -0.0002 -0.007252513 0.009242463 -0.0002 -0.006757538 0.008747487 -0.0002 -0.007747488 0.007757538 -0.0002 -0.007329723 0.01216525 -0.0007 -0.006757538 0.01174749 -0.0004 -0.006834748 0.01167028 -0.0007 -0.007252513 0.01224246 -0.0004 -0.008165253 0.01132972 -0.0007 -0.007670278 0.01083475 -0.0007 -0.007747488 0.01075754 -0.0004 -0.008242463 0.01125251 -0.0004 -0.008242463 0.01125251 -0.0002 -0.007252513 0.01224246 -0.0002 -0.006757538 0.01174749 -0.0002 -0.007747488 0.01075754 -0.0002 -0.004329723 -0.008834748 -0.0007 -0.003757538 -0.009252514 -0.0004 -0.003834748 -0.009329723 -0.0007 -0.004252512 -0.008757538 -0.0004 -0.005165252 -0.009670278 -0.0007 -0.004670278 -0.01016525 -0.0007 -0.004747488 -0.01024246 -0.0004 -0.005242462 -0.009747487 -0.0004 -0.005242462 -0.009747487 -0.0002 -0.004252512 -0.008757538 -0.0002 -0.003757538 -0.009252514 -0.0002 -0.004747488 -0.01024246 -0.0002 -0.004329723 -0.005834748 -0.0007 -0.003757538 -0.006252513 -0.0004 -0.003834748 -0.006329723 -0.0007 -0.004252512 -0.005757538 -0.0004 -0.005165252 -0.006670278 -0.0007 -0.004670278 -0.007165253 -0.0007 -0.005242462 -0.006747488 -0.0004 -0.004747488 -0.007242463 -0.0004 -0.005242462 -0.006747488 -0.0002 -0.004252512 -0.005757538 -0.0002 -0.003757538 -0.006252513 -0.0002 -0.004747488 -0.007242463 -0.0002 -0.004329723 -0.002834748 -0.0007 -0.003757538 -0.003252513 -0.0004 -0.003834748 -0.003329723 -0.0007 -0.004252512 -0.002757538 -0.0004 -0.005165252 -0.003670278 -0.0007 -0.004670278 -0.004165252 -0.0007 -0.004747488 -0.004242463 -0.0004 -0.005242462 -0.003747487 -0.0004 -0.005242462 -0.003747487 -0.0002 -0.004252512 -0.002757538 -0.0002 -0.003757538 -0.003252513 -0.0002 -0.004747488 -0.004242463 -0.0002 -0.004329723 0.0001652524 -0.0007 -0.003757538 -0.0002525126 -0.0004 -0.003834748 -0.0003297224 -0.0007 -0.004252512 0.0002424621 -0.0004 -0.005165252 -0.0006702777 -0.0007 -0.004670278 -0.001165252 -0.0007 -0.005242462 -0.0007474874 -0.0004 -0.004747488 -0.001242462 -0.0004 -0.005242462 -0.0007474874 -0.0002 -0.004252512 0.0002424621 -0.0002 -0.003757538 -0.0002525126 -0.0002 -0.004747488 -0.001242462 -0.0002 -0.004329723 0.003165253 -0.0007 -0.003757538 0.002747488 -0.0004 -0.003834748 0.002670278 -0.0007 -0.004252512 0.003242462 -0.0004 -0.005165252 0.002329723 -0.0007 -0.004670278 0.001834748 -0.0007 -0.004747488 0.001757538 -0.0004 -0.005242462 0.002252513 -0.0004 -0.005242462 0.002252513 -0.0002 -0.004252512 0.003242462 -0.0002 -0.003757538 0.002747488 -0.0002 -0.004747488 0.001757538 -0.0002 -0.004329723 0.006165253 -0.0007 -0.003757538 0.005747488 -0.0004 -0.003834748 0.005670278 -0.0007 -0.004252512 0.006242462 -0.0004 -0.005165252 0.005329723 -0.0007 -0.004670278 0.004834748 -0.0007 -0.005242462 0.005252513 -0.0004 -0.004747488 0.004757538 -0.0004 -0.005242462 0.005252513 -0.0002 -0.004252512 0.006242462 -0.0002 -0.003757538 0.005747488 -0.0002 -0.004747488 0.004757538 -0.0002 -0.004329723 0.009165253 -0.0007 -0.003757538 0.008747487 -0.0004 -0.003834748 0.008670278 -0.0007 -0.004252512 0.009242463 -0.0004 -0.005165252 0.008329723 -0.0007 -0.004670278 0.007834748 -0.0007 -0.004747488 0.007757538 -0.0004 -0.005242462 0.008252514 -0.0004 -0.005242462 0.008252514 -0.0002 -0.004252512 0.009242463 -0.0002 -0.003757538 0.008747487 -0.0002 -0.004747488 0.007757538 -0.0002 -0.004329723 0.01216525 -0.0007 -0.003757538 0.01174749 -0.0004 -0.003834748 0.01167028 -0.0007 -0.004252512 0.01224246 -0.0004 -0.005165252 0.01132972 -0.0007 -0.004670278 0.01083475 -0.0007 -0.004747488 0.01075754 -0.0004 -0.005242462 0.01125251 -0.0004 -0.005242462 0.01125251 -0.0002 -0.004252512 0.01224246 -0.0002 -0.003757538 0.01174749 -0.0002 -0.004747488 0.01075754 -0.0002 -0.001329722 -0.008834748 -0.0007 -0.000757538 -0.009252514 -0.0004 -0.0008347476 -0.009329723 -0.0007 -0.001252513 -0.008757538 -0.0004 -0.002165253 -0.009670278 -0.0007 -0.001670278 -0.01016525 -0.0007 -0.001747487 -0.01024246 -0.0004 -0.002242462 -0.009747487 -0.0004 -0.002242462 -0.009747487 -0.0002 -0.001252513 -0.008757538 -0.0002 -0.000757538 -0.009252514 -0.0002 -0.001747487 -0.01024246 -0.0002 -0.001329722 -0.005834748 -0.0007 -0.000757538 -0.006252513 -0.0004 -0.0008347476 -0.006329723 -0.0007 -0.001252513 -0.005757538 -0.0004 -0.002165253 -0.006670278 -0.0007 -0.001670278 -0.007165253 -0.0007 -0.002242462 -0.006747488 -0.0004 -0.001747487 -0.007242463 -0.0004 -0.002242462 -0.006747488 -0.0002 -0.001252513 -0.005757538 -0.0002 -0.000757538 -0.006252513 -0.0002 -0.001747487 -0.007242463 -0.0002 -0.001329722 -0.002834748 -0.0007 -0.000757538 -0.003252513 -0.0004 -0.0008347476 -0.003329723 -0.0007 -0.001252513 -0.002757538 -0.0004 -0.002165253 -0.003670278 -0.0007 -0.001670278 -0.004165252 -0.0007 -0.002242462 -0.003747487 -0.0004 -0.001747487 -0.004242463 -0.0004 -0.002242462 -0.003747487 -0.0002 -0.001252513 -0.002757538 -0.0002 -0.000757538 -0.003252513 -0.0002 -0.001747487 -0.004242463 -0.0002 -0.001329722 0.0001652524 -0.0007 -0.000757538 -0.0002525126 -0.0004 -0.0008347476 -0.0003297224 -0.0007 -0.001252513 0.0002424621 -0.0004 -0.002165253 -0.0006702777 -0.0007 -0.001670278 -0.001165252 -0.0007 -0.002242462 -0.0007474874 -0.0004 -0.001747487 -0.001242462 -0.0004 -0.002242462 -0.0007474874 -0.0002 -0.001252513 0.0002424621 -0.0002 -0.000757538 -0.0002525126 -0.0002 -0.001747487 -0.001242462 -0.0002 -0.001329722 0.003165253 -0.0007 -0.000757538 0.002747488 -0.0004 -0.0008347476 0.002670278 -0.0007 -0.001252513 0.003242462 -0.0004 -0.002165253 0.002329723 -0.0007 -0.001670278 0.001834748 -0.0007 -0.002242462 0.002252513 -0.0004 -0.001747487 0.001757538 -0.0004 -0.002242462 0.002252513 -0.0002 -0.001252513 0.003242462 -0.0002 -0.000757538 0.002747488 -0.0002 -0.001747487 0.001757538 -0.0002 -0.001329722 0.006165253 -0.0007 -0.000757538 0.005747488 -0.0004 -0.0008347476 0.005670278 -0.0007 -0.001252513 0.006242462 -0.0004 -0.002165253 0.005329723 -0.0007 -0.001670278 0.004834748 -0.0007 -0.002242462 0.005252513 -0.0004 -0.001747487 0.004757538 -0.0004 -0.002242462 0.005252513 -0.0002 -0.001252513 0.006242462 -0.0002 -0.000757538 0.005747488 -0.0002 -0.001747487 0.004757538 -0.0002 -0.001252513 0.009242463 -0.0004 -0.0008347476 0.008670278 -0.0007 -0.001329722 0.009165253 -0.0007 -0.000757538 0.008747487 -0.0004 -0.002165253 0.008329723 -0.0007 -0.001670278 0.007834748 -0.0007 -0.001747487 0.007757538 -0.0004 -0.002242462 0.008252514 -0.0004 -0.002242462 0.008252514 -0.0002 -0.001252513 0.009242463 -0.0002 -0.000757538 0.008747487 -0.0002 -0.001747487 0.007757538 -0.0002 -0.001252513 0.01224246 -0.0004 -0.0008347476 0.01167028 -0.0007 -0.001329722 0.01216525 -0.0007 -0.000757538 0.01174749 -0.0004 -0.002165253 0.01132972 -0.0007 -0.001670278 0.01083475 -0.0007 -0.001747487 0.01075754 -0.0004 -0.002242462 0.01125251 -0.0004 -0.002242462 0.01125251 -0.0002 -0.001252513 0.01224246 -0.0002 -0.000757538 0.01174749 -0.0002 -0.001747487 0.01075754 -0.0002 0.001670278 -0.008834748 -0.0007 0.002242462 -0.009252514 -0.0004 0.002165253 -0.009329723 -0.0007 0.001747487 -0.008757538 -0.0004 0.0008347476 -0.009670278 -0.0007 0.001329722 -0.01016525 -0.0007 0.001252513 -0.01024246 -0.0004 0.000757538 -0.009747487 -0.0004 0.000757538 -0.009747487 -0.0002 0.001747487 -0.008757538 -0.0002 0.002242462 -0.009252514 -0.0002 0.001252513 -0.01024246 -0.0002 0.001670278 -0.005834748 -0.0007 0.002242462 -0.006252513 -0.0004 0.002165253 -0.006329723 -0.0007 0.001747487 -0.005757538 -0.0004 0.0008347476 -0.006670278 -0.0007 0.001329722 -0.007165253 -0.0007 0.000757538 -0.006747488 -0.0004 0.001252513 -0.007242463 -0.0004 0.000757538 -0.006747488 -0.0002 0.001747487 -0.005757538 -0.0002 0.002242462 -0.006252513 -0.0002 0.001252513 -0.007242463 -0.0002 0.001670278 -0.002834748 -0.0007 0.002242462 -0.003252513 -0.0004 0.002165253 -0.003329723 -0.0007 0.001747487 -0.002757538 -0.0004 0.0008347476 -0.003670278 -0.0007 0.001329722 -0.004165252 -0.0007 0.000757538 -0.003747487 -0.0004 0.001252513 -0.004242463 -0.0004 0.000757538 -0.003747487 -0.0002 0.001747487 -0.002757538 -0.0002 0.002242462 -0.003252513 -0.0002 0.001252513 -0.004242463 -0.0002 0.001670278 0.0001652524 -0.0007 0.002242462 -0.0002525126 -0.0004 0.002165253 -0.0003297224 -0.0007 0.001747487 0.0002424621 -0.0004 0.0008347476 -0.0006702777 -0.0007 0.001329722 -0.001165252 -0.0007 0.000757538 -0.0007474874 -0.0004 0.001252513 -0.001242462 -0.0004 0.000757538 -0.0007474874 -0.0002 0.001747487 0.0002424621 -0.0002 0.002242462 -0.0002525126 -0.0002 0.001252513 -0.001242462 -0.0002 0.001670278 0.003165253 -0.0007 0.002242462 0.002747488 -0.0004 0.002165253 0.002670278 -0.0007 0.001747487 0.003242462 -0.0004 0.0008347476 0.002329723 -0.0007 0.001329722 0.001834748 -0.0007 0.000757538 0.002252513 -0.0004 0.001252513 0.001757538 -0.0004 0.000757538 0.002252513 -0.0002 0.001747487 0.003242462 -0.0002 0.002242462 0.002747488 -0.0002 0.001252513 0.001757538 -0.0002 0.001670278 0.006165253 -0.0007 0.002242462 0.005747488 -0.0004 0.002165253 0.005670278 -0.0007 0.001747487 0.006242462 -0.0004 0.0008347476 0.005329723 -0.0007 0.001329722 0.004834748 -0.0007 0.000757538 0.005252513 -0.0004 0.001252513 0.004757538 -0.0004 0.000757538 0.005252513 -0.0002 0.001747487 0.006242462 -0.0002 0.002242462 0.005747488 -0.0002 0.001252513 0.004757538 -0.0002 0.001670278 0.009165253 -0.0007 0.002242462 0.008747487 -0.0004 0.002165253 0.008670278 -0.0007 0.001747487 0.009242463 -0.0004 0.0008347476 0.008329723 -0.0007 0.001329722 0.007834748 -0.0007 0.001252513 0.007757538 -0.0004 0.000757538 0.008252514 -0.0004 0.000757538 0.008252514 -0.0002 0.001747487 0.009242463 -0.0002 0.002242462 0.008747487 -0.0002 0.001252513 0.007757538 -0.0002 0.001670278 0.01216525 -0.0007 0.002242462 0.01174749 -0.0004 0.002165253 0.01167028 -0.0007 0.001747487 0.01224246 -0.0004 0.0008347476 0.01132972 -0.0007 0.001329722 0.01083475 -0.0007 0.001252513 0.01075754 -0.0004 0.000757538 0.01125251 -0.0004 0.000757538 0.01125251 -0.0002 0.001747487 0.01224246 -0.0002 0.002242462 0.01174749 -0.0002 0.001252513 0.01075754 -0.0002 0.004670278 -0.008834748 -0.0007 0.005242462 -0.009252514 -0.0004 0.005165252 -0.009329723 -0.0007 0.004747488 -0.008757538 -0.0004 0.003834748 -0.009670278 -0.0007 0.004329723 -0.01016525 -0.0007 0.004252512 -0.01024246 -0.0004 0.003757538 -0.009747487 -0.0004 0.003757538 -0.009747487 -0.0002 0.004747488 -0.008757538 -0.0002 0.005242462 -0.009252514 -0.0002 0.004252512 -0.01024246 -0.0002 0.004670278 -0.005834748 -0.0007 0.005242462 -0.006252513 -0.0004 0.005165252 -0.006329723 -0.0007 0.004747488 -0.005757538 -0.0004 0.003834748 -0.006670278 -0.0007 0.004329723 -0.007165253 -0.0007 0.003757538 -0.006747488 -0.0004 0.004252512 -0.007242463 -0.0004 0.003757538 -0.006747488 -0.0002 0.004747488 -0.005757538 -0.0002 0.005242462 -0.006252513 -0.0002 0.004252512 -0.007242463 -0.0002 0.004747488 -0.002757538 -0.0004 0.005165252 -0.003329723 -0.0007 0.004670278 -0.002834748 -0.0007 0.005242462 -0.003252513 -0.0004 0.003834748 -0.003670278 -0.0007 0.004329723 -0.004165252 -0.0007 0.003757538 -0.003747487 -0.0004 0.004252512 -0.004242463 -0.0004 0.003757538 -0.003747487 -0.0002 0.004747488 -0.002757538 -0.0002 0.005242462 -0.003252513 -0.0002 0.004252512 -0.004242463 -0.0002 0.004747488 0.0002424621 -0.0004 0.005165252 -0.0003297224 -0.0007 0.004670278 0.0001652524 -0.0007 0.005242462 -0.0002525126 -0.0004 0.003834748 -0.0006702777 -0.0007 0.004329723 -0.001165252 -0.0007 0.003757538 -0.0007474874 -0.0004 0.004252512 -0.001242462 -0.0004 0.003757538 -0.0007474874 -0.0002 0.004747488 0.0002424621 -0.0002 0.005242462 -0.0002525126 -0.0002 0.004252512 -0.001242462 -0.0002 0.004670278 0.003165253 -0.0007 0.005242462 0.002747488 -0.0004 0.005165252 0.002670278 -0.0007 0.004747488 0.003242462 -0.0004 0.003834748 0.002329723 -0.0007 0.004329723 0.001834748 -0.0007 0.003757538 0.002252513 -0.0004 0.004252512 0.001757538 -0.0004 0.003757538 0.002252513 -0.0002 0.004747488 0.003242462 -0.0002 0.005242462 0.002747488 -0.0002 0.004252512 0.001757538 -0.0002 0.004670278 0.006165253 -0.0007 0.005242462 0.005747488 -0.0004 0.005165252 0.005670278 -0.0007 0.004747488 0.006242462 -0.0004 0.003834748 0.005329723 -0.0007 0.004329723 0.004834748 -0.0007 0.003757538 0.005252513 -0.0004 0.004252512 0.004757538 -0.0004 0.003757538 0.005252513 -0.0002 0.004747488 0.006242462 -0.0002 0.005242462 0.005747488 -0.0002 0.004252512 0.004757538 -0.0002 0.004670278 0.009165253 -0.0007 0.005242462 0.008747487 -0.0004 0.005165252 0.008670278 -0.0007 0.004747488 0.009242463 -0.0004 0.003834748 0.008329723 -0.0007 0.004329723 0.007834748 -0.0007 0.004252512 0.007757538 -0.0004 0.003757538 0.008252514 -0.0004 0.003757538 0.008252514 -0.0002 0.004747488 0.009242463 -0.0002 0.005242462 0.008747487 -0.0002 0.004252512 0.007757538 -0.0002 0.004670278 0.01216525 -0.0007 0.005242462 0.01174749 -0.0004 0.005165252 0.01167028 -0.0007 0.004747488 0.01224246 -0.0004 0.003834748 0.01132972 -0.0007 0.004329723 0.01083475 -0.0007 0.004252512 0.01075754 -0.0004 0.003757538 0.01125251 -0.0004 0.003757538 0.01125251 -0.0002 0.004747488 0.01224246 -0.0002 0.005242462 0.01174749 -0.0002 0.004252512 0.01075754 -0.0002 0.007747488 -0.008757538 -0.0004 0.008165253 -0.009329723 -0.0007 0.007670278 -0.008834748 -0.0007 0.008242463 -0.009252514 -0.0004 0.006834748 -0.009670278 -0.0007 0.007329723 -0.01016525 -0.0007 0.007252513 -0.01024246 -0.0004 0.006757538 -0.009747487 -0.0004 0.006757538 -0.009747487 -0.0002 0.007747488 -0.008757538 -0.0002 0.008242463 -0.009252514 -0.0002 0.007252513 -0.01024246 -0.0002 0.007670278 -0.005834748 -0.0007 0.008242463 -0.006252513 -0.0004 0.008165253 -0.006329723 -0.0007 0.007747488 -0.005757538 -0.0004 0.006834748 -0.006670278 -0.0007 0.007329723 -0.007165253 -0.0007 0.006757538 -0.006747488 -0.0004 0.007252513 -0.007242463 -0.0004 0.006757538 -0.006747488 -0.0002 0.007747488 -0.005757538 -0.0002 0.008242463 -0.006252513 -0.0002 0.007252513 -0.007242463 -0.0002 0.007670278 -0.002834748 -0.0007 0.008242463 -0.003252513 -0.0004 0.008165253 -0.003329723 -0.0007 0.007747488 -0.002757538 -0.0004 0.006834748 -0.003670278 -0.0007 0.007329723 -0.004165252 -0.0007 0.006757538 -0.003747487 -0.0004 0.007252513 -0.004242463 -0.0004 0.006757538 -0.003747487 -0.0002 0.007747488 -0.002757538 -0.0002 0.008242463 -0.003252513 -0.0002 0.007252513 -0.004242463 -0.0002 0.007670278 0.0001652524 -0.0007 0.008242463 -0.0002525126 -0.0004 0.008165253 -0.0003297224 -0.0007 0.007747488 0.0002424621 -0.0004 0.006834748 -0.0006702777 -0.0007 0.007329723 -0.001165252 -0.0007 0.006757538 -0.0007474874 -0.0004 0.007252513 -0.001242462 -0.0004 0.006757538 -0.0007474874 -0.0002 0.007747488 0.0002424621 -0.0002 0.008242463 -0.0002525126 -0.0002 0.007252513 -0.001242462 -0.0002 0.007670278 0.003165253 -0.0007 0.008242463 0.002747488 -0.0004 0.008165253 0.002670278 -0.0007 0.007747488 0.003242462 -0.0004 0.006834748 0.002329723 -0.0007 0.007329723 0.001834748 -0.0007 0.006757538 0.002252513 -0.0004 0.007252513 0.001757538 -0.0004 0.006757538 0.002252513 -0.0002 0.007747488 0.003242462 -0.0002 0.008242463 0.002747488 -0.0002 0.007252513 0.001757538 -0.0002 0.007670278 0.006165253 -0.0007 0.008242463 0.005747488 -0.0004 0.008165253 0.005670278 -0.0007 0.007747488 0.006242462 -0.0004 0.006834748 0.005329723 -0.0007 0.007329723 0.004834748 -0.0007 0.006757538 0.005252513 -0.0004 0.007252513 0.004757538 -0.0004 0.006757538 0.005252513 -0.0002 0.007747488 0.006242462 -0.0002 0.008242463 0.005747488 -0.0002 0.007252513 0.004757538 -0.0002 0.007747488 0.009242463 -0.0004 0.008165253 0.008670278 -0.0007 0.007670278 0.009165253 -0.0007 0.008242463 0.008747487 -0.0004 0.006834748 0.008329723 -0.0007 0.007329723 0.007834748 -0.0007 0.007252513 0.007757538 -0.0004 0.006757538 0.008252514 -0.0004 0.006757538 0.008252514 -0.0002 0.007747488 0.009242463 -0.0002 0.008242463 0.008747487 -0.0002 0.007252513 0.007757538 -0.0002 0.007747488 0.01224246 -0.0004 0.008165253 0.01167028 -0.0007 0.007670278 0.01216525 -0.0007 0.008242463 0.01174749 -0.0004 0.006834748 0.01132972 -0.0007 0.007329723 0.01083475 -0.0007 0.007252513 0.01075754 -0.0004 0.006757538 0.01125251 -0.0004 0.006757538 0.01125251 -0.0002 0.007747488 0.01224246 -0.0002 0.008242463 0.01174749 -0.0002 0.007252513 0.01075754 -0.0002 0.01067028 -0.008834748 -0.0007 0.01124246 -0.009252514 -0.0004 0.01116525 -0.009329723 -0.0007 0.01074749 -0.008757538 -0.0004 0.009834748 -0.009670278 -0.0007 0.01032972 -0.01016525 -0.0007 0.01025251 -0.01024246 -0.0004 0.009757538 -0.009747487 -0.0004 0.009757538 -0.009747487 -0.0002 0.01074749 -0.008757538 -0.0002 0.01124246 -0.009252514 -0.0002 0.01025251 -0.01024246 -0.0002 0.01067028 -0.005834748 -0.0007 0.01124246 -0.006252513 -0.0004 0.01116525 -0.006329723 -0.0007 0.01074749 -0.005757538 -0.0004 0.009834748 -0.006670278 -0.0007 0.01032972 -0.007165253 -0.0007 0.01025251 -0.007242463 -0.0004 0.009757538 -0.006747488 -0.0004 0.009757538 -0.006747488 -0.0002 0.01074749 -0.005757538 -0.0002 0.01124246 -0.006252513 -0.0002 0.01025251 -0.007242463 -0.0002 0.01067028 -0.002834748 -0.0007 0.01124246 -0.003252513 -0.0004 0.01116525 -0.003329723 -0.0007 0.01074749 -0.002757538 -0.0004 0.009834748 -0.003670278 -0.0007 0.01032972 -0.004165252 -0.0007 0.01025251 -0.004242463 -0.0004 0.009757538 -0.003747487 -0.0004 0.009757538 -0.003747487 -0.0002 0.01074749 -0.002757538 -0.0002 0.01124246 -0.003252513 -0.0002 0.01025251 -0.004242463 -0.0002 0.01067028 0.0001652524 -0.0007 0.01124246 -0.0002525126 -0.0004 0.01116525 -0.0003297224 -0.0007 0.01074749 0.0002424621 -0.0004 0.009834748 -0.0006702777 -0.0007 0.01032972 -0.001165252 -0.0007 0.009757538 -0.0007474874 -0.0004 0.01025251 -0.001242462 -0.0004 0.009757538 -0.0007474874 -0.0002 0.01074749 0.0002424621 -0.0002 0.01124246 -0.0002525126 -0.0002 0.01025251 -0.001242462 -0.0002 0.01067028 0.003165253 -0.0007 0.01124246 0.002747488 -0.0004 0.01116525 0.002670278 -0.0007 0.01074749 0.003242462 -0.0004 0.009834748 0.002329723 -0.0007 0.01032972 0.001834748 -0.0007 0.01025251 0.001757538 -0.0004 0.009757538 0.002252513 -0.0004 0.009757538 0.002252513 -0.0002 0.01074749 0.003242462 -0.0002 0.01124246 0.002747488 -0.0002 0.01025251 0.001757538 -0.0002 0.01067028 0.006165253 -0.0007 0.01124246 0.005747488 -0.0004 0.01116525 0.005670278 -0.0007 0.01074749 0.006242462 -0.0004 0.009834748 0.005329723 -0.0007 0.01032972 0.004834748 -0.0007 0.01025251 0.004757538 -0.0004 0.009757538 0.005252513 -0.0004 0.009757538 0.005252513 -0.0002 0.01074749 0.006242462 -0.0002 0.01124246 0.005747488 -0.0002 0.01025251 0.004757538 -0.0002 0.009757538 0.008252514 -0.0002 0.01025251 0.007757538 -0.0004 0.01025251 0.007757538 -0.0002 0.009757538 0.008252514 -0.0004 0.01124246 0.008747487 -0.0002 0.01124246 0.008747487 -0.0004 0.01032972 0.007834748 -0.0007 0.01116525 0.008670278 -0.0007 0.01074749 0.009242463 -0.0004 0.01074749 0.009242463 -0.0002 0.01067028 0.009165253 -0.0007 0.009834748 0.008329723 -0.0007</float_array>
          <technique_common>
            <accessor count="756" source="#pos_1-array" stride="3"><param type="float" name="X"/><param type="float" name="Y"/><param type="float" name="Z"/></accessor></technique_common>
        </source>
        <vertices id="vert_1">
          <input semantic="POSITION" source="#pos_1"/>
        </vertices>
        <triangles count="1134" material="mat_1">
          <input semantic="VERTEX" source="#vert_1" offset="0"/>
          <p>0 1 2 3 1 0 4 0 5 5 0 2 6 4 5 6 7 4 3 8 9 3 7 8 0 4 3 3 4 7 10 3 9 1 3 10 6 10 11 6 1 10 5 2 6 6 2 1 8 6 11 7 6 8 12 13 14 15 13 12 14 16 12 17 16 14 18 16 17 18 19 16 15 20 21 15 19 20 12 16 15 15 16 19 22 15 21 13 15 22 18 22 23 18 13 22 17 14 18 18 14 13 20 18 23 19 18 20 24 25 26 27 25 24 26 28 24 29 28 26 30 28 29 30 31 28 27 32 33 27 31 32 24 28 27 27 28 31 34 27 33 25 27 34 30 34 35 30 25 34 29 26 30 30 26 25 32 30 35 31 30 32 36 37 38 39 37 36 38 40 36 41 40 38 41 42 40 43 42 41 39 44 45 39 42 44 36 40 39 39 40 42 46 39 45 37 39 46 43 46 47 43 37 46 41 38 43 43 38 37 44 43 47 42 43 44 48 49 50 51 49 48 50 52 48 53 52 50 54 52 53 54 55 52 51 56 57 51 55 56 48 52 51 51 52 55 58 51 57 49 51 58 54 58 59 54 49 58 53 50 54 54 50 49 56 54 59 55 54 56 60 61 62 63 61 60 62 64 60 65 64 62 66 64 65 66 67 64 63 68 69 63 67 68 60 64 63 63 64 67 70 63 69 61 63 70 66 70 71 66 61 70 65 62 66 66 62 61 68 66 71 67 66 68 72 73 74 72 75 73 76 74 77 77 74 73 78 76 77 78 79 76 72 80 81 72 79 80 74 76 72 72 76 79 82 72 81 75 72 82 78 82 83 78 75 82 77 73 78 78 73 75 80 78 83 79 78 80 84 85 86 84 87 85 88 86 89 89 86 85 90 88 89 90 91 88 84 92 93 84 91 92 86 88 84 84 88 91 94 84 93 87 84 94 90 94 95 90 87 94 89 85 90 90 85 87 92 90 95 91 90 92 96 97 98 99 97 96 100 96 101 101 96 98 102 100 101 102 103 100 99 104 105 99 103 104 96 100 99 99 100 103 106 99 105 97 99 106 102 106 107 102 97 106 101 98 102 102 98 97 104 102 107 103 102 104 108 109 110 111 109 108 112 108 113 113 108 110 114 112 113 114 115 112 111 116 117 111 115 116 108 112 111 111 112 115 118 111 117 109 111 118 114 118 119 114 109 118 113 110 114 114 110 109 116 114 119 115 114 116 120 121 122 120 123 121 121 124 122 125 124 121 126 124 125 126 127 124 120 128 129 120 127 128 122 124 120 120 124 127 130 120 129 123 120 130 126 130 131 126 123 130 125 121 126 126 121 123 128 126 131 127 126 128 132 133 134 132 135 133 133 136 134 137 136 133 138 136 137 138 139 136 132 140 141 132 139 140 134 136 132 132 136 139 142 132 141 135 132 142 138 142 143 138 135 142 137 133 138 138 133 135 140 138 143 139 138 140 144 145 146 147 145 144 146 148 144 149 148 146 150 148 149 150 151 148 147 152 153 147 151 152 144 148 147 147 148 151 154 147 153 145 147 154 150 154 155 150 145 154 149 146 150 150 146 145 152 150 155 151 150 152 156 157 158 159 157 156 160 156 161 161 156 158 162 160 161 162 163 160 159 164 165 159 163 164 156 160 159 159 160 163 166 159 165 157 159 166 162 166 167 162 157 166 161 158 162 162 158 157 164 162 167 163 162 164 168 169 170 171 169 168 172 168 173 173 168 170 174 172 173 174 175 172 171 176 177 171 175 176 168 172 171 171 172 175 178 171 177 169 171 178 174 178 179 174 169 178 173 170 174 174 170 169 176 174 179 175 174 176 180 181 182 183 181 180 184 180 185 185 180 182 186 184 185 186 187 184 183 188 189 183 187 188 180 184 183 183 184 187 190 183 189 181 183 190 186 190 191 186 181 190 185 182 186 186 182 181 188 186 191 187 186 188 192 193 194 195 193 192 196 192 197 197 192 194 198 196 197 198 199 196 195 200 201 195 199 200 192 196 195 195 196 199 202 195 201 193 195 202 198 202 203 198 193 202 197 194 198 198 194 193 200 198 203 199 198 200 204 205 206 207 205 204 206 208 204 209 208 206 209 210 208 211 210 209 207 212 213 207 210 212 204 208 207 207 208 210 214 207 213 205 207 214 211 214 215 211 205 214 209 206 211 211 206 205 212 211 215 210 211 212 216 217 218 219 217 216 218 220 216 221 220 218 222 220 221 222 223 220 219 224 225 219 223 224 216 220 219 219 220 223 226 219 225 217 219 226 222 226 227 222 217 226 221 218 222 222 218 217 224 222 227 223 222 224 228 229 230 231 229 228 230 232 228 233 232 230 233 234 232 235 234 233 231 236 237 231 234 236 228 232 231 231 232 234 238 231 237 229 231 238 235 238 239 235 229 238 233 230 235 235 230 229 236 235 239 234 235 236 240 241 242 243 241 240 242 244 240 245 244 242 246 244 245 246 247 244 243 248 249 243 247 248 240 244 243 243 244 247 250 243 249 241 243 250 246 250 251 246 241 250 245 242 246 246 242 241 248 246 251 247 246 248 252 253 254 255 253 252 254 256 252 257 256 254 257 258 256 259 258 257 255 260 261 255 258 260 252 256 255 255 256 258 262 255 261 253 255 262 259 262 263 259 253 262 257 254 259 259 254 253 260 259 263 258 259 260 264 265 266 267 265 264 268 264 269 269 264 266 270 268 269 270 271 268 267 272 273 267 271 272 264 268 267 267 268 271 274 267 273 265 267 274 270 274 275 270 265 274 269 266 270 270 266 265 272 270 275 271 270 272 276 277 278 279 277 276 280 276 281 281 276 278 282 280 281 282 283 280 279 284 285 279 283 284 276 280 279 279 280 283 286 279 285 277 279 286 282 286 287 282 277 286 281 278 282 282 278 277 284 282 287 283 282 284 288 289 290 291 289 288 292 288 293 293 288 290 294 292 293 294 295 292 291 296 297 291 295 296 288 292 291 291 292 295 298 291 297 289 291 298 294 298 299 294 289 298 293 290 294 294 290 289 296 294 299 295 294 296 300 301 302 303 301 300 302 304 300 305 304 302 305 306 304 307 306 305 303 308 309 303 306 308 300 304 303 303 304 306 310 303 309 301 303 310 307 310 311 307 301 310 305 302 307 307 302 301 308 307 311 306 307 308 312 313 314 315 313 312 314 316 312 317 316 314 317 318 316 319 318 317 315 320 321 315 318 320 312 316 315 315 316 318 322 315 321 313 315 322 319 322 323 319 313 322 317 314 319 319 314 313 320 319 323 318 319 320 324 325 326 327 325 324 326 328 324 329 328 326 329 330 328 331 330 329 327 332 333 327 330 332 324 328 327 327 328 330 334 327 333 325 327 334 331 334 335 331 325 334 329 326 331 331 326 325 332 331 335 330 331 332 336 337 338 339 337 336 338 340 336 341 340 338 341 342 340 343 342 341 339 344 345 339 342 344 336 340 339 339 340 342 346 339 345 337 339 346 343 346 347 343 337 346 341 338 343 343 338 337 344 343 347 342 343 344 348 349 350 351 349 348 350 352 348 353 352 350 353 354 352 355 354 353 351 356 357 351 354 356 348 352 351 351 352 354 358 351 357 349 351 358 355 358 359 355 349 358 353 350 355 355 350 349 356 355 359 354 355 356 360 361 362 360 363 361 364 362 365 365 362 361 366 364 365 366 367 364 360 368 369 360 367 368 362 364 360 360 364 367 370 360 369 363 360 370 366 370 371 366 363 370 365 361 366 366 361 363 368 366 371 367 366 368 372 373 374 372 375 373 376 374 377 377 374 373 378 376 377 378 379 376 372 380 381 372 379 380 374 376 372 372 376 379 382 372 381 375 372 382 378 382 383 378 375 382 377 373 378 378 373 375 380 378 383 379 378 380 384 385 386 387 385 384 388 384 389 389 384 386 390 388 389 390 391 388 387 392 393 387 391 392 384 388 387 387 388 391 394 387 393 385 387 394 390 394 395 390 385 394 389 386 390 390 386 385 392 390 395 391 390 392 396 397 398 399 397 396 398 400 396 401 400 398 401 402 400 403 402 401 399 404 405 399 402 404 396 400 399 399 400 402 406 399 405 397 399 406 403 406 407 403 397 406 401 398 403 403 398 397 404 403 407 402 403 404 408 409 410 411 409 408 410 412 408 413 412 410 413 414 412 415 414 413 411 416 417 411 414 416 408 412 411 411 412 414 418 411 417 409 411 418 415 418 419 415 409 418 413 410 415 415 410 409 416 415 419 414 415 416 420 421 422 423 421 420 422 424 420 425 424 422 425 426 424 427 426 425 423 428 429 423 426 428 420 424 423 423 424 426 430 423 429 421 423 430 427 430 431 427 421 430 425 422 427 427 422 421 428 427 431 426 427 428 432 433 434 435 433 432 434 436 432 437 436 434 437 438 436 439 438 437 435 440 441 435 438 440 432 436 435 435 436 438 442 435 441 433 435 442 439 442 443 439 433 442 437 434 439 439 434 433 440 439 443 438 439 440 444 445 446 447 445 444 446 448 444 449 448 446 449 450 448 451 450 449 447 452 453 447 450 452 444 448 447 447 448 450 454 447 453 445 447 454 451 454 455 451 445 454 449 446 451 451 446 445 452 451 455 450 451 452 456 457 458 459 457 456 460 456 461 461 456 458 462 460 461 462 463 460 459 464 465 459 463 464 456 460 459 459 460 463 466 459 465 457 459 466 462 466 467 462 457 466 461 458 462 462 458 457 464 462 467 463 462 464 468 469 470 471 469 468 472 468 473 473 468 470 474 472 473 474 475 472 471 476 477 471 475 476 468 472 471 471 472 475 478 471 477 469 471 478 474 478 479 474 469 478 473 470 474 474 470 469 476 474 479 475 474 476 480 481 482 483 481 480 484 480 485 485 480 482 486 484 485 486 487 484 483 488 489 483 487 488 480 484 483 483 484 487 490 483 489 481 483 490 486 490 491 486 481 490 485 482 486 486 482 481 488 486 491 487 486 488 492 493 494 495 493 492 494 496 492 497 496 494 497 498 496 499 498 497 495 500 501 495 498 500 492 496 495 495 496 498 502 495 501 493 495 502 499 502 503 499 493 502 497 494 499 499 494 493 500 499 503 498 499 500 504 505 506 504 507 505 505 508 506 509 508 505 509 510 508 511 510 509 504 512 513 504 510 512 506 508 504 504 508 510 514 504 513 507 504 514 511 514 515 511 507 514 509 505 511 511 505 507 512 511 515 510 511 512 516 517 518 516 519 517 517 520 518 521 520 517 521 522 520 523 522 521 516 524 525 516 522 524 518 520 516 516 520 522 526 516 525 519 516 526 523 526 527 523 519 526 521 517 523 523 517 519 524 523 527 522 523 524 528 529 530 531 529 528 530 532 528 533 532 530 533 534 532 535 534 533 531 536 537 531 534 536 528 532 531 531 532 534 538 531 537 529 531 538 535 538 539 535 529 538 533 530 535 535 530 529 536 535 539 534 535 536 540 541 542 543 541 540 542 544 540 545 544 542 545 546 544 547 546 545 543 548 549 543 546 548 540 544 543 543 544 546 550 543 549 541 543 550 547 550 551 547 541 550 545 542 547 547 542 541 548 547 551 546 547 548 552 553 554 555 553 552 556 552 557 557 552 554 558 556 557 558 559 556 555 560 561 555 559 560 552 556 555 555 556 559 562 555 561 553 555 562 558 562 563 558 553 562 557 554 558 558 554 553 560 558 563 559 558 560 564 565 566 567 565 564 568 564 569 569 564 566 570 568 569 570 571 568 567 572 573 567 571 572 564 568 567 567 568 571 574 567 573 565 567 574 570 574 575 570 565 574 569 566 570 570 566 565 572 570 575 571 570 572 576 577 578 576 579 577 580 578 581 581 578 577 582 580 581 582 583 580 576 584 585 576 583 584 578 580 576 576 580 583 586 576 585 579 576 586 582 586 587 582 579 586 581 577 582 582 577 579 584 582 587 583 582 584 588 589 590 591 589 588 590 592 588 593 592 590 593 594 592 595 594 593 591 596 597 591 594 596 588 592 591 591 592 594 598 591 597 589 591 598 595 598 599 595 589 598 593 590 595 595 590 589 596 595 599 594 595 596 600 601 602 603 601 600 602 604 600 605 604 602 605 606 604 607 606 605 603 608 609 603 606 608 600 604 603 603 604 606 610 603 609 601 603 610 607 610 611 607 601 610 605 602 607 607 602 601 608 607 611 606 607 608 612 613 614 615 613 612 614 616 612 617 616 614 617 618 616 619 618 617 615 620 621 615 618 620 612 616 615 615 616 618 622 615 621 613 615 622 619 622 623 619 613 622 617 614 619 619 614 613 620 619 623 618 619 620 624 625 626 627 625 624 626 628 624 629 628 626 629 630 628 631 630 629 627 632 633 627 630 632 624 628 627 627 628 630 634 627 633 625 627 634 631 634 635 631 625 634 629 626 631 631 626 625 632 631 635 630 631 632 636 637 638 639 637 636 638 640 636 641 640 638 641 642 640 643 642 641 639 644 645 639 642 644 636 640 639 639 640 642 646 639 645 637 639 646 643 646 647 643 637 646 641 638 643 643 638 637 644 643 647 642 643 644 648 649 650 648 651 649 652 650 653 653 650 649 654 652 653 654 655 652 648 656 657 648 655 656 650 652 648 648 652 655 658 648 657 651 648 658 654 658 659 654 651 658 653 649 654 654 649 651 656 654 659 655 654 656 660 661 662 660 663 661 664 662 665 665 662 661 666 664 665 666 667 664 660 668 669 660 667 668 662 664 660 660 664 667 670 660 669 663 660 670 666 670 671 666 663 670 665 661 666 666 661 663 668 666 671 667 666 668 672 673 674 675 673 672 676 672 677 677 672 674 678 676 677 678 679 676 675 680 681 675 679 680 672 676 675 675 676 679 682 675 681 673 675 682 678 682 683 678 673 682 677 674 678 678 674 673 680 678 683 679 678 680 684 685 686 687 685 684 686 688 684 689 688 686 690 688 689 690 691 688 687 692 693 687 691 692 684 688 687 687 688 691 694 687 693 685 687 694 690 694 695 690 685 694 689 686 690 690 686 685 692 690 695 691 690 692 696 697 698 699 697 696 698 700 696 701 700 698 702 700 701 702 703 700 699 704 705 699 703 704 696 700 699 699 700 703 706 699 705 697 699 706 702 706 707 702 697 706 701 698 702 702 698 697 704 702 707 703 702 704 708 709 710 711 709 708 710 712 708 713 712 710 713 714 712 715 714 713 711 716 717 711 714 716 708 712 711 711 712 714 718 711 717 709 711 718 715 718 719 715 709 718 713 710 715 715 710 709 716 715 719 714 715 716 720 721 722 723 721 720 722 724 720 725 724 722 726 724 725 726 727 724 723 728 729 723 727 728 720 724 723 723 724 727 730 723 729 721 723 730 726 730 731 726 721 730 725 722 726 726 722 721 728 726 731 727 726 728 732 733 734 735 733 732 734 736 732 737 736 734 738 736 737 738 739 736 735 740 741 735 739 740 732 736 735 735 736 739 742 735 741 733 735 742 738 742 743 738 733 742 737 734 738 738 734 733 740 738 743 739 738 740 744 745 746 747 745 744 745 748 746 745 749 748 750 751 745 745 751 749 748 752 753 749 752 748 752 744 753 752 747 744 754 755 752 752 755 747 745 755 750 745 747 755 755 754 750 750 754 751 752 751 754 752 749 751</p>
        </triangles>
      </mesh>
    </geometry>
    <geometry id="geometry_b9d2c51b_9580_4134_80db_94228e0a1044" name="">
      <mesh>
        <source id="pos_2">
          <float_array id="pos_2-array" count="6021">-0.004363728 -0.01482381 -0.002171917 -0.004363728 -0.0148505 -0.002171917 -0.004363728 -0.01483842 -0.002182679 -0.004363728 -0.01482429 -0.002182679 -0.004363728 -0.01479729 -0.002191479 -0.004363728 -0.01478844 -0.002184305 -0.004363728 -0.0148505 -0.002265471 -0.004363728 -0.01483842 -0.002254805 -0.004363728 -0.01478703 -0.002217833 -0.004363728 -0.01482476 -0.002265471 -0.004363728 -0.01482484 -0.002254805 -0.004363728 -0.01477433 -0.002217498 -0.004363728 -0.01479702 -0.002245048 -0.004363728 -0.01478844 -0.002252365 -0.004364728 -0.01482484 -0.002254805 -0.004364728 -0.01483842 -0.002254805 -0.004364728 -0.01479702 -0.002245048 -0.004364728 -0.01478703 -0.002217833 -0.004364728 -0.01479729 -0.002191479 -0.004364728 -0.01482429 -0.002182679 -0.004364728 -0.01483842 -0.002182679 -0.004364728 -0.0148505 -0.002171917 -0.004364728 -0.0148505 -0.002265471 -0.004364728 -0.01482381 -0.002171917 -0.004364728 -0.01478844 -0.002184305 -0.004364728 -0.01477433 -0.002217498 -0.004364728 -0.01478844 -0.002252365 -0.004364728 -0.01482476 -0.002265471 -0.004363728 -0.01502835 -0.002267049 -0.004363728 -0.0150272 -0.002257483 -0.004363728 -0.01504648 -0.002263127 -0.004363728 -0.01504648 -0.002251026 -0.004363728 -0.01500888 -0.00226174 -0.004363728 -0.01501338 -0.002248443 -0.004363728 -0.01504308 -0.002227255 -0.004364169 -0.01503197 -0.002221663 -0.004364115 -0.01503217 -0.00222147 -0.004364062 -0.01503237 -0.002221258 -0.004364228 -0.01503177 -0.00222185 -0.004364016 -0.01503257 -0.002221037 -0.004364168 -0.01503154 -0.002222044 -0.004363974 -0.01503275 -0.002220811 -0.004364113 -0.01503129 -0.002222241 -0.00436394 -0.01503292 -0.002220577 -0.004364064 -0.01503103 -0.002222443 -0.004363911 -0.01503308 -0.002220337 -0.00436402 -0.01503074 -0.002222648 -0.004363887 -0.01503324 -0.002220089 -0.004364228 -0.01502866 -0.002236104 -0.004363981 -0.01503042 -0.002222857 -0.00436387 -0.01503338 -0.002219835 -0.004363937 -0.01502997 -0.002223142 -0.004363859 -0.01503351 -0.002219573 -0.004363853 -0.01503364 -0.002219305 -0.004363899 -0.01502942 -0.002223471 -0.004363854 -0.01503375 -0.00221903 -0.004363872 -0.01502882 -0.00222381 -0.00436386 -0.01503385 -0.002218747 -0.004363873 -0.01503394 -0.002218458 -0.004363728 -0.0150464 -0.002216685 -0.004363854 -0.01502795 -0.002224275 -0.004363891 -0.01503403 -0.002218161 -0.004363918 -0.01503411 -0.002217823 -0.00436386 -0.01502686 -0.002224817 -0.004363957 -0.01503418 -0.002217437 -0.004364004 -0.01503424 -0.002217041 -0.004363891 -0.01502566 -0.002225379 -0.004364061 -0.01503428 -0.002216633 -0.004364133 -0.01503432 -0.002216167 -0.004364043 -0.01502612 -0.002237078 -0.004363975 -0.01502389 -0.002226161 -0.004364228 -0.01503433 -0.002215633 -0.004364165 -0.01503432 -0.00221528 -0.004364107 -0.0150343 -0.002214933 -0.004364084 -0.01502221 -0.002226862 -0.004364056 -0.01503426 -0.002214591 -0.004363728 -0.01500135 -0.002247296 -0.004364009 -0.01503421 -0.002214255 -0.004363969 -0.01503415 -0.002213925 -0.004363969 -0.01501804 -0.002240917 -0.004364228 -0.01502038 -0.00222759 -0.004363923 -0.01501861 -0.002240572 -0.004363888 -0.01501924 -0.002240219 -0.004363866 -0.01501991 -0.002239859 -0.004363853 -0.01502088 -0.002239368 -0.004363865 -0.01502208 -0.002238799 -0.004363921 -0.01502384 -0.002238016 -0.004363936 -0.01503407 -0.002213601 -0.004363908 -0.01503398 -0.002213283 -0.004363885 -0.01503388 -0.00221297 -0.004363728 -0.01500527 -0.002236247 -0.004364228 -0.01501639 -0.002242082 -0.004364168 -0.01501665 -0.002241871 -0.004364113 -0.01501694 -0.002241657 -0.004364064 -0.01501724 -0.002241439 -0.00436402 -0.01501757 -0.002241218 -0.004363728 -0.01503889 -0.002202432 -0.004364028 -0.0150318 -0.002209945 -0.004363986 -0.01503206 -0.002210188 -0.004363949 -0.0150323 -0.002210437 -0.004363919 -0.01503253 -0.002210694 -0.004363894 -0.01503275 -0.002210956 -0.004363874 -0.01503295 -0.002211225 -0.004363862 -0.01503314 -0.0022115 -0.004363854 -0.01503332 -0.002211782 -0.004363853 -0.01503348 -0.00221207 -0.004363858 -0.01503363 -0.002212364 -0.004363868 -0.01503376 -0.002212664 -0.004364082 -0.0150315 -0.002209682 -0.004364151 -0.01503114 -0.0022094 -0.004364228 -0.01503076 -0.002209128 -0.004364177 -0.01503051 -0.002208953 -0.004364129 -0.01503025 -0.002208785 -0.004364063 -0.01502984 -0.002208538 -0.004364007 -0.01502941 -0.002208307 -0.004363959 -0.01502898 -0.00220809 -0.00436392 -0.01502853 -0.002207889 -0.004363889 -0.01502806 -0.002207703 -0.004363867 -0.01502754 -0.002207515 -0.004363854 -0.01502693 -0.002207327 -0.004364228 -0.01502153 -0.002206641 -0.004364228 -0.01502038 -0.002197123 -0.004364113 -0.01502246 -0.002206658 -0.00436402 -0.01502336 -0.002206709 -0.004363947 -0.01502424 -0.002206794 -0.004363899 -0.015025 -0.0022069 -0.00436387 -0.01502566 -0.00220702 -0.004363855 -0.0150263 -0.002207162 -0.004364068 -0.01501833 -0.002197166 -0.004363952 -0.01501631 -0.002197294 -0.004363886 -0.01501453 -0.002197484 -0.004363857 -0.01501295 -0.002197715 -0.004363857 -0.01501139 -0.002198004 -0.004363886 -0.01500985 -0.002198353 -0.004363728 -0.01500455 -0.002211472 -0.004363944 -0.01500835 -0.00219876 -0.004364031 -0.01500686 -0.002199227 -0.004364121 -0.0150057 -0.002199639 -0.004364228 -0.01500455 -0.002200088 -0.004364728 -0.0150272 -0.002257483 -0.004364728 -0.01504648 -0.002251026 -0.004364728 -0.01504648 -0.002263127 -0.004364728 -0.01502835 -0.002267049 -0.004364728 -0.01500888 -0.00226174 -0.004364728 -0.01500135 -0.002247296 -0.004364728 -0.01500527 -0.002236247 -0.004364372 -0.01502221 -0.002226862 -0.004364482 -0.01502389 -0.002226161 -0.004364565 -0.01502566 -0.002225379 -0.004364597 -0.01502686 -0.002224817 -0.004364602 -0.01502795 -0.002224275 -0.004364585 -0.01502882 -0.00222381 -0.004364558 -0.01502942 -0.002223471 -0.004364519 -0.01502997 -0.002223142 -0.004364476 -0.01503042 -0.002222857 -0.004364436 -0.01503074 -0.002222648 -0.004364392 -0.01503103 -0.002222443 -0.004364343 -0.01503129 -0.002222241 -0.004364288 -0.01503154 -0.002222044 -0.004364287 -0.01503197 -0.002221663 -0.004364342 -0.01503217 -0.00222147 -0.004364395 -0.01503237 -0.002221258 -0.004364441 -0.01503257 -0.002221037 -0.004364482 -0.01503275 -0.002220811 -0.004364517 -0.01503292 -0.002220577 -0.004364545 -0.01503308 -0.002220337 -0.004364569 -0.01503324 -0.002220089 -0.004364586 -0.01503338 -0.002219835 -0.004364597 -0.01503351 -0.002219573 -0.004364603 -0.01503364 -0.002219305 -0.004364602 -0.01503375 -0.00221903 -0.004364596 -0.01503385 -0.002218747 -0.004364584 -0.01503394 -0.002218458 -0.004364565 -0.01503403 -0.002218161 -0.004364538 -0.01503411 -0.002217823 -0.0043645 -0.01503418 -0.002217437 -0.004364453 -0.01503424 -0.002217041 -0.004364396 -0.01503428 -0.002216633 -0.004364322 -0.01503432 -0.002216167 -0.004364292 -0.01503432 -0.00221528 -0.004364349 -0.0150343 -0.002214933 -0.004364401 -0.01503426 -0.002214591 -0.004364447 -0.01503421 -0.002214255 -0.004364487 -0.01503415 -0.002213925 -0.004364521 -0.01503407 -0.002213601 -0.004364549 -0.01503398 -0.002213283 -0.004364572 -0.01503388 -0.00221297 -0.004364587 -0.01503376 -0.002212664 -0.004364599 -0.01503363 -0.002212364 -0.004364603 -0.01503348 -0.00221207 -0.004364602 -0.01503332 -0.002211782 -0.004364595 -0.01503314 -0.0022115 -0.004364582 -0.01503295 -0.002211225 -0.004364563 -0.01503275 -0.002210956 -0.004364538 -0.01503253 -0.002210694 -0.004364507 -0.0150323 -0.002210437 -0.00436447 -0.01503206 -0.002210188 -0.004364428 -0.0150318 -0.002209945 -0.004364375 -0.0150315 -0.002209682 -0.004364306 -0.01503114 -0.0022094 -0.00436428 -0.01503051 -0.002208953 -0.004364327 -0.01503025 -0.002208785 -0.004364393 -0.01502984 -0.002208538 -0.00436445 -0.01502941 -0.002208307 -0.004364498 -0.01502898 -0.00220809 -0.004364537 -0.01502853 -0.002207889 -0.004364566 -0.01502806 -0.002207703 -0.004364589 -0.01502754 -0.002207515 -0.004364602 -0.01502693 -0.002207327 -0.004364601 -0.0150263 -0.002207162 -0.004364586 -0.01502566 -0.00220702 -0.004364557 -0.015025 -0.0022069 -0.004364509 -0.01502424 -0.002206794 -0.004364436 -0.01502336 -0.002206709 -0.004364343 -0.01502246 -0.002206658 -0.004364728 -0.01500455 -0.002211472 -0.004364336 -0.0150057 -0.002199639 -0.004364425 -0.01500686 -0.002199227 -0.004364512 -0.01500835 -0.00219876 -0.00436457 -0.01500985 -0.002198353 -0.004364599 -0.01501139 -0.002198004 -0.004364599 -0.01501295 -0.002197715 -0.00436457 -0.01501453 -0.002197484 -0.004364504 -0.01501631 -0.002197294 -0.004364388 -0.01501833 -0.002197166 -0.004364728 -0.01503889 -0.002202432 -0.004364728 -0.0150464 -0.002216685 -0.004364728 -0.01504308 -0.002227255 -0.004364413 -0.01502612 -0.002237078 -0.004364536 -0.01502384 -0.002238016 -0.004364592 -0.01502208 -0.002238799 -0.004364603 -0.01502088 -0.002239368 -0.004364591 -0.01501991 -0.002239859 -0.004364568 -0.01501924 -0.002240219 -0.004364534 -0.01501861 -0.002240572 -0.004364487 -0.01501804 -0.002240917 -0.004364436 -0.01501757 -0.002241218 -0.004364392 -0.01501724 -0.002241439 -0.004364343 -0.01501694 -0.002241657 -0.004364288 -0.01501665 -0.002241871 -0.004364728 -0.01501338 -0.002248443 -0.004363728 -0.01494096 -0.002023504 -0.004363728 -0.01496765 -0.002023504 -0.004363728 -0.01495558 -0.002034266 -0.004363728 -0.01494144 -0.002034266 -0.004363728 -0.01491444 -0.002043066 -0.004363728 -0.0149056 -0.002035892 -0.004363728 -0.01496765 -0.002117058 -0.004363728 -0.01495558 -0.002106392 -0.004363728 -0.01490418 -0.00206942 -0.004363728 -0.01494192 -0.002117058 -0.004363728 -0.01494199 -0.002106392 -0.004363728 -0.01489149 -0.002069085 -0.004363728 -0.01491418 -0.002096635 -0.004363728 -0.0149056 -0.002103952 -0.004364728 -0.01494199 -0.002106392 -0.004364728 -0.01495558 -0.002106392 -0.004364728 -0.01491418 -0.002096635 -0.004364728 -0.01490418 -0.00206942 -0.004364728 -0.01491444 -0.002043066 -0.004364728 -0.01494144 -0.002034266 -0.004364728 -0.01495558 -0.002034266 -0.004364728 -0.01496765 -0.002117058 -0.004364728 -0.01496765 -0.002023504 -0.004364728 -0.01494096 -0.002023504 -0.004364728 -0.0149056 -0.002035892 -0.004364728 -0.01489149 -0.002069085 -0.004364728 -0.0149056 -0.002103952 -0.004364728 -0.01494192 -0.002117058 -0.004363728 -0.01496469 -0.002248874 -0.004363728 -0.01498215 -0.002198654 -0.004363728 -0.01499525 -0.002198654 -0.004364228 -0.01496151 -0.00224897 -0.004363728 -0.01493111 -0.002198654 -0.004363728 -0.01494326 -0.002198654 -0.004363728 -0.01496904 -0.002265327 -0.004363728 -0.0149631 -0.002254374 -0.004364228 -0.01499284 -0.002295985 -0.004364228 -0.01498619 -0.002286898 -0.004363728 -0.01499284 -0.002285558 -0.004363728 -0.01498528 -0.002296942 -0.004363728 -0.01497418 -0.002277476 -0.004363728 -0.01496144 -0.002275562 -0.004364728 -0.01493111 -0.002198654 -0.004364728 -0.01496144 -0.002275562 -0.004364728 -0.01498528 -0.002296942 -0.004364728 -0.01499284 -0.002285558 -0.004364728 -0.01497418 -0.002277476 -0.004364728 -0.01496904 -0.002265327 -0.004364728 -0.01499525 -0.002198654 -0.004364728 -0.01498215 -0.002198654 -0.004364728 -0.01496469 -0.002248874 -0.004364728 -0.0149631 -0.002254374 -0.004364728 -0.01494326 -0.002198654 -0.004363728 -0.01517757 -0.002117058 -0.004363728 -0.01512824 -0.002117058 -0.004363728 -0.0151655 -0.002106392 -0.004363728 -0.01512824 -0.002106392 -0.004363728 -0.01517757 -0.002023504 -0.004363728 -0.0151655 -0.002023504 -0.004364728 -0.01512824 -0.002106392 -0.004364728 -0.01512824 -0.002117058 -0.004364728 -0.0151655 -0.002106392 -0.004364728 -0.0151655 -0.002023504 -0.004364728 -0.01517757 -0.002023504 -0.004364728 -0.01517757 -0.002117058 -0.004364228 -0.01508761 -0.002206641 -0.004363728 -0.01508651 -0.002197123 -0.004363728 -0.01510951 -0.002203341 -0.004363728 -0.01510951 -0.002214724 -0.004363728 -0.01510416 -0.002246626 -0.004363728 -0.01510105 -0.00223816 -0.004363728 -0.01511604 -0.002247583 -0.004363728 -0.01508971 -0.002234047 -0.004363728 -0.01509387 -0.002225772 -0.004363728 -0.01507407 -0.002222999 -0.004363728 -0.0151103 -0.002261788 -0.004363728 -0.01510076 -0.002254422 -0.004363728 -0.01507407 -0.002231942 -0.004363728 -0.01506235 -0.002222472 -0.004363728 -0.01507407 -0.002238351 -0.004363728 -0.01509485 -0.002267049 -0.004363728 -0.01509182 -0.002257435 -0.004363728 -0.01507423 -0.002255139 -0.004363728 -0.0150791 -0.002251983 -0.004363728 -0.01506235 -0.002265471 -0.004363728 -0.01507407 -0.002265471 -0.004364728 -0.01510076 -0.002254422 -0.004364728 -0.01510416 -0.002246626 -0.004364728 -0.01509182 -0.002257435 -0.004364728 -0.0150791 -0.002251983 -0.004364728 -0.01507407 -0.002238351 -0.004364728 -0.01507407 -0.002231942 -0.004364728 -0.01508971 -0.002234047 -0.004364728 -0.01510105 -0.00223816 -0.004364728 -0.01506235 -0.002222472 -0.004364728 -0.01508651 -0.002197123 -0.004364728 -0.01506235 -0.002265471 -0.004364728 -0.01507407 -0.002265471 -0.004364728 -0.01507423 -0.002255139 -0.004364728 -0.01509485 -0.002267049 -0.004364728 -0.0151103 -0.002261788 -0.004364728 -0.01511604 -0.002247583 -0.004364728 -0.01509387 -0.002225772 -0.004364728 -0.01507407 -0.002222999 -0.004364728 -0.01510951 -0.002214724 -0.004364728 -0.01510951 -0.002203341 -0.004363728 -0.01475579 -0.002265471 -0.004363728 -0.0147468 -0.002239882 -0.004363728 -0.01476914 -0.002265471 -0.004363728 -0.01474298 -0.002229312 -0.004363728 -0.01468496 -0.002265471 -0.004363728 -0.01470785 -0.002239882 -0.004363728 -0.01469831 -0.002265471 -0.004363728 -0.01471158 -0.002229312 -0.004363728 -0.01472731 -0.002183874 -0.004363728 -0.01473351 -0.002171917 -0.004363728 -0.01472899 -0.002190427 -0.004363728 -0.01472059 -0.002171917 -0.004363728 -0.01472571 -0.002190427 -0.004364728 -0.01471158 -0.002229312 -0.004364728 -0.01474298 -0.002229312 -0.004364728 -0.01472899 -0.002190427 -0.004364728 -0.01472731 -0.002183874 -0.004364728 -0.01472571 -0.002190427 -0.004364728 -0.01472059 -0.002171917 -0.004364728 -0.01468496 -0.002265471 -0.004364728 -0.01473351 -0.002171917 -0.004364728 -0.01476914 -0.002265471 -0.004364728 -0.01475579 -0.002265471 -0.004364728 -0.0147468 -0.002239882 -0.004364728 -0.01470785 -0.002239882 -0.004364728 -0.01469831 -0.002265471 -0.004363728 -0.01503564 -0.002117058 -0.004363728 -0.01498533 -0.002117058 -0.004363728 -0.01502356 -0.002106392 -0.004363728 -0.01502356 -0.00207492 -0.004363728 -0.01498533 -0.002106392 -0.004363728 -0.01503564 -0.002023504 -0.004363728 -0.01502356 -0.002064207 -0.004363728 -0.01502356 -0.002034266 -0.004363728 -0.01499011 -0.00207492 -0.004363728 -0.01499011 -0.002064207 -0.004363728 -0.01498745 -0.002034266 -0.004363728 -0.01498745 -0.002023504 -0.004364728 -0.01498533 -0.002106392 -0.004364728 -0.01498533 -0.002117058 -0.004364728 -0.01502356 -0.002106392 -0.004364728 -0.01502356 -0.00207492 -0.004364728 -0.01499011 -0.00207492 -0.004364728 -0.01499011 -0.002064207 -0.004364728 -0.01502356 -0.002064207 -0.004364728 -0.01502356 -0.002034266 -0.004364728 -0.01498745 -0.002034266 -0.004364728 -0.01498745 -0.002023504 -0.004364728 -0.01503564 -0.002023504 -0.004364728 -0.01503564 -0.002117058 -0.004363728 -0.01491849 -0.002265471 -0.004363728 -0.01486817 -0.002265471 -0.004363728 -0.01490641 -0.002254805 -0.004363728 -0.01490641 -0.002223333 -0.004363728 -0.01486817 -0.002254805 -0.004363728 -0.01491849 -0.002171917 -0.004363728 -0.01490641 -0.00221262 -0.004363728 -0.01490641 -0.002182679 -0.004363728 -0.01487295 -0.002223333 -0.004363728 -0.01487295 -0.00221262 -0.004363728 -0.0148703 -0.002182679 -0.004363728 -0.0148703 -0.002171917 -0.004364728 -0.01486817 -0.002254805 -0.004364728 -0.01486817 -0.002265471 -0.004364728 -0.01490641 -0.002254805 -0.004364728 -0.01490641 -0.002223333 -0.004364728 -0.01487295 -0.002223333 -0.004364728 -0.01487295 -0.00221262 -0.004364728 -0.01490641 -0.00221262 -0.004364728 -0.01490641 -0.002182679 -0.004364728 -0.0148703 -0.002182679 -0.004364728 -0.0148703 -0.002171917 -0.004364728 -0.01491849 -0.002171917 -0.004364728 -0.01491849 -0.002265471 -0.004363728 -0.01487295 -0.002117058 -0.004363728 -0.01486396 -0.002091469 -0.004363728 -0.0148863 -0.002117058 -0.004363728 -0.01486013 -0.002080899 -0.004363728 -0.01480212 -0.002117058 -0.004363728 -0.014825 -0.002091469 -0.004363728 -0.01481546 -0.002117058 -0.004363728 -0.01482873 -0.002080899 -0.004363728 -0.01484447 -0.002035462 -0.004363728 -0.01485066 -0.002023504 -0.004363728 -0.01484614 -0.002042014 -0.004363728 -0.01483775 -0.002023504 -0.004363728 -0.01484287 -0.002042014 -0.004364728 -0.01482873 -0.002080899 -0.004364728 -0.01486013 -0.002080899 -0.004364728 -0.01484614 -0.002042014 -0.004364728 -0.01484447 -0.002035462 -0.004364728 -0.01484287 -0.002042014 -0.004364728 -0.01483775 -0.002023504 -0.004364728 -0.01480212 -0.002117058 -0.004364728 -0.01485066 -0.002023504 -0.004364728 -0.0148863 -0.002117058 -0.004364728 -0.01487295 -0.002117058 -0.004364728 -0.01486396 -0.002091469 -0.004364728 -0.014825 -0.002091469 -0.004364728 -0.01481546 -0.002117058 -0.004363728 -0.01517757 -0.002265471 -0.004363728 -0.01512726 -0.002265471 -0.004363728 -0.0151655 -0.002254805 -0.004363728 -0.0151655 -0.002223333 -0.004363728 -0.01512726 -0.002254805 -0.004363728 -0.01517757 -0.002171917 -0.004363728 -0.0151655 -0.00221262 -0.004363728 -0.0151655 -0.002182679 -0.004363728 -0.01513204 -0.002223333 -0.004363728 -0.01513204 -0.00221262 -0.004363728 -0.01512939 -0.002182679 -0.004363728 -0.01512939 -0.002171917 -0.004364728 -0.01512726 -0.002254805 -0.004364728 -0.01512726 -0.002265471 -0.004364728 -0.0151655 -0.002254805 -0.004364728 -0.0151655 -0.002223333 -0.004364728 -0.01513204 -0.002223333 -0.004364728 -0.01513204 -0.00221262 -0.004364728 -0.0151655 -0.00221262 -0.004364728 -0.0151655 -0.002182679 -0.004364728 -0.01512939 -0.002182679 -0.004364728 -0.01512939 -0.002171917 -0.004364728 -0.01517757 -0.002171917 -0.004364728 -0.01517757 -0.002265471 -0.004364728 -0.0151109 -0.002035701 -0.004364728 -0.01507654 -0.002021926 -0.004364728 -0.01510191 -0.00204321 -0.004364728 -0.01507642 -0.002032831 -0.004364728 -0.01511174 -0.002071333 -0.004364728 -0.01512441 -0.002072051 -0.004364728 -0.01505437 -0.002025752 -0.004364728 -0.01505437 -0.002038379 -0.004364728 -0.01510255 -0.002098022 -0.004364728 -0.01511241 -0.002105866 -0.004364728 -0.01507852 -0.002107874 -0.004364728 -0.01508027 -0.002118636 -0.004364728 -0.01505437 -0.002101609 -0.004364728 -0.01505437 -0.002113183 -0.004363728 -0.01508027 -0.002118636 -0.004363728 -0.01505437 -0.002113183 -0.004363728 -0.01511241 -0.002105866 -0.004363728 -0.01512441 -0.002072051 -0.004363728 -0.0151109 -0.002035701 -0.004363728 -0.01507654 -0.002021926 -0.004363728 -0.01505437 -0.002025752 -0.004363728 -0.01505437 -0.002038379 -0.004363728 -0.01507642 -0.002032831 -0.004363728 -0.01510191 -0.00204321 -0.004363728 -0.01511174 -0.002071333 -0.004363728 -0.01510255 -0.002098022 -0.004363728 -0.01507852 -0.002107874 -0.004363728 -0.01505437 -0.002101609 -0.004363728 -0.01559741 -0.002264465 -0.004363728 -0.01559675 -0.002219899 -0.004363728 -0.01565062 -0.002232537 -0.004363728 -0.01553422 -0.002309695 -0.004363728 -0.01553489 -0.002269786 -0.004363728 -0.01563666 -0.002158705 -0.004363728 -0.01567856 -0.002160036 -0.004363728 -0.01553489 -0.002217904 -0.004363728 -0.0156473 -0.002084208 -0.004363728 -0.01546771 -0.00224318 -0.004363728 -0.01553422 -0.002175999 -0.004363728 -0.01546771 -0.002236528 -0.004363728 -0.01548434 -0.002198614 -0.004363728 -0.01557014 -0.00209219 -0.004364184 -0.01537954 -0.002265711 -0.004364228 -0.01537858 -0.002265795 -0.004364143 -0.01538049 -0.00226558 -0.004364104 -0.01538143 -0.002265403 -0.004364068 -0.01538235 -0.002265183 -0.004364035 -0.01538326 -0.002264919 -0.004364005 -0.01538416 -0.002264614 -0.004363977 -0.01538503 -0.002264268 -0.004363952 -0.01538589 -0.002263883 -0.00436393 -0.01538672 -0.00226346 -0.004363911 -0.01538754 -0.002263001 -0.004363894 -0.01538833 -0.002262505 -0.004363881 -0.0153891 -0.002261975 -0.004364037 -0.01539731 -0.002249835 -0.004364228 -0.01539787 -0.002245175 -0.00436407 -0.01539751 -0.00224891 -0.004364107 -0.01539767 -0.002247972 -0.004364145 -0.01539778 -0.002247024 -0.004364186 -0.01539784 -0.002246104 -0.004364007 -0.01539707 -0.002250746 -0.004364184 -0.01539784 -0.00224415 -0.004363979 -0.01539678 -0.002251643 -0.004364143 -0.01539776 -0.002243138 -0.004363954 -0.01539646 -0.002252525 -0.004364104 -0.01539764 -0.002242139 -0.004364068 -0.01539747 -0.002241155 -0.004364035 -0.01539725 -0.002240187 -0.004364005 -0.01539698 -0.002239236 -0.004363932 -0.01539609 -0.002253389 -0.004363977 -0.01539667 -0.002238303 -0.004363952 -0.01539632 -0.00223739 -0.00436393 -0.01539593 -0.002236499 -0.004363912 -0.01539569 -0.002254235 -0.004363911 -0.01539549 -0.002235628 -0.004363894 -0.01539502 -0.002234782 -0.004363895 -0.01539525 -0.002255061 -0.004364228 -0.01557081 -0.002052281 -0.004363728 -0.01555551 -0.002053611 -0.004363728 -0.01553489 -0.002102167 -0.004363728 -0.01533933 -0.002265795 -0.004363728 -0.01537325 -0.00222522 -0.00436387 -0.01538984 -0.002261413 -0.004363862 -0.01539056 -0.002260818 -0.004363856 -0.01539125 -0.002260193 -0.004363853 -0.01539192 -0.002259538 -0.004363853 -0.01539255 -0.002258855 -0.004363857 -0.01539316 -0.002258145 -0.004363862 -0.01539373 -0.00225741 -0.00436387 -0.01539427 -0.002256649 -0.004363882 -0.01539478 -0.002255866 -0.004363881 -0.01539451 -0.00223396 -0.00436387 -0.01539396 -0.002233164 -0.004363862 -0.01539338 -0.002232395 -0.004363856 -0.01539276 -0.002231654 -0.004363853 -0.01539211 -0.002230942 -0.004363853 -0.01539142 -0.002230262 -0.004363857 -0.01539071 -0.002229613 -0.004363862 -0.01538997 -0.002228998 -0.00436387 -0.0153892 -0.002228417 -0.004363882 -0.0153884 -0.002227871 -0.004363895 -0.01538757 -0.002227363 -0.004363912 -0.01538672 -0.002226893 -0.004363932 -0.01538585 -0.002226461 -0.004363954 -0.01538496 -0.002226071 -0.004363979 -0.01538405 -0.002225722 -0.004364007 -0.01538311 -0.002225417 -0.004364037 -0.01538216 -0.002225155 -0.00436407 -0.01538119 -0.002224939 -0.004364107 -0.0153802 -0.00222477 -0.004364145 -0.0153792 -0.002224649 -0.004364186 -0.01537823 -0.002224579 -0.004364228 -0.01537725 -0.002224555 -0.004363728 -0.01534332 -0.00222522 -0.004363728 -0.01552624 -0.002024344 -0.004363728 -0.0152788 -0.002235863 -0.004363728 -0.01544576 -0.002038312 -0.004363728 -0.01529543 -0.002173339 -0.004363728 -0.01544642 -0.001998403 -0.004363728 -0.01525419 -0.002172673 -0.004363728 -0.01532004 -0.002085538 -0.004363728 -0.01534731 -0.002121456 -0.004363728 -0.01535263 -0.002121456 -0.004363728 -0.01535596 -0.002032991 -0.004363728 -0.01537459 -0.002187307 -0.004363728 -0.01539521 -0.002152054 -0.004364728 -0.01553489 -0.002217904 -0.004364728 -0.01553489 -0.002269786 -0.004364728 -0.01525419 -0.002172673 -0.004364728 -0.01532004 -0.002085538 -0.004364728 -0.01535596 -0.002032991 -0.004364728 -0.01544642 -0.001998403 -0.004364728 -0.01552624 -0.002024344 -0.004364728 -0.01555551 -0.002053611 -0.004364728 -0.0156473 -0.002084208 -0.004364728 -0.01567856 -0.002160036 -0.004364728 -0.01565062 -0.002232537 -0.004364728 -0.01559741 -0.002264465 -0.004364728 -0.01553422 -0.002309695 -0.004364728 -0.01546771 -0.00224318 -0.004364728 -0.01546771 -0.002236528 -0.004364728 -0.01537459 -0.002187307 -0.004364728 -0.01539521 -0.002152054 -0.004364728 -0.01548434 -0.002198614 -0.004364728 -0.01553422 -0.002175999 -0.004364728 -0.01559675 -0.002219899 -0.004364728 -0.01563666 -0.002158705 -0.004364728 -0.01557014 -0.00209219 -0.004364728 -0.01553489 -0.002102167 -0.004364728 -0.01544576 -0.002038312 -0.004364728 -0.01535263 -0.002121456 -0.004364728 -0.01534731 -0.002121456 -0.004364728 -0.01529543 -0.002173339 -0.004364728 -0.01534332 -0.00222522 -0.004364728 -0.01537325 -0.00222522 -0.004364271 -0.01537823 -0.002224579 -0.00436431 -0.0153792 -0.002224649 -0.004364349 -0.0153802 -0.00222477 -0.004364385 -0.01538119 -0.002224939 -0.004364419 -0.01538216 -0.002225155 -0.004364449 -0.01538311 -0.002225417 -0.004364477 -0.01538405 -0.002225722 -0.004364502 -0.01538496 -0.002226071 -0.004364525 -0.01538585 -0.002226461 -0.004364544 -0.01538672 -0.002226893 -0.004364561 -0.01538757 -0.002227363 -0.004364575 -0.0153884 -0.002227871 -0.004364586 -0.0153892 -0.002228417 -0.004364594 -0.01538997 -0.002228998 -0.0043646 -0.01539071 -0.002229613 -0.004364603 -0.01539142 -0.002230262 -0.004364603 -0.01539211 -0.002230942 -0.0043646 -0.01539276 -0.002231654 -0.004364595 -0.01539338 -0.002232395 -0.004364586 -0.01539396 -0.002233164 -0.004364576 -0.01539451 -0.00223396 -0.004364562 -0.01539502 -0.002234782 -0.004364545 -0.01539549 -0.002235628 -0.004364526 -0.01539593 -0.002236499 -0.004364504 -0.01539632 -0.00223739 -0.004364479 -0.01539667 -0.002238303 -0.004364451 -0.01539698 -0.002239236 -0.004364422 -0.01539725 -0.002240187 -0.004364388 -0.01539747 -0.002241155 -0.004364352 -0.01539764 -0.002242139 -0.004364314 -0.01539776 -0.002243138 -0.004364272 -0.01539784 -0.00224415 -0.004364271 -0.01539784 -0.002246104 -0.00436431 -0.01539778 -0.002247024 -0.004364349 -0.01539767 -0.002247972 -0.004364385 -0.01539751 -0.00224891 -0.004364419 -0.01539731 -0.002249835 -0.004364449 -0.01539707 -0.002250746 -0.004364477 -0.01539678 -0.002251643 -0.004364502 -0.01539646 -0.002252525 -0.004364525 -0.01539609 -0.002253389 -0.004364544 -0.01539569 -0.002254235 -0.004364561 -0.01539525 -0.002255061 -0.004364575 -0.01539478 -0.002255866 -0.004364586 -0.01539427 -0.002256649 -0.004364594 -0.01539373 -0.00225741 -0.0043646 -0.01539316 -0.002258145 -0.004364603 -0.01539255 -0.002258855 -0.004364603 -0.01539192 -0.002259538 -0.0043646 -0.01539125 -0.002260193 -0.004364595 -0.01539056 -0.002260818 -0.004364586 -0.01538984 -0.002261413 -0.004364576 -0.0153891 -0.002261975 -0.004364562 -0.01538833 -0.002262505 -0.004364545 -0.01538754 -0.002263001 -0.004364526 -0.01538672 -0.00226346 -0.004364504 -0.01538589 -0.002263883 -0.004364479 -0.01538503 -0.002264268 -0.004364451 -0.01538416 -0.002264614 -0.004364422 -0.01538326 -0.002264919 -0.004364388 -0.01538235 -0.002265183 -0.004364352 -0.01538143 -0.002265403 -0.004364314 -0.01538049 -0.00226558 -0.004364272 -0.01537954 -0.002265711 -0.004364728 -0.01533933 -0.002265795 -0.004364728 -0.0152788 -0.002235863 0.009983068 -0.01278147 -0.002825 0.009983068 -0.01279549 -0.002785 0.009983068 -0.01280647 -0.002795981 0.009983068 -0.01282147 -0.0028 0.009983068 -0.01279147 -0.00277 0.009983068 -0.01278147 -0.002698 0.009983068 -0.01279147 -0.002698 0.009983068 -0.01310647 -0.002825 0.009983068 -0.01310647 -0.0028 0.009733068 -0.01279147 -0.002698 0.009733068 -0.01278147 -0.002698 0.009733068 -0.01310647 -0.0028 0.009733068 -0.01282147 -0.0028 0.009733068 -0.01310647 -0.002825 0.009733068 -0.01278147 -0.002825 0.009733068 -0.01280647 -0.002795981 0.009733068 -0.01279549 -0.002785 0.009733068 -0.01279147 -0.00277 0.009966321 -0.01316897 -0.002825 0.009966321 -0.01316897 -0.0028 0.009920568 -0.01321472 -0.002825 0.009920568 -0.01321472 -0.0028 0.009858068 -0.01323147 -0.002825 0.009858068 -0.01323147 -0.0028 0.009795568 -0.01321472 -0.002825 0.009795568 -0.01321472 -0.0028 0.009749815 -0.01316897 -0.002825 0.009749815 -0.01316897 -0.0028 0.009483068 -0.01278147 -0.002825 0.009483068 -0.01279549 -0.002785 0.009483068 -0.01280647 -0.002795981 0.009483068 -0.01282147 -0.0028 0.009483068 -0.01279147 -0.00277 0.009483068 -0.01278147 -0.002698 0.009483068 -0.01279147 -0.002698 0.009483068 -0.01310647 -0.002825 0.009483068 -0.01310647 -0.0028 0.009233068 -0.01279147 -0.002698 0.009233068 -0.01278147 -0.002698 0.009233068 -0.01310647 -0.0028 0.009233068 -0.01282147 -0.0028 0.009233068 -0.01310647 -0.002825 0.009233068 -0.01278147 -0.002825 0.009233068 -0.01280647 -0.002795981 0.009233068 -0.01279549 -0.002785 0.009233068 -0.01279147 -0.00277 0.009466321 -0.01316897 -0.002825 0.009466321 -0.01316897 -0.0028 0.009420568 -0.01321472 -0.002825 0.009420568 -0.01321472 -0.0028 0.009358068 -0.01323147 -0.002825 0.009358068 -0.01323147 -0.0028 0.009295568 -0.01321472 -0.002825 0.009295568 -0.01321472 -0.0028 0.009249815 -0.01316897 -0.002825 0.009249815 -0.01316897 -0.0028 0.01048307 -0.01278147 -0.002825 0.01048307 -0.01279549 -0.002785 0.01048307 -0.01280647 -0.002795981 0.01048307 -0.01282147 -0.0028 0.01048307 -0.01279147 -0.00277 0.01048307 -0.01278147 -0.002698 0.01048307 -0.01279147 -0.002698 0.01048307 -0.01310647 -0.002825 0.01048307 -0.01310647 -0.0028 0.01023307 -0.01279147 -0.002698 0.01023307 -0.01278147 -0.002698 0.01023307 -0.01310647 -0.0028 0.01023307 -0.01282147 -0.0028 0.01023307 -0.01310647 -0.002825 0.01023307 -0.01278147 -0.002825 0.01023307 -0.01280647 -0.002795981 0.01023307 -0.01279549 -0.002785 0.01023307 -0.01279147 -0.00277 0.01046632 -0.01316897 -0.002825 0.01046632 -0.01316897 -0.0028 0.01042057 -0.01321472 -0.002825 0.01042057 -0.01321472 -0.0028 0.01035807 -0.01323147 -0.002825 0.01035807 -0.01323147 -0.0028 0.01029557 -0.01321472 -0.002825 0.01029557 -0.01321472 -0.0028 0.01024981 -0.01316897 -0.002825 0.01024981 -0.01316897 -0.0028 0.009733068 -0.01580147 -0.002825 0.009733068 -0.01578745 -0.002785 0.009733068 -0.01577647 -0.002795981 0.009733068 -0.01576147 -0.0028 0.009733068 -0.01579147 -0.00277 0.009733068 -0.01580147 -0.002698 0.009733068 -0.01579147 -0.002698 0.009733068 -0.01547647 -0.002825 0.009733068 -0.01547647 -0.0028 0.009983068 -0.01580147 -0.002698 0.009983068 -0.01579147 -0.002698 0.009983068 -0.01547647 -0.0028 0.009983068 -0.01576147 -0.0028 0.009983068 -0.01547647 -0.002825 0.009983068 -0.01580147 -0.002825 0.009983068 -0.01577647 -0.002795981 0.009983068 -0.01578745 -0.002785 0.009983068 -0.01579147 -0.00277 0.009749815 -0.01541397 -0.002825 0.009795568 -0.01536821 -0.002825 0.009858068 -0.01535147 -0.002825 0.009920568 -0.01536821 -0.002825 0.009966321 -0.01541397 -0.002825 0.009749815 -0.01541397 -0.0028 0.009795568 -0.01536821 -0.0028 0.009858068 -0.01535147 -0.0028 0.009920568 -0.01536821 -0.0028 0.009966321 -0.01541397 -0.0028 0.01023307 -0.01580147 -0.002825 0.01023307 -0.01578745 -0.002785 0.01023307 -0.01577647 -0.002795981 0.01023307 -0.01576147 -0.0028 0.01023307 -0.01579147 -0.00277 0.01023307 -0.01580147 -0.002698 0.01023307 -0.01579147 -0.002698 0.01023307 -0.01547647 -0.002825 0.01023307 -0.01547647 -0.0028 0.01048307 -0.01580147 -0.002698 0.01048307 -0.01579147 -0.002698 0.01048307 -0.01547647 -0.0028 0.01048307 -0.01576147 -0.0028 0.01048307 -0.01547647 -0.002825 0.01048307 -0.01580147 -0.002825 0.01048307 -0.01577647 -0.002795981 0.01048307 -0.01578745 -0.002785 0.01048307 -0.01579147 -0.00277 0.01024981 -0.01541397 -0.002825 0.01029557 -0.01536821 -0.002825 0.01035807 -0.01535147 -0.002825 0.01042057 -0.01536821 -0.002825 0.01046632 -0.01541397 -0.002825 0.01024981 -0.01541397 -0.0028 0.01029557 -0.01536821 -0.0028 0.01035807 -0.01535147 -0.0028 0.01042057 -0.01536821 -0.0028 0.01046632 -0.01541397 -0.0028 0.01073307 -0.01580147 -0.002825 0.01073307 -0.01578745 -0.002785 0.01073307 -0.01577647 -0.002795981 0.01073307 -0.01576147 -0.0028 0.01073307 -0.01579147 -0.00277 0.01073307 -0.01580147 -0.002698 0.01073307 -0.01579147 -0.002698 0.01073307 -0.01547647 -0.002825 0.01073307 -0.01547647 -0.0028 0.01098307 -0.01580147 -0.002698 0.01098307 -0.01579147 -0.002698 0.01098307 -0.01547647 -0.0028 0.01098307 -0.01576147 -0.0028 0.01098307 -0.01547647 -0.002825 0.01098307 -0.01580147 -0.002825 0.01098307 -0.01577647 -0.002795981 0.01098307 -0.01578745 -0.002785 0.01098307 -0.01579147 -0.00277 0.01074981 -0.01541397 -0.002825 0.01074981 -0.01541397 -0.0028 0.01079557 -0.01536821 -0.002825 0.01079557 -0.01536821 -0.0028 0.01085807 -0.01535147 -0.002825 0.01085807 -0.01535147 -0.0028 0.01092057 -0.01536821 -0.002825 0.01092057 -0.01536821 -0.0028 0.01096632 -0.01541397 -0.002825 0.01096632 -0.01541397 -0.0028 0.009233068 -0.01580147 -0.002825 0.009233068 -0.01578745 -0.002785 0.009233068 -0.01577647 -0.002795981 0.009233068 -0.01576147 -0.0028 0.009233068 -0.01579147 -0.00277 0.009233068 -0.01580147 -0.002698 0.009233068 -0.01579147 -0.002698 0.009233068 -0.01547647 -0.002825 0.009233068 -0.01547647 -0.0028 0.009483068 -0.01580147 -0.002698 0.009483068 -0.01579147 -0.002698 0.009483068 -0.01547647 -0.0028 0.009483068 -0.01576147 -0.0028 0.009483068 -0.01547647 -0.002825 0.009483068 -0.01580147 -0.002825 0.009483068 -0.01577647 -0.002795981 0.009483068 -0.01578745 -0.002785 0.009483068 -0.01579147 -0.00277 0.009249815 -0.01541397 -0.002825 0.009295568 -0.01536821 -0.002825 0.009358068 -0.01535147 -0.002825 0.009420568 -0.01536821 -0.002825 0.009466321 -0.01541397 -0.002825 0.009249815 -0.01541397 -0.0028 0.009295568 -0.01536821 -0.0028 0.009358068 -0.01535147 -0.0028 0.009420568 -0.01536821 -0.0028 0.009466321 -0.01541397 -0.0028 0.01090807 -0.01419147 -0.0028 0.01090807 -0.01439147 -0.0028 0.01090807 -0.01419147 -0.002825 0.01090807 -0.01439147 -0.002825 0.01080807 -0.01419147 -0.0028 0.01080807 -0.01419147 -0.002825 0.01078897 -0.01425024 -0.002825 0.01078897 -0.01425024 -0.0028 0.01073897 -0.01428657 -0.002825 0.01073897 -0.01428657 -0.0028 0.01067717 -0.01428657 -0.002825 0.01067717 -0.01428657 -0.0028 0.01062717 -0.01425024 -0.002825 0.01062717 -0.01425024 -0.0028 0.01060807 -0.01419147 -0.002825 0.01060807 -0.01419147 -0.0028 0.009308068 -0.01419147 -0.002825 0.009308068 -0.01419147 -0.0028 0.009308068 -0.01439147 -0.0028 0.009308068 -0.01439147 -0.002825 0.01098307 -0.01310647 -0.002825 0.01073307 -0.01278147 -0.002825 0.01098307 -0.01278147 -0.002825 0.01073307 -0.01310647 -0.002825 0.01096632 -0.01316897 -0.002825 0.01092057 -0.01321472 -0.002825 0.01085807 -0.01323147 -0.002825 0.01079557 -0.01321472 -0.002825 0.01074981 -0.01316897 -0.002825 0.01098307 -0.01278147 -0.002698 0.01098307 -0.01310647 -0.002698 0.01073307 -0.01278147 -0.002698 0.01073307 -0.01310647 -0.002698 0.01096632 -0.01316897 -0.002698 0.01092057 -0.01321472 -0.002698 0.01085807 -0.01323147 -0.002698 0.01079557 -0.01321472 -0.002698 0.01074981 -0.01316897 -0.002698 0.001894671 -0.01278147 -0.002825 0.001894671 -0.01279549 -0.002785 0.001894671 -0.01280647 -0.002795981 0.001894671 -0.01282147 -0.0028 0.001894671 -0.01279147 -0.00277 0.001894671 -0.01278147 -0.002698 0.001894671 -0.01279147 -0.002698 0.001894671 -0.01310647 -0.002825 0.001894671 -0.01310647 -0.0028 0.001644671 -0.01279147 -0.002698 0.001644671 -0.01278147 -0.002698 0.001644671 -0.01310647 -0.0028 0.001644671 -0.01282147 -0.0028 0.001644671 -0.01310647 -0.002825 0.001644671 -0.01278147 -0.002825 0.001644671 -0.01280647 -0.002795981 0.001644671 -0.01279549 -0.002785 0.001644671 -0.01279147 -0.00277 0.001877924 -0.01316897 -0.002825 0.001877924 -0.01316897 -0.0028 0.001832171 -0.01321472 -0.002825 0.001832171 -0.01321472 -0.0028 0.001769671 -0.01323147 -0.002825 0.001769671 -0.01323147 -0.0028 0.001707171 -0.01321472 -0.002825 0.001707171 -0.01321472 -0.0028 0.001661418 -0.01316897 -0.002825 0.001661418 -0.01316897 -0.0028 0.001394671 -0.01278147 -0.002825 0.001394671 -0.01279549 -0.002785 0.001394671 -0.01280647 -0.002795981 0.001394671 -0.01282147 -0.0028 0.001394671 -0.01279147 -0.00277 0.001394671 -0.01278147 -0.002698 0.001394671 -0.01279147 -0.002698 0.001394671 -0.01310647 -0.002825 0.001394671 -0.01310647 -0.0028 0.001144671 -0.01279147 -0.002698 0.001144671 -0.01278147 -0.002698 0.001144671 -0.01310647 -0.0028 0.001144671 -0.01282147 -0.0028 0.001144671 -0.01310647 -0.002825 0.001144671 -0.01278147 -0.002825 0.001144671 -0.01280647 -0.002795981 0.001144671 -0.01279549 -0.002785 0.001144671 -0.01279147 -0.00277 0.001377924 -0.01316897 -0.002825 0.001377924 -0.01316897 -0.0028 0.001332171 -0.01321472 -0.002825 0.001332171 -0.01321472 -0.0028 0.001269671 -0.01323147 -0.002825 0.001269671 -0.01323147 -0.0028 0.001207171 -0.01321472 -0.002825 0.001207171 -0.01321472 -0.0028 0.001161418 -0.01316897 -0.002825 0.001161418 -0.01316897 -0.0028 0.002394671 -0.01278147 -0.002825 0.002394671 -0.01279549 -0.002785 0.002394671 -0.01280647 -0.002795981 0.002394671 -0.01282147 -0.0028 0.002394671 -0.01279147 -0.00277 0.002394671 -0.01278147 -0.002698 0.002394671 -0.01279147 -0.002698 0.002394671 -0.01310647 -0.002825 0.002394671 -0.01310647 -0.0028 0.002144671 -0.01279147 -0.002698 0.002144671 -0.01278147 -0.002698 0.002144671 -0.01310647 -0.0028 0.002144671 -0.01282147 -0.0028 0.002144671 -0.01310647 -0.002825 0.002144671 -0.01278147 -0.002825 0.002144671 -0.01280647 -0.002795981 0.002144671 -0.01279549 -0.002785 0.002144671 -0.01279147 -0.00277 0.002377925 -0.01316897 -0.002825 0.002377925 -0.01316897 -0.0028 0.002332171 -0.01321472 -0.002825 0.002332171 -0.01321472 -0.0028 0.002269671 -0.01323147 -0.002825 0.002269671 -0.01323147 -0.0028 0.002207171 -0.01321472 -0.002825 0.002207171 -0.01321472 -0.0028 0.002161418 -0.01316897 -0.002825 0.002161418 -0.01316897 -0.0028 0.001644671 -0.01580147 -0.002825 0.001644671 -0.01578745 -0.002785 0.001644671 -0.01577647 -0.002795981 0.001644671 -0.01576147 -0.0028 0.001644671 -0.01579147 -0.00277 0.001644671 -0.01580147 -0.002698 0.001644671 -0.01579147 -0.002698 0.001644671 -0.01547647 -0.002825 0.001644671 -0.01547647 -0.0028 0.001894671 -0.01580147 -0.002698 0.001894671 -0.01579147 -0.002698 0.001894671 -0.01547647 -0.0028 0.001894671 -0.01576147 -0.0028 0.001894671 -0.01547647 -0.002825 0.001894671 -0.01580147 -0.002825 0.001894671 -0.01577647 -0.002795981 0.001894671 -0.01578745 -0.002785 0.001894671 -0.01579147 -0.00277 0.001661418 -0.01541397 -0.002825 0.001707171 -0.01536821 -0.002825 0.001769671 -0.01535147 -0.002825 0.001832171 -0.01536821 -0.002825 0.001877924 -0.01541397 -0.002825 0.001661418 -0.01541397 -0.0028 0.001707171 -0.01536821 -0.0028 0.001769671 -0.01535147 -0.0028 0.001832171 -0.01536821 -0.0028 0.001877924 -0.01541397 -0.0028 0.002144671 -0.01580147 -0.002825 0.002144671 -0.01578745 -0.002785 0.002144671 -0.01577647 -0.002795981 0.002144671 -0.01576147 -0.0028 0.002144671 -0.01579147 -0.00277 0.002144671 -0.01580147 -0.002698 0.002144671 -0.01579147 -0.002698 0.002144671 -0.01547647 -0.002825 0.002144671 -0.01547647 -0.0028 0.002394671 -0.01580147 -0.002698 0.002394671 -0.01579147 -0.002698 0.002394671 -0.01547647 -0.0028 0.002394671 -0.01576147 -0.0028 0.002394671 -0.01547647 -0.002825 0.002394671 -0.01580147 -0.002825 0.002394671 -0.01577647 -0.002795981 0.002394671 -0.01578745 -0.002785 0.002394671 -0.01579147 -0.00277 0.002161418 -0.01541397 -0.002825 0.002207171 -0.01536821 -0.002825 0.002269671 -0.01535147 -0.002825 0.002332171 -0.01536821 -0.002825 0.002377925 -0.01541397 -0.002825 0.002161418 -0.01541397 -0.0028 0.002207171 -0.01536821 -0.0028 0.002269671 -0.01535147 -0.0028 0.002332171 -0.01536821 -0.0028 0.002377925 -0.01541397 -0.0028 0.002644671 -0.01580147 -0.002825 0.002644671 -0.01578745 -0.002785 0.002644671 -0.01577647 -0.002795981 0.002644671 -0.01576147 -0.0028 0.002644671 -0.01579147 -0.00277 0.002644671 -0.01580147 -0.002698 0.002644671 -0.01579147 -0.002698 0.002644671 -0.01547647 -0.002825 0.002644671 -0.01547647 -0.0028 0.002894671 -0.01580147 -0.002698 0.002894671 -0.01579147 -0.002698 0.002894671 -0.01547647 -0.0028 0.002894671 -0.01576147 -0.0028 0.002894671 -0.01547647 -0.002825 0.002894671 -0.01580147 -0.002825 0.002894671 -0.01577647 -0.002795981 0.002894671 -0.01578745 -0.002785 0.002894671 -0.01579147 -0.00277 0.002661418 -0.01541397 -0.002825 0.002661418 -0.01541397 -0.0028 0.002707171 -0.01536821 -0.002825 0.002707171 -0.01536821 -0.0028 0.002769671 -0.01535147 -0.002825 0.002769671 -0.01535147 -0.0028 0.002832171 -0.01536821 -0.002825 0.002832171 -0.01536821 -0.0028 0.002877925 -0.01541397 -0.002825 0.002877925 -0.01541397 -0.0028 0.001144671 -0.01580147 -0.002825 0.001144671 -0.01578745 -0.002785 0.001144671 -0.01577647 -0.002795981 0.001144671 -0.01576147 -0.0028 0.001144671 -0.01579147 -0.00277 0.001144671 -0.01580147 -0.002698 0.001144671 -0.01579147 -0.002698 0.001144671 -0.01547647 -0.002825 0.001144671 -0.01547647 -0.0028 0.001394671 -0.01580147 -0.002698 0.001394671 -0.01579147 -0.002698 0.001394671 -0.01547647 -0.0028 0.001394671 -0.01576147 -0.0028 0.001394671 -0.01547647 -0.002825 0.001394671 -0.01580147 -0.002825 0.001394671 -0.01577647 -0.002795981 0.001394671 -0.01578745 -0.002785 0.001394671 -0.01579147 -0.00277 0.001161418 -0.01541397 -0.002825 0.001207171 -0.01536821 -0.002825 0.001269671 -0.01535147 -0.002825 0.001332171 -0.01536821 -0.002825 0.001377924 -0.01541397 -0.002825 0.001161418 -0.01541397 -0.0028 0.001207171 -0.01536821 -0.0028 0.001269671 -0.01535147 -0.0028 0.001332171 -0.01536821 -0.0028 0.001377924 -0.01541397 -0.0028 0.002819671 -0.01419147 -0.0028 0.002819671 -0.01439147 -0.0028 0.002819671 -0.01419147 -0.002825 0.002819671 -0.01439147 -0.002825 0.002719671 -0.01419147 -0.0028 0.002719671 -0.01419147 -0.002825 0.002700573 -0.01425024 -0.002825 0.002700573 -0.01425024 -0.0028 0.002650573 -0.01428657 -0.002825 0.002650573 -0.01428657 -0.0028 0.00258877 -0.01428657 -0.002825 0.00258877 -0.01428657 -0.0028 0.00253877 -0.01425024 -0.002825 0.00253877 -0.01425024 -0.0028 0.002519671 -0.01419147 -0.002825 0.002519671 -0.01419147 -0.0028 0.001219671 -0.01419147 -0.002825 0.001219671 -0.01419147 -0.0028 0.001219671 -0.01439147 -0.0028 0.001219671 -0.01439147 -0.002825 0.001666794 -0.01255893 -0.000175 0.001666794 -0.01257295 -0.000215 0.001666794 -0.01258393 -0.0002040192 0.001666794 -0.01259893 -0.0002 0.001666794 -0.01256893 -0.00023 0.001666794 -0.01255893 -0.000302 0.001666794 -0.01256893 -0.000302 0.001666794 -0.01288393 -0.000175 0.001666794 -0.01288393 -0.0002 0.001916794 -0.01256893 -0.000302 0.001916794 -0.01255893 -0.000302 0.001916794 -0.01288393 -0.0002 0.001916794 -0.01259893 -0.0002 0.001916794 -0.01288393 -0.000175 0.001916794 -0.01255893 -0.000175 0.001916794 -0.01258393 -0.0002040192 0.001916794 -0.01257295 -0.000215 0.001916794 -0.01256893 -0.00023 0.00168354 -0.01294643 -0.000175 0.00168354 -0.01294643 -0.0002 0.001729293 -0.01299219 -0.000175 0.001729293 -0.01299219 -0.0002 0.001791794 -0.01300893 -0.000175 0.001791794 -0.01300893 -0.0002 0.001854294 -0.01299219 -0.000175 0.001854294 -0.01299219 -0.0002 0.001900047 -0.01294643 -0.000175 0.001900047 -0.01294643 -0.0002 0.002166794 -0.01255893 -0.000175 0.002166794 -0.01257295 -0.000215 0.002166794 -0.01258393 -0.0002040192 0.002166794 -0.01259893 -0.0002 0.002166794 -0.01256893 -0.00023 0.002166794 -0.01255893 -0.000302 0.002166794 -0.01256893 -0.000302 0.002166794 -0.01288393 -0.000175 0.002166794 -0.01288393 -0.0002 0.002416794 -0.01256893 -0.000302 0.002416794 -0.01255893 -0.000302 0.002416794 -0.01288393 -0.0002 0.002416794 -0.01259893 -0.0002 0.002416794 -0.01288393 -0.000175 0.002416794 -0.01255893 -0.000175 0.002416794 -0.01258393 -0.0002040192 0.002416794 -0.01257295 -0.000215 0.002416794 -0.01256893 -0.00023 0.00218354 -0.01294643 -0.000175 0.00218354 -0.01294643 -0.0002 0.002229294 -0.01299219 -0.000175 0.002229294 -0.01299219 -0.0002 0.002291794 -0.01300893 -0.000175 0.002291794 -0.01300893 -0.0002 0.002354294 -0.01299219 -0.000175 0.002354294 -0.01299219 -0.0002 0.002400047 -0.01294643 -0.000175 0.002400047 -0.01294643 -0.0002 0.001166794 -0.01255893 -0.000175 0.001166794 -0.01257295 -0.000215 0.001166794 -0.01258393 -0.0002040192 0.001166794 -0.01259893 -0.0002 0.001166794 -0.01256893 -0.00023 0.001166794 -0.01255893 -0.000302 0.001166794 -0.01256893 -0.000302 0.001166794 -0.01288393 -0.000175 0.001166794 -0.01288393 -0.0002 0.001416794 -0.01256893 -0.000302 0.001416794 -0.01255893 -0.000302 0.001416794 -0.01288393 -0.0002 0.001416794 -0.01259893 -0.0002 0.001416794 -0.01288393 -0.000175 0.001416794 -0.01255893 -0.000175 0.001416794 -0.01258393 -0.0002040192 0.001416794 -0.01257295 -0.000215 0.001416794 -0.01256893 -0.00023 0.00118354 -0.01294643 -0.000175 0.00118354 -0.01294643 -0.0002 0.001229294 -0.01299219 -0.000175 0.001229294 -0.01299219 -0.0002 0.001291794 -0.01300893 -0.000175 0.001291794 -0.01300893 -0.0002 0.001354294 -0.01299219 -0.000175 0.001354294 -0.01299219 -0.0002 0.001400047 -0.01294643 -0.000175 0.001400047 -0.01294643 -0.0002 0.001916794 -0.01557893 -0.000175 0.001916794 -0.01556491 -0.000215 0.001916794 -0.01555393 -0.0002040192 0.001916794 -0.01553893 -0.0002 0.001916794 -0.01556893 -0.00023 0.001916794 -0.01557893 -0.000302 0.001916794 -0.01556893 -0.000302 0.001916794 -0.01525394 -0.000175 0.001916794 -0.01525394 -0.0002 0.001666794 -0.01557893 -0.000302 0.001666794 -0.01556893 -0.000302 0.001666794 -0.01525394 -0.0002 0.001666794 -0.01553893 -0.0002 0.001666794 -0.01525394 -0.000175 0.001666794 -0.01557893 -0.000175 0.001666794 -0.01555393 -0.0002040192 0.001666794 -0.01556491 -0.000215 0.001666794 -0.01556893 -0.00023 0.001900047 -0.01519143 -0.000175 0.001854294 -0.01514568 -0.000175 0.001791794 -0.01512893 -0.000175 0.001729293 -0.01514568 -0.000175 0.00168354 -0.01519143 -0.000175 0.001900047 -0.01519143 -0.0002 0.001854294 -0.01514568 -0.0002 0.001791794 -0.01512893 -0.0002 0.001729293 -0.01514568 -0.0002 0.00168354 -0.01519143 -0.0002 0.001416794 -0.01557893 -0.000175 0.001416794 -0.01556491 -0.000215 0.001416794 -0.01555393 -0.0002040192 0.001416794 -0.01553893 -0.0002 0.001416794 -0.01556893 -0.00023 0.001416794 -0.01557893 -0.000302 0.001416794 -0.01556893 -0.000302 0.001416794 -0.01525394 -0.000175 0.001416794 -0.01525394 -0.0002 0.001166794 -0.01557893 -0.000302 0.001166794 -0.01556893 -0.000302 0.001166794 -0.01525394 -0.0002 0.001166794 -0.01553893 -0.0002 0.001166794 -0.01525394 -0.000175 0.001166794 -0.01557893 -0.000175 0.001166794 -0.01555393 -0.0002040192 0.001166794 -0.01556491 -0.000215 0.001166794 -0.01556893 -0.00023 0.001400047 -0.01519143 -0.000175 0.001354294 -0.01514568 -0.000175 0.001291794 -0.01512893 -0.000175 0.001229294 -0.01514568 -0.000175 0.00118354 -0.01519143 -0.000175 0.001400047 -0.01519143 -0.0002 0.001354294 -0.01514568 -0.0002 0.001291794 -0.01512893 -0.0002 0.001229294 -0.01514568 -0.0002 0.00118354 -0.01519143 -0.0002 0.0009167935 -0.01557893 -0.000175 0.0009167935 -0.01556491 -0.000215 0.0009167935 -0.01555393 -0.0002040192 0.0009167935 -0.01553893 -0.0002 0.0009167935 -0.01556893 -0.00023 0.0009167935 -0.01557893 -0.000302 0.0009167935 -0.01556893 -0.000302 0.0009167935 -0.01525394 -0.000175 0.0009167935 -0.01525394 -0.0002 0.0006667935 -0.01557893 -0.000302 0.0006667935 -0.01556893 -0.000302 0.0006667935 -0.01525394 -0.0002 0.0006667935 -0.01553893 -0.0002 0.0006667935 -0.01525394 -0.000175 0.0006667935 -0.01557893 -0.000175 0.0006667935 -0.01555393 -0.0002040192 0.0006667935 -0.01556491 -0.000215 0.0006667935 -0.01556893 -0.00023 0.0009000467 -0.01519143 -0.000175 0.0009000467 -0.01519143 -0.0002 0.0008542935 -0.01514568 -0.000175 0.0008542935 -0.01514568 -0.0002 0.0007917935 -0.01512893 -0.000175 0.0007917935 -0.01512893 -0.0002 0.0007292935 -0.01514568 -0.000175 0.0007292935 -0.01514568 -0.0002 0.0006835404 -0.01519143 -0.000175 0.0006835404 -0.01519143 -0.0002 0.002416794 -0.01557893 -0.000175 0.002416794 -0.01556491 -0.000215 0.002416794 -0.01555393 -0.0002040192 0.002416794 -0.01553893 -0.0002 0.002416794 -0.01556893 -0.00023 0.002416794 -0.01557893 -0.000302 0.002416794 -0.01556893 -0.000302 0.002416794 -0.01525394 -0.000175 0.002416794 -0.01525394 -0.0002 0.002166794 -0.01557893 -0.000302 0.002166794 -0.01556893 -0.000302 0.002166794 -0.01525394 -0.0002 0.002166794 -0.01553893 -0.0002 0.002166794 -0.01525394 -0.000175 0.002166794 -0.01557893 -0.000175 0.002166794 -0.01555393 -0.0002040192 0.002166794 -0.01556491 -0.000215 0.002166794 -0.01556893 -0.00023 0.002400047 -0.01519143 -0.000175 0.002354294 -0.01514568 -0.000175 0.002291794 -0.01512893 -0.000175 0.002229294 -0.01514568 -0.000175 0.00218354 -0.01519143 -0.000175 0.002400047 -0.01519143 -0.0002 0.002354294 -0.01514568 -0.0002 0.002291794 -0.01512893 -0.0002 0.002229294 -0.01514568 -0.0002 0.00218354 -0.01519143 -0.0002 0.0007417935 -0.01396893 -0.0002 0.0007417935 -0.01416893 -0.0002 0.0007417935 -0.01396893 -0.000175 0.0007417935 -0.01416893 -0.000175 0.0008417935 -0.01396893 -0.0002 0.0008417935 -0.01396893 -0.000175 0.0008608919 -0.01402771 -0.000175 0.0008608919 -0.01402771 -0.0002 0.0009108918 -0.01406404 -0.000175 0.0009108918 -0.01406404 -0.0002 0.0009726952 -0.01406404 -0.000175 0.0009726952 -0.01406404 -0.0002 0.001022695 -0.01402771 -0.000175 0.001022695 -0.01402771 -0.0002 0.001041793 -0.01396893 -0.000175 0.001041793 -0.01396893 -0.0002 0.002341794 -0.01396893 -0.000175 0.002341794 -0.01396893 -0.0002 0.002341794 -0.01416893 -0.0002 0.002341794 -0.01416893 -0.000175 0.004589627 -0.01443965 -0.002825 0.004603647 -0.01443965 -0.002785 0.004614627 -0.01443965 -0.002795981 0.004629627 -0.01443965 -0.0028 0.004599627 -0.01443965 -0.00277 0.004589627 -0.01443965 -0.002698 0.004599627 -0.01443965 -0.002698 0.004914627 -0.01443965 -0.002825 0.004914627 -0.01443965 -0.0028 0.004599627 -0.01468965 -0.002698 0.004589627 -0.01468965 -0.002698 0.004914627 -0.01468965 -0.0028 0.004629627 -0.01468965 -0.0028 0.004914627 -0.01468965 -0.002825 0.004589627 -0.01468965 -0.002825 0.004614627 -0.01468965 -0.002795981 0.004603647 -0.01468965 -0.002785 0.004599627 -0.01468965 -0.00277 0.004977128 -0.0144564 -0.002825 0.004977128 -0.0144564 -0.0028 0.00502288 -0.01450215 -0.002825 0.00502288 -0.01450215 -0.0028 0.005039627 -0.01456465 -0.002825 0.005039627 -0.01456465 -0.0028 0.00502288 -0.01462715 -0.002825 0.00502288 -0.01462715 -0.0028 0.004977128 -0.01467291 -0.002825 0.004977128 -0.01467291 -0.0028 0.004589627 -0.01493965 -0.002825 0.004603647 -0.01493965 -0.002785 0.004614627 -0.01493965 -0.002795981 0.004629627 -0.01493965 -0.0028 0.004599627 -0.01493965 -0.00277 0.004589627 -0.01493965 -0.002698 0.004599627 -0.01493965 -0.002698 0.004914627 -0.01493965 -0.002825 0.004914627 -0.01493965 -0.0028 0.004599627 -0.01518965 -0.002698 0.004589627 -0.01518965 -0.002698 0.004914627 -0.01518965 -0.0028 0.004629627 -0.01518965 -0.0028 0.004914627 -0.01518965 -0.002825 0.004589627 -0.01518965 -0.002825 0.004614627 -0.01518965 -0.002795981 0.004603647 -0.01518965 -0.002785 0.004599627 -0.01518965 -0.00277 0.004977128 -0.0149564 -0.002825 0.004977128 -0.0149564 -0.0028 0.00502288 -0.01500215 -0.002825 0.00502288 -0.01500215 -0.0028 0.005039627 -0.01506465 -0.002825 0.005039627 -0.01506465 -0.0028 0.00502288 -0.01512715 -0.002825 0.00502288 -0.01512715 -0.0028 0.004977128 -0.01517291 -0.002825 0.004977128 -0.01517291 -0.0028 0.004589627 -0.01393965 -0.002825 0.004603647 -0.01393965 -0.002785 0.004614627 -0.01393965 -0.002795981 0.004629627 -0.01393965 -0.0028 0.004599627 -0.01393965 -0.00277 0.004589627 -0.01393965 -0.002698 0.004599627 -0.01393965 -0.002698 0.004914627 -0.01393965 -0.002825 0.004914627 -0.01393965 -0.0028 0.004599627 -0.01418965 -0.002698 0.004589627 -0.01418965 -0.002698 0.004914627 -0.01418965 -0.0028 0.004629627 -0.01418965 -0.0028 0.004914627 -0.01418965 -0.002825 0.004589627 -0.01418965 -0.002825 0.004614627 -0.01418965 -0.002795981 0.004603647 -0.01418965 -0.002785 0.004599627 -0.01418965 -0.00277 0.004977128 -0.0139564 -0.002825 0.004977128 -0.0139564 -0.0028 0.00502288 -0.01400215 -0.002825 0.00502288 -0.01400215 -0.0028 0.005039627 -0.01406465 -0.002825 0.005039627 -0.01406465 -0.0028 0.00502288 -0.01412715 -0.002825 0.00502288 -0.01412715 -0.0028 0.004977128 -0.01417291 -0.002825 0.004977128 -0.01417291 -0.0028 0.007609627 -0.01468965 -0.002825 0.007595608 -0.01468965 -0.002785 0.007584628 -0.01468965 -0.002795981 0.007569627 -0.01468965 -0.0028 0.007599628 -0.01468965 -0.00277 0.007609627 -0.01468965 -0.002698 0.007599628 -0.01468965 -0.002698 0.007284627 -0.01468965 -0.002825 0.007284627 -0.01468965 -0.0028 0.007609627 -0.01443965 -0.002698 0.007599628 -0.01443965 -0.002698 0.007284627 -0.01443965 -0.0028 0.007569627 -0.01443965 -0.0028 0.007284627 -0.01443965 -0.002825 0.007609627 -0.01443965 -0.002825 0.007584628 -0.01443965 -0.002795981 0.007595608 -0.01443965 -0.002785 0.007599628 -0.01443965 -0.00277 0.007222127 -0.01467291 -0.002825 0.007176374 -0.01462715 -0.002825 0.007159628 -0.01456465 -0.002825 0.007176374 -0.01450215 -0.002825 0.007222127 -0.0144564 -0.002825 0.007222127 -0.01467291 -0.0028 0.007176374 -0.01462715 -0.0028 0.007159628 -0.01456465 -0.0028 0.007176374 -0.01450215 -0.0028 0.007222127 -0.0144564 -0.0028 0.007609627 -0.01418965 -0.002825 0.007595608 -0.01418965 -0.002785 0.007584628 -0.01418965 -0.002795981 0.007569627 -0.01418965 -0.0028 0.007599628 -0.01418965 -0.00277 0.007609627 -0.01418965 -0.002698 0.007599628 -0.01418965 -0.002698 0.007284627 -0.01418965 -0.002825 0.007284627 -0.01418965 -0.0028 0.007609627 -0.01393965 -0.002698 0.007599628 -0.01393965 -0.002698 0.007284627 -0.01393965 -0.0028 0.007569627 -0.01393965 -0.0028 0.007284627 -0.01393965 -0.002825 0.007609627 -0.01393965 -0.002825 0.007584628 -0.01393965 -0.002795981 0.007595608 -0.01393965 -0.002785 0.007599628 -0.01393965 -0.00277 0.007222127 -0.01417291 -0.002825 0.007176374 -0.01412715 -0.002825 0.007159628 -0.01406465 -0.002825 0.007176374 -0.01400215 -0.002825 0.007222127 -0.0139564 -0.002825 0.007222127 -0.01417291 -0.0028 0.007176374 -0.01412715 -0.0028 0.007159628 -0.01406465 -0.0028 0.007176374 -0.01400215 -0.0028 0.007222127 -0.0139564 -0.0028 0.007609627 -0.01368965 -0.002825 0.007595608 -0.01368965 -0.002785 0.007584628 -0.01368965 -0.002795981 0.007569627 -0.01368965 -0.0028 0.007599628 -0.01368965 -0.00277 0.007609627 -0.01368965 -0.002698 0.007599628 -0.01368965 -0.002698 0.007284627 -0.01368965 -0.002825 0.007284627 -0.01368965 -0.0028 0.007609627 -0.01343965 -0.002698 0.007599628 -0.01343965 -0.002698 0.007284627 -0.01343965 -0.0028 0.007569627 -0.01343965 -0.0028 0.007284627 -0.01343965 -0.002825 0.007609627 -0.01343965 -0.002825 0.007584628 -0.01343965 -0.002795981 0.007595608 -0.01343965 -0.002785 0.007599628 -0.01343965 -0.00277 0.007222127 -0.01367291 -0.002825 0.007222127 -0.01367291 -0.0028 0.007176374 -0.01362715 -0.002825 0.007176374 -0.01362715 -0.0028 0.007159628 -0.01356465 -0.002825 0.007159628 -0.01356465 -0.0028 0.007176374 -0.01350215 -0.002825 0.007176374 -0.01350215 -0.0028 0.007222127 -0.0134564 -0.002825 0.007222127 -0.0134564 -0.0028 0.007609627 -0.01518965 -0.002825 0.007595608 -0.01518965 -0.002785 0.007584628 -0.01518965 -0.002795981 0.007569627 -0.01518965 -0.0028 0.007599628 -0.01518965 -0.00277 0.007609627 -0.01518965 -0.002698 0.007599628 -0.01518965 -0.002698 0.007284627 -0.01518965 -0.002825 0.007284627 -0.01518965 -0.0028 0.007609627 -0.01493965 -0.002698 0.007599628 -0.01493965 -0.002698 0.007284627 -0.01493965 -0.0028 0.007569627 -0.01493965 -0.0028 0.007284627 -0.01493965 -0.002825 0.007609627 -0.01493965 -0.002825 0.007584628 -0.01493965 -0.002795981 0.007595608 -0.01493965 -0.002785 0.007599628 -0.01493965 -0.00277 0.007222127 -0.01517291 -0.002825 0.007176374 -0.01512715 -0.002825 0.007159628 -0.01506465 -0.002825 0.007176374 -0.01500215 -0.002825 0.007222127 -0.0149564 -0.002825 0.007222127 -0.01517291 -0.0028 0.007176374 -0.01512715 -0.0028 0.007159628 -0.01506465 -0.0028 0.007176374 -0.01500215 -0.0028 0.007222127 -0.0149564 -0.0028 0.005999628 -0.01351465 -0.0028 0.006199627 -0.01351465 -0.0028 0.005999628 -0.01351465 -0.002825 0.006199627 -0.01351465 -0.002825 0.005999628 -0.01361465 -0.0028 0.005999628 -0.01361465 -0.002825 0.006058406 -0.01363375 -0.002825 0.006058406 -0.01363375 -0.0028 0.006094733 -0.01368375 -0.002825 0.006094733 -0.01368375 -0.0028 0.006094733 -0.01374556 -0.002825 0.006094733 -0.01374556 -0.0028 0.006058406 -0.01379556 -0.002825 0.006058406 -0.01379556 -0.0028 0.005999628 -0.01381465 -0.002825 0.005999628 -0.01381465 -0.0028 0.005999628 -0.01511465 -0.002825 0.005999628 -0.01511465 -0.0028 0.006199627 -0.01511465 -0.0028 0.006199627 -0.01511465 -0.002825 0.004126238 -0.01444393 -0.000175 0.004140256 -0.01444393 -0.000215 0.004151237 -0.01444393 -0.0002040192 0.004166238 -0.01444393 -0.0002 0.004136237 -0.01444393 -0.00023 0.004126238 -0.01444393 -0.000302 0.004136237 -0.01444393 -0.000302 0.004451238 -0.01444393 -0.000175 0.004451238 -0.01444393 -0.0002 0.004136237 -0.01419393 -0.000302 0.004126238 -0.01419393 -0.000302 0.004451238 -0.01419393 -0.0002 0.004166238 -0.01419393 -0.0002 0.004451238 -0.01419393 -0.000175 0.004126238 -0.01419393 -0.000175 0.004151237 -0.01419393 -0.0002040192 0.004140256 -0.01419393 -0.000215 0.004136237 -0.01419393 -0.00023 0.004513737 -0.01442719 -0.000175 0.004513737 -0.01442719 -0.0002 0.00455949 -0.01438143 -0.000175 0.00455949 -0.01438143 -0.0002 0.004576237 -0.01431893 -0.000175 0.004576237 -0.01431893 -0.0002 0.00455949 -0.01425643 -0.000175 0.00455949 -0.01425643 -0.0002 0.004513737 -0.01421068 -0.000175 0.004513737 -0.01421068 -0.0002 0.004126238 -0.01394393 -0.000175 0.004140256 -0.01394393 -0.000215 0.004151237 -0.01394393 -0.0002040192 0.004166238 -0.01394393 -0.0002 0.004136237 -0.01394393 -0.00023 0.004126238 -0.01394393 -0.000302 0.004136237 -0.01394393 -0.000302 0.004451238 -0.01394393 -0.000175 0.004451238 -0.01394393 -0.0002 0.004136237 -0.01369393 -0.000302 0.004126238 -0.01369393 -0.000302 0.004451238 -0.01369393 -0.0002 0.004166238 -0.01369393 -0.0002 0.004451238 -0.01369393 -0.000175 0.004126238 -0.01369393 -0.000175 0.004151237 -0.01369393 -0.0002040192 0.004140256 -0.01369393 -0.000215 0.004136237 -0.01369393 -0.00023 0.004513737 -0.01392719 -0.000175 0.004513737 -0.01392719 -0.0002 0.00455949 -0.01388143 -0.000175 0.00455949 -0.01388143 -0.0002 0.004576237 -0.01381893 -0.000175 0.004576237 -0.01381893 -0.0002 0.00455949 -0.01375643 -0.000175 0.00455949 -0.01375643 -0.0002 0.004513737 -0.01371068 -0.000175 0.004513737 -0.01371068 -0.0002 0.004126238 -0.01494393 -0.000175 0.004140256 -0.01494393 -0.000215 0.004151237 -0.01494393 -0.0002040192 0.004166238 -0.01494393 -0.0002 0.004136237 -0.01494393 -0.00023 0.004126238 -0.01494393 -0.000302 0.004136237 -0.01494393 -0.000302 0.004451238 -0.01494393 -0.000175 0.004451238 -0.01494393 -0.0002 0.004136237 -0.01469393 -0.000302 0.004126238 -0.01469393 -0.000302 0.004451238 -0.01469393 -0.0002 0.004166238 -0.01469393 -0.0002 0.004451238 -0.01469393 -0.000175 0.004126238 -0.01469393 -0.000175 0.004151237 -0.01469393 -0.0002040192 0.004140256 -0.01469393 -0.000215 0.004136237 -0.01469393 -0.00023 0.004513737 -0.01492719 -0.000175 0.004513737 -0.01492719 -0.0002 0.00455949 -0.01488143 -0.000175 0.00455949 -0.01488143 -0.0002 0.004576237 -0.01481893 -0.000175 0.004576237 -0.01481893 -0.0002 0.00455949 -0.01475643 -0.000175 0.00455949 -0.01475643 -0.0002 0.004513737 -0.01471068 -0.000175 0.004513737 -0.01471068 -0.0002 0.007146238 -0.01419393 -0.000175 0.007132218 -0.01419393 -0.000215 0.007121237 -0.01419393 -0.0002040192 0.007106238 -0.01419393 -0.0002 0.007136237 -0.01419393 -0.00023 0.007146238 -0.01419393 -0.000302 0.007136237 -0.01419393 -0.000302 0.006821238 -0.01419393 -0.000175 0.006821238 -0.01419393 -0.0002 0.007146238 -0.01444393 -0.000302 0.007136237 -0.01444393 -0.000302 0.006821238 -0.01444393 -0.0002 0.007106238 -0.01444393 -0.0002 0.006821238 -0.01444393 -0.000175 0.007146238 -0.01444393 -0.000175 0.007121237 -0.01444393 -0.0002040192 0.007132218 -0.01444393 -0.000215 0.007136237 -0.01444393 -0.00023 0.006758737 -0.01421068 -0.000175 0.006712984 -0.01425643 -0.000175 0.006696237 -0.01431893 -0.000175 0.006712984 -0.01438143 -0.000175 0.006758737 -0.01442719 -0.000175 0.006758737 -0.01421068 -0.0002 0.006712984 -0.01425643 -0.0002 0.006696237 -0.01431893 -0.0002 0.006712984 -0.01438143 -0.0002 0.006758737 -0.01442719 -0.0002 0.007146238 -0.01469393 -0.000175 0.007132218 -0.01469393 -0.000215 0.007121237 -0.01469393 -0.0002040192 0.007106238 -0.01469393 -0.0002 0.007136237 -0.01469393 -0.00023 0.007146238 -0.01469393 -0.000302 0.007136237 -0.01469393 -0.000302 0.006821238 -0.01469393 -0.000175 0.006821238 -0.01469393 -0.0002 0.007146238 -0.01494393 -0.000302 0.007136237 -0.01494393 -0.000302 0.006821238 -0.01494393 -0.0002 0.007106238 -0.01494393 -0.0002 0.006821238 -0.01494393 -0.000175 0.007146238 -0.01494393 -0.000175 0.007121237 -0.01494393 -0.0002040192 0.007132218 -0.01494393 -0.000215 0.007136237 -0.01494393 -0.00023 0.006758737 -0.01471068 -0.000175 0.006712984 -0.01475643 -0.000175 0.006696237 -0.01481893 -0.000175 0.006712984 -0.01488143 -0.000175 0.006758737 -0.01492719 -0.000175 0.006758737 -0.01471068 -0.0002 0.006712984 -0.01475643 -0.0002 0.006696237 -0.01481893 -0.0002 0.006712984 -0.01488143 -0.0002 0.006758737 -0.01492719 -0.0002 0.007146238 -0.01519393 -0.000175 0.007132218 -0.01519393 -0.000215 0.007121237 -0.01519393 -0.0002040192 0.007106238 -0.01519393 -0.0002 0.007136237 -0.01519393 -0.00023 0.007146238 -0.01519393 -0.000302 0.007136237 -0.01519393 -0.000302 0.006821238 -0.01519393 -0.000175 0.006821238 -0.01519393 -0.0002 0.007146238 -0.01544393 -0.000302 0.007136237 -0.01544393 -0.000302 0.006821238 -0.01544393 -0.0002 0.007106238 -0.01544393 -0.0002 0.006821238 -0.01544393 -0.000175 0.007146238 -0.01544393 -0.000175 0.007121237 -0.01544393 -0.0002040192 0.007132218 -0.01544393 -0.000215 0.007136237 -0.01544393 -0.00023 0.006758737 -0.01521068 -0.000175 0.006758737 -0.01521068 -0.0002 0.006712984 -0.01525643 -0.000175 0.006712984 -0.01525643 -0.0002 0.006696237 -0.01531893 -0.000175 0.006696237 -0.01531893 -0.0002 0.006712984 -0.01538143 -0.000175 0.006712984 -0.01538143 -0.0002 0.006758737 -0.01542719 -0.000175 0.006758737 -0.01542719 -0.0002 0.007146238 -0.01369393 -0.000175 0.007132218 -0.01369393 -0.000215 0.007121237 -0.01369393 -0.0002040192 0.007106238 -0.01369393 -0.0002 0.007136237 -0.01369393 -0.00023 0.007146238 -0.01369393 -0.000302 0.007136237 -0.01369393 -0.000302 0.006821238 -0.01369393 -0.000175 0.006821238 -0.01369393 -0.0002 0.007146238 -0.01394393 -0.000302 0.007136237 -0.01394393 -0.000302 0.006821238 -0.01394393 -0.0002 0.007106238 -0.01394393 -0.0002 0.006821238 -0.01394393 -0.000175 0.007146238 -0.01394393 -0.000175 0.007121237 -0.01394393 -0.0002040192 0.007132218 -0.01394393 -0.000215 0.007136237 -0.01394393 -0.00023 0.006758737 -0.01371068 -0.000175 0.006712984 -0.01375643 -0.000175 0.006696237 -0.01381893 -0.000175 0.006712984 -0.01388143 -0.000175 0.006758737 -0.01392719 -0.000175 0.006758737 -0.01371068 -0.0002 0.006712984 -0.01375643 -0.0002 0.006696237 -0.01381893 -0.0002 0.006712984 -0.01388143 -0.0002 0.006758737 -0.01392719 -0.0002 0.005536238 -0.01536893 -0.0002 0.005736237 -0.01536893 -0.0002 0.005536238 -0.01536893 -0.000175 0.005736237 -0.01536893 -0.000175 0.005536238 -0.01526893 -0.0002 0.005536238 -0.01526893 -0.000175 0.005595016 -0.01524984 -0.000175 0.005595016 -0.01524984 -0.0002 0.005631343 -0.01519984 -0.000175 0.005631343 -0.01519984 -0.0002 0.005631343 -0.01513803 -0.000175 0.005631343 -0.01513803 -0.0002 0.005595016 -0.01508803 -0.000175 0.005595016 -0.01508803 -0.0002 0.005536238 -0.01506893 -0.000175 0.005536238 -0.01506893 -0.0002 0.005536238 -0.01376893 -0.000175 0.005536238 -0.01376893 -0.0002 0.005736237 -0.01376893 -0.0002 0.005736237 -0.01376893 -0.000175 0.009994064 -0.01255893 -0.000175 0.009994064 -0.01257295 -0.000215 0.009994064 -0.01258393 -0.0002040192 0.009994064 -0.01259893 -0.0002 0.009994064 -0.01256893 -0.00023 0.009994064 -0.01255893 -0.000302 0.009994064 -0.01256893 -0.000302 0.009994064 -0.01288393 -0.000175 0.009994064 -0.01288393 -0.0002 0.01024406 -0.01256893 -0.000302 0.01024406 -0.01255893 -0.000302 0.01024406 -0.01288393 -0.0002 0.01024406 -0.01259893 -0.0002 0.01024406 -0.01288393 -0.000175 0.01024406 -0.01255893 -0.000175 0.01024406 -0.01258393 -0.0002040192 0.01024406 -0.01257295 -0.000215 0.01024406 -0.01256893 -0.00023 0.01001081 -0.01294643 -0.000175 0.01001081 -0.01294643 -0.0002 0.01005656 -0.01299219 -0.000175 0.01005656 -0.01299219 -0.0002 0.01011906 -0.01300893 -0.000175 0.01011906 -0.01300893 -0.0002 0.01018156 -0.01299219 -0.000175 0.01018156 -0.01299219 -0.0002 0.01022732 -0.01294643 -0.000175 0.01022732 -0.01294643 -0.0002 0.01049406 -0.01255893 -0.000175 0.01049406 -0.01257295 -0.000215 0.01049406 -0.01258393 -0.0002040192 0.01049406 -0.01259893 -0.0002 0.01049406 -0.01256893 -0.00023 0.01049406 -0.01255893 -0.000302 0.01049406 -0.01256893 -0.000302 0.01049406 -0.01288393 -0.000175 0.01049406 -0.01288393 -0.0002 0.01074407 -0.01256893 -0.000302 0.01074407 -0.01255893 -0.000302 0.01074407 -0.01288393 -0.0002 0.01074407 -0.01259893 -0.0002 0.01074407 -0.01288393 -0.000175 0.01074407 -0.01255893 -0.000175 0.01074407 -0.01258393 -0.0002040192 0.01074407 -0.01257295 -0.000215 0.01074407 -0.01256893 -0.00023 0.01051081 -0.01294643 -0.000175 0.01051081 -0.01294643 -0.0002 0.01055656 -0.01299219 -0.000175 0.01055656 -0.01299219 -0.0002 0.01061906 -0.01300893 -0.000175 0.01061906 -0.01300893 -0.0002 0.01068156 -0.01299219 -0.000175 0.01068156 -0.01299219 -0.0002 0.01072732 -0.01294643 -0.000175 0.01072732 -0.01294643 -0.0002 0.009494064 -0.01255893 -0.000175 0.009494064 -0.01257295 -0.000215 0.009494064 -0.01258393 -0.0002040192 0.009494064 -0.01259893 -0.0002 0.009494064 -0.01256893 -0.00023 0.009494064 -0.01255893 -0.000302 0.009494064 -0.01256893 -0.000302 0.009494064 -0.01288393 -0.000175 0.009494064 -0.01288393 -0.0002 0.009744065 -0.01256893 -0.000302 0.009744065 -0.01255893 -0.000302 0.009744065 -0.01288393 -0.0002 0.009744065 -0.01259893 -0.0002 0.009744065 -0.01288393 -0.000175 0.009744065 -0.01255893 -0.000175 0.009744065 -0.01258393 -0.0002040192 0.009744065 -0.01257295 -0.000215 0.009744065 -0.01256893 -0.00023 0.009510812 -0.01294643 -0.000175 0.009510812 -0.01294643 -0.0002 0.009556565 -0.01299219 -0.000175 0.009556565 -0.01299219 -0.0002 0.009619065 -0.01300893 -0.000175 0.009619065 -0.01300893 -0.0002 0.009681565 -0.01299219 -0.000175 0.009681565 -0.01299219 -0.0002 0.009727318 -0.01294643 -0.000175 0.009727318 -0.01294643 -0.0002 0.01024406 -0.01557893 -0.000175 0.01024406 -0.01556491 -0.000215 0.01024406 -0.01555393 -0.0002040192 0.01024406 -0.01553893 -0.0002 0.01024406 -0.01556893 -0.00023 0.01024406 -0.01557893 -0.000302 0.01024406 -0.01556893 -0.000302 0.01024406 -0.01525394 -0.000175 0.01024406 -0.01525394 -0.0002 0.009994064 -0.01557893 -0.000302 0.009994064 -0.01556893 -0.000302 0.009994064 -0.01525394 -0.0002 0.009994064 -0.01553893 -0.0002 0.009994064 -0.01525394 -0.000175 0.009994064 -0.01557893 -0.000175 0.009994064 -0.01555393 -0.0002040192 0.009994064 -0.01556491 -0.000215 0.009994064 -0.01556893 -0.00023 0.01022732 -0.01519143 -0.000175 0.01018156 -0.01514568 -0.000175 0.01011906 -0.01512893 -0.000175 0.01005656 -0.01514568 -0.000175 0.01001081 -0.01519143 -0.000175 0.01022732 -0.01519143 -0.0002 0.01018156 -0.01514568 -0.0002 0.01011906 -0.01512893 -0.0002 0.01005656 -0.01514568 -0.0002 0.01001081 -0.01519143 -0.0002 0.009744065 -0.01557893 -0.000175 0.009744065 -0.01556491 -0.000215 0.009744065 -0.01555393 -0.0002040192 0.009744065 -0.01553893 -0.0002 0.009744065 -0.01556893 -0.00023 0.009744065 -0.01557893 -0.000302 0.009744065 -0.01556893 -0.000302 0.009744065 -0.01525394 -0.000175 0.009744065 -0.01525394 -0.0002 0.009494064 -0.01557893 -0.000302 0.009494064 -0.01556893 -0.000302 0.009494064 -0.01525394 -0.0002 0.009494064 -0.01553893 -0.0002 0.009494064 -0.01525394 -0.000175 0.009494064 -0.01557893 -0.000175 0.009494064 -0.01555393 -0.0002040192 0.009494064 -0.01556491 -0.000215 0.009494064 -0.01556893 -0.00023 0.009727318 -0.01519143 -0.000175 0.009681565 -0.01514568 -0.000175 0.009619065 -0.01512893 -0.000175 0.009556565 -0.01514568 -0.000175 0.009510812 -0.01519143 -0.000175 0.009727318 -0.01519143 -0.0002 0.009681565 -0.01514568 -0.0002 0.009619065 -0.01512893 -0.0002 0.009556565 -0.01514568 -0.0002 0.009510812 -0.01519143 -0.0002 0.009244065 -0.01557893 -0.000175 0.009244065 -0.01556491 -0.000215 0.009244065 -0.01555393 -0.0002040192 0.009244065 -0.01553893 -0.0002 0.009244065 -0.01556893 -0.00023 0.009244065 -0.01557893 -0.000302 0.009244065 -0.01556893 -0.000302 0.009244065 -0.01525394 -0.000175 0.009244065 -0.01525394 -0.0002 0.008994064 -0.01557893 -0.000302 0.008994064 -0.01556893 -0.000302 0.008994064 -0.01525394 -0.0002 0.008994064 -0.01553893 -0.0002 0.008994064 -0.01525394 -0.000175 0.008994064 -0.01557893 -0.000175 0.008994064 -0.01555393 -0.0002040192 0.008994064 -0.01556491 -0.000215 0.008994064 -0.01556893 -0.00023 0.009227319 -0.01519143 -0.000175 0.009227319 -0.01519143 -0.0002 0.009181565 -0.01514568 -0.000175 0.009181565 -0.01514568 -0.0002 0.009119065 -0.01512893 -0.000175 0.009119065 -0.01512893 -0.0002 0.009056564 -0.01514568 -0.000175 0.009056564 -0.01514568 -0.0002 0.009010812 -0.01519143 -0.000175 0.009010812 -0.01519143 -0.0002 0.01074407 -0.01557893 -0.000175 0.01074407 -0.01556491 -0.000215 0.01074407 -0.01555393 -0.0002040192 0.01074407 -0.01553893 -0.0002 0.01074407 -0.01556893 -0.00023 0.01074407 -0.01557893 -0.000302 0.01074407 -0.01556893 -0.000302 0.01074407 -0.01525394 -0.000175 0.01074407 -0.01525394 -0.0002 0.01049406 -0.01557893 -0.000302 0.01049406 -0.01556893 -0.000302 0.01049406 -0.01525394 -0.0002 0.01049406 -0.01553893 -0.0002 0.01049406 -0.01525394 -0.000175 0.01049406 -0.01557893 -0.000175 0.01049406 -0.01555393 -0.0002040192 0.01049406 -0.01556491 -0.000215 0.01049406 -0.01556893 -0.00023 0.01072732 -0.01519143 -0.000175 0.01068156 -0.01514568 -0.000175 0.01061906 -0.01512893 -0.000175 0.01055656 -0.01514568 -0.000175 0.01051081 -0.01519143 -0.000175 0.01072732 -0.01519143 -0.0002 0.01068156 -0.01514568 -0.0002 0.01061906 -0.01512893 -0.0002 0.01055656 -0.01514568 -0.0002 0.01051081 -0.01519143 -0.0002 0.009069066 -0.01396893 -0.0002 0.009069066 -0.01416893 -0.0002 0.009069066 -0.01396893 -0.000175 0.009069066 -0.01416893 -0.000175 0.009169065 -0.01396893 -0.0002 0.009169065 -0.01396893 -0.000175 0.009188163 -0.01402771 -0.000175 0.009188163 -0.01402771 -0.0002 0.009238163 -0.01406404 -0.000175 0.009238163 -0.01406404 -0.0002 0.009299967 -0.01406404 -0.000175 0.009299967 -0.01406404 -0.0002 0.009349966 -0.01402771 -0.000175 0.009349966 -0.01402771 -0.0002 0.009369065 -0.01396893 -0.000175 0.009369065 -0.01396893 -0.0002 0.01066906 -0.01396893 -0.000175 0.01066906 -0.01396893 -0.0002 0.01066906 -0.01416893 -0.0002 0.01066906 -0.01416893 -0.000175</float_array>
          <technique_common>
            <accessor count="2007" source="#pos_2-array" stride="3"><param type="float" name="X"/><param type="float" name="Y"/><param type="float" name="Z"/></accessor></technique_common>
        </source>
        <vertices id="vert_2">
          <input semantic="POSITION" source="#pos_2"/>
        </vertices>
        <triangles count="3112" material="mat_3">
          <input semantic="VERTEX" source="#vert_2" offset="0"/>
          <p>0 1 2 3 0 2 4 0 3 5 0 4 6 2 1 7 2 6 8 5 4 9 10 7 9 7 6 11 5 8 12 10 9 13 8 12 13 11 8 13 12 9 7 10 14 7 14 15 12 14 10 16 14 12 17 12 8 17 16 12 18 8 4 18 17 8 19 4 3 19 18 4 19 3 2 19 2 20 2 7 15 2 15 20 1 21 6 6 21 22 0 23 1 1 23 21 24 23 5 5 23 0 25 24 11 11 24 5 26 25 13 13 25 11 27 26 9 9 26 13 27 9 22 22 9 6 21 23 20 23 19 20 23 18 19 23 24 18 20 22 21 20 15 22 24 17 18 14 27 15 15 27 22 24 25 17 14 16 27 17 26 16 25 26 17 16 26 27 28 29 30 30 29 31 28 32 29 32 33 29 34 35 36 36 37 34 34 38 35 37 39 34 34 40 38 39 41 34 34 42 40 41 43 34 34 44 42 43 45 34 34 46 44 45 47 34 48 49 34 34 49 46 47 50 34 48 51 49 50 52 34 52 53 34 48 54 51 53 55 34 48 56 54 55 57 34 34 58 59 57 58 34 48 60 56 58 61 59 61 62 59 48 63 60 62 64 59 64 65 59 48 66 63 65 67 59 67 68 59 69 70 48 48 70 66 68 71 59 71 72 59 72 73 59 69 74 70 73 75 59 32 76 33 75 77 59 77 78 59 79 80 81 81 80 82 82 80 83 83 80 84 84 80 85 85 80 86 86 80 69 69 80 74 78 87 59 87 88 59 88 89 59 33 90 91 91 90 92 92 90 93 93 90 94 94 90 95 95 90 79 76 90 33 79 90 80 89 96 59 97 96 98 98 96 99 99 96 100 100 96 101 101 96 102 102 96 103 103 96 104 104 96 105 105 96 106 106 96 107 107 96 89 97 108 96 108 109 96 109 110 96 110 111 96 111 112 96 112 113 96 113 114 96 114 115 96 115 116 96 116 117 96 117 118 96 118 119 96 120 121 122 122 121 123 123 121 124 124 121 125 125 121 126 126 121 127 127 121 119 119 121 96 120 128 121 120 129 128 120 130 129 120 131 130 120 132 131 120 133 132 134 133 120 134 135 133 134 136 135 134 137 136 134 138 137 139 31 29 139 140 31 31 140 30 30 140 141 141 28 30 141 142 28 142 143 28 28 143 32 143 76 32 143 144 76 144 90 76 144 145 90 145 80 90 80 146 74 74 147 70 146 147 74 70 148 66 147 148 70 66 149 63 148 149 66 63 150 60 149 150 63 60 151 56 150 151 60 56 152 54 151 152 56 54 153 51 152 153 54 51 154 49 153 154 51 49 155 46 154 155 49 46 156 44 155 156 46 44 157 42 156 157 44 42 158 40 157 158 42 158 38 40 38 159 35 35 160 36 159 160 35 36 161 37 160 161 36 37 162 39 161 162 37 39 163 41 162 163 39 41 164 43 163 164 41 43 165 45 164 165 43 45 166 47 165 166 45 47 167 50 166 167 47 50 168 52 167 168 50 52 169 53 168 169 52 53 170 55 169 170 53 55 171 57 170 171 55 171 172 57 57 172 58 172 173 58 58 173 61 173 174 61 61 174 62 174 175 62 62 175 64 175 176 64 64 176 65 176 177 65 65 177 67 177 178 67 67 178 68 178 71 68 71 179 72 72 180 73 179 180 72 73 181 75 180 181 73 75 182 77 181 182 75 77 183 78 182 183 77 78 184 87 183 184 78 87 185 88 184 185 87 88 186 89 185 186 88 89 187 107 186 187 89 107 188 106 187 188 107 106 189 105 188 189 106 105 190 104 189 190 105 104 191 103 190 191 104 191 192 103 103 192 102 192 193 102 102 193 101 193 194 101 101 194 100 194 195 100 100 195 99 195 196 99 99 196 98 196 197 98 98 197 97 97 198 108 197 198 97 108 199 109 198 199 108 199 110 109 110 200 111 111 201 112 200 201 111 112 202 113 201 202 112 113 203 114 202 203 113 114 204 115 203 204 114 115 205 116 204 205 115 116 206 117 205 206 116 117 207 118 206 207 117 118 208 119 207 208 118 119 209 127 208 209 119 127 210 126 209 210 127 126 211 125 210 211 126 125 212 124 211 212 125 124 213 123 212 213 124 123 214 122 213 214 123 214 120 122 120 215 134 215 138 134 138 216 137 137 217 136 216 217 137 136 218 135 217 218 136 135 219 133 218 219 135 133 220 132 219 220 133 132 221 131 220 221 132 131 222 130 221 222 131 130 223 129 222 223 130 129 224 128 223 224 129 224 121 128 121 225 96 225 59 96 225 226 59 226 227 59 59 227 34 227 48 34 48 228 69 69 229 86 228 229 69 86 230 85 229 230 86 85 231 84 230 231 85 84 232 83 231 232 84 83 233 82 232 233 83 82 234 81 233 234 82 81 235 79 234 235 81 79 236 95 235 236 79 95 237 94 236 237 95 94 238 93 237 238 94 93 239 92 238 239 93 239 91 92 91 240 33 240 139 33 33 139 29 139 142 141 139 141 140 143 142 139 240 143 139 159 227 160 161 160 227 38 227 159 162 161 227 158 227 38 163 162 227 157 227 158 164 163 227 156 227 157 165 164 227 155 227 156 166 165 227 154 48 227 154 227 155 167 166 227 153 48 154 168 167 227 169 168 227 152 48 153 170 169 227 151 48 152 171 170 227 172 227 226 172 171 227 150 48 151 173 172 226 174 173 226 149 48 150 175 174 226 176 175 226 148 48 149 177 176 226 178 177 226 147 48 148 147 228 48 71 178 226 179 71 226 180 179 226 146 228 147 181 180 226 144 143 240 182 181 226 183 182 226 80 235 234 80 234 233 80 233 232 80 232 231 80 231 230 80 230 229 80 229 228 80 228 146 184 183 226 185 184 226 186 185 226 145 240 91 145 235 80 145 91 239 145 239 238 145 238 237 145 237 236 145 236 235 145 144 240 225 186 226 225 197 196 225 196 195 225 195 194 225 194 193 225 193 192 225 192 191 225 191 190 225 190 189 225 189 188 225 188 187 225 187 186 198 197 225 199 198 225 110 199 225 200 110 225 201 200 225 202 201 225 203 202 225 204 203 225 205 204 225 206 205 225 207 206 225 208 207 225 121 120 214 121 214 213 121 213 212 121 212 211 121 211 210 121 210 209 121 209 208 121 208 225 224 120 121 223 120 224 222 120 223 221 120 222 220 120 221 219 120 220 219 215 120 218 215 219 217 215 218 216 215 217 138 215 216 241 242 243 244 241 243 245 241 244 246 241 245 247 243 242 248 243 247 249 246 245 250 251 248 250 248 247 252 246 249 253 251 250 254 249 253 254 252 249 254 253 250 251 255 256 251 256 248 253 255 251 257 255 253 258 253 249 258 257 253 259 249 245 259 258 249 260 245 244 260 259 245 260 244 243 260 243 261 243 248 256 243 256 261 262 242 263 247 242 262 241 264 242 242 264 263 265 264 246 246 264 241 266 265 252 252 265 246 267 266 254 254 266 252 268 267 250 250 267 254 268 250 262 262 250 247 263 264 261 264 260 261 264 259 260 264 265 259 261 262 263 261 256 262 265 258 259 255 268 256 256 268 262 265 266 258 255 257 268 258 267 257 266 267 258 257 267 268 269 270 271 272 273 274 275 276 269 277 278 279 280 281 278 280 278 277 282 275 281 282 272 276 282 276 275 282 281 280 271 275 269 282 273 272 283 282 284 273 282 283 285 284 280 280 284 282 277 285 280 279 286 277 278 286 279 287 278 281 287 275 288 281 275 287 288 271 289 275 271 288 270 290 271 271 290 289 290 269 291 270 269 290 291 276 292 269 276 291 272 292 276 272 274 293 273 283 274 274 283 293 290 291 289 283 272 293 292 288 291 278 277 286 287 285 278 278 285 277 288 284 287 272 284 292 292 284 288 287 284 285 288 289 291 283 284 272 294 295 296 295 297 296 296 298 294 296 299 298 300 297 301 301 297 295 297 300 296 296 300 302 303 296 302 299 296 303 299 303 298 298 303 304 305 298 304 294 298 305 301 294 305 295 294 301 301 305 302 300 301 302 304 302 305 303 302 304 306 307 308 306 308 309 310 311 312 313 314 311 315 314 313 316 310 312 317 310 316 318 315 313 319 306 315 319 307 306 319 315 318 320 319 318 321 322 317 321 317 316 323 320 324 325 323 326 325 319 320 325 320 323 314 312 311 321 323 324 321 324 322 327 310 317 327 328 310 329 317 322 329 327 317 324 329 322 330 329 324 320 330 324 331 330 320 318 332 331 318 331 320 318 313 333 318 333 332 334 313 311 334 333 313 328 311 310 328 334 311 335 336 319 319 336 307 335 319 337 337 319 325 337 325 338 338 325 326 323 339 326 326 339 338 340 339 321 321 339 323 341 340 316 316 340 321 342 316 312 342 341 316 343 342 314 314 342 312 343 315 344 314 315 343 306 344 315 345 306 309 308 346 309 309 346 345 336 346 307 307 346 308 336 306 346 346 306 345 334 328 342 343 333 334 343 344 333 328 341 342 328 327 341 344 332 333 306 335 344 336 335 306 344 335 332 335 331 332 329 340 327 327 340 341 331 339 330 339 337 338 335 337 331 331 337 339 342 343 334 339 340 330 330 340 329 347 348 349 348 350 349 351 352 353 348 352 350 352 354 350 351 354 352 355 356 357 357 356 350 350 356 349 354 358 359 359 358 355 355 358 356 351 358 354 354 360 361 354 361 350 357 350 361 357 361 362 357 363 355 362 363 357 363 359 355 363 364 359 354 359 364 354 364 360 365 351 366 358 351 365 358 365 356 356 365 367 368 356 367 349 356 368 369 347 368 368 347 349 370 347 369 348 347 370 371 348 370 352 348 371 372 352 371 353 352 372 366 351 372 372 351 353 370 369 368 361 370 368 371 366 372 371 370 361 360 371 361 360 366 371 367 363 362 367 362 361 367 361 368 365 364 363 365 360 364 365 363 367 365 366 360 373 374 375 375 376 373 374 377 375 376 378 373 379 378 376 379 380 378 381 382 376 376 382 379 383 384 380 380 384 378 385 377 386 386 377 374 377 385 375 375 385 387 388 376 387 387 376 375 389 381 388 388 381 376 390 382 389 389 382 381 382 390 379 379 390 391 392 379 391 380 379 392 393 383 392 392 383 380 394 384 393 393 384 383 384 394 378 378 394 395 378 395 373 373 395 396 386 374 396 396 374 373 386 396 387 388 387 396 385 386 387 395 388 396 395 391 388 392 391 395 390 389 388 390 388 391 394 393 392 394 392 395 397 398 399 399 400 397 398 401 399 400 402 397 403 402 400 403 404 402 405 406 400 400 406 403 407 408 404 404 408 402 409 401 410 410 401 398 401 409 399 399 409 411 412 400 411 411 400 399 413 405 412 412 405 400 414 406 413 413 406 405 406 414 403 403 414 415 416 404 415 415 404 403 417 407 416 416 407 404 418 408 417 417 408 407 408 418 402 402 418 419 420 402 419 397 402 420 410 398 420 420 398 397 410 420 411 412 411 420 409 410 411 419 412 420 419 415 412 416 415 419 414 413 412 414 412 415 418 417 416 418 416 419 421 422 423 422 424 423 425 426 427 422 426 424 426 428 424 425 428 426 429 430 431 431 430 424 424 430 423 428 432 433 433 432 429 429 432 430 425 432 428 424 428 434 424 434 435 431 424 435 431 435 436 431 437 429 436 437 431 437 433 429 437 438 433 428 433 438 428 438 434 439 425 440 432 425 439 432 439 430 430 439 441 442 430 441 423 430 442 443 421 442 442 421 423 444 421 443 422 421 444 445 426 444 444 426 422 446 426 445 427 426 446 440 427 446 425 427 440 444 443 442 435 444 442 445 440 446 445 444 435 434 445 435 434 440 445 441 437 436 441 436 435 441 435 442 439 438 437 439 434 438 439 437 441 439 440 434 447 448 449 449 450 447 448 451 449 450 452 447 453 452 450 453 454 452 455 456 450 450 456 453 457 458 454 454 458 452 459 451 460 460 451 448 451 459 449 449 459 461 462 450 461 461 450 449 463 455 462 462 455 450 464 455 463 456 455 464 456 464 453 453 464 465 466 454 465 465 454 453 467 454 466 457 454 467 468 458 467 467 458 457 469 458 468 452 458 469 470 452 469 447 452 470 460 448 470 470 448 447 460 470 461 462 461 470 459 460 461 469 462 470 469 465 462 466 465 469 464 463 462 464 462 465 468 467 466 468 466 469 471 472 473 472 474 473 471 475 476 473 475 471 472 477 474 477 478 474 476 479 480 475 479 476 481 482 479 479 482 480 483 484 481 481 484 482 482 484 485 485 484 486 480 482 487 487 482 485 476 480 488 488 480 487 471 476 489 489 476 488 472 471 490 490 471 489 477 490 491 477 472 490 477 491 478 478 491 492 474 478 493 493 478 492 473 493 494 473 474 493 475 473 495 495 473 494 479 495 496 479 475 495 481 479 497 497 479 496 483 497 498 483 481 497 483 498 484 484 498 486 490 489 494 493 490 494 495 489 488 495 494 489 491 490 493 492 491 493 496 488 487 496 495 488 485 497 496 485 496 487 486 498 497 486 497 485 499 500 501 502 503 499 500 504 501 501 504 505 499 506 500 503 506 499 504 507 505 502 508 503 503 508 506 506 509 500 508 510 506 506 511 509 510 511 506 504 512 507 513 514 515 515 514 516 516 514 517 517 514 518 518 514 519 519 514 520 520 514 521 521 514 522 522 514 523 523 514 524 524 514 525 526 527 528 528 527 529 529 527 530 530 527 531 532 533 526 526 533 527 534 535 532 532 535 533 536 537 534 534 537 535 536 538 537 536 539 538 536 540 539 541 540 536 541 542 540 541 543 542 541 544 543 545 544 541 545 546 544 545 547 546 548 547 545 512 549 507 512 550 549 551 550 512 552 553 514 525 553 554 554 553 555 548 553 547 555 553 556 556 553 557 514 553 525 557 553 558 558 553 559 559 553 560 560 553 561 561 553 562 562 553 548 547 553 563 563 553 564 564 553 565 565 553 566 566 553 567 567 553 568 568 553 569 569 553 570 570 553 571 571 553 572 572 553 573 573 553 574 574 553 575 575 553 576 576 553 577 577 553 578 578 553 579 579 553 580 580 553 581 581 553 582 582 553 583 583 553 584 552 585 553 551 586 550 552 587 585 551 588 586 587 589 585 588 590 586 587 591 589 589 592 593 593 592 594 591 592 589 594 595 588 592 595 594 588 595 590 510 596 597 510 597 511 598 503 506 598 599 503 599 506 503 599 598 506 600 601 591 591 601 592 601 602 592 592 602 595 602 603 595 595 603 590 603 604 590 590 604 586 604 605 586 586 605 550 605 549 550 549 606 507 606 607 507 507 607 505 607 608 505 505 608 501 608 609 501 501 609 499 609 610 499 499 610 502 610 611 502 502 611 508 612 510 611 611 510 508 613 510 612 596 510 613 614 596 613 597 596 614 615 597 614 511 597 615 615 616 511 511 616 509 616 617 509 509 617 500 617 618 500 500 618 504 618 619 504 504 619 512 619 620 512 512 620 551 620 621 551 551 621 588 621 622 588 588 622 594 623 593 622 622 593 594 623 624 593 593 624 589 624 625 589 589 625 585 585 625 553 553 625 626 626 584 553 584 627 583 583 628 582 627 628 583 582 629 581 628 629 582 581 630 580 629 630 581 580 631 579 630 631 580 579 632 578 631 632 579 578 633 577 632 633 578 577 634 576 633 634 577 634 635 576 576 635 575 635 636 575 575 636 574 636 637 574 574 637 573 637 638 573 573 638 572 638 639 572 572 639 571 639 640 571 571 640 570 640 641 570 570 641 569 641 642 569 569 642 568 642 643 568 568 643 567 643 644 567 567 644 566 644 645 566 566 645 565 645 646 565 565 646 564 564 647 563 646 647 564 563 648 547 647 648 563 547 649 546 648 649 547 546 650 544 649 650 546 544 651 543 650 651 544 543 652 542 651 652 543 542 653 540 652 653 542 540 654 539 653 654 540 539 655 538 654 655 539 538 656 537 655 656 538 537 657 535 656 657 537 535 658 533 657 658 535 658 527 533 527 659 531 531 660 530 659 660 531 530 661 529 660 661 530 529 662 528 661 662 529 528 663 526 662 663 528 526 664 532 663 664 526 532 665 534 664 665 532 534 666 536 665 666 534 666 667 536 536 667 541 667 668 541 541 668 545 668 669 545 545 669 548 669 670 548 548 670 562 670 671 562 562 671 561 671 672 561 561 672 560 672 673 560 560 673 559 673 674 559 559 674 558 674 675 558 558 675 557 675 676 557 557 676 556 676 677 556 556 677 555 677 678 555 555 678 554 554 679 525 678 679 554 525 680 524 679 680 525 524 681 523 680 681 524 523 682 522 681 682 523 522 683 521 682 683 522 521 684 520 683 684 521 520 685 519 684 685 520 519 686 518 685 686 519 518 687 517 686 687 518 517 688 516 687 688 517 516 689 515 688 689 516 515 690 513 689 690 515 690 514 513 691 552 514 691 692 552 552 692 587 692 600 587 587 600 591 617 609 608 599 610 609 618 617 608 618 608 607 598 609 617 598 599 609 606 618 607 611 610 599 611 599 598 616 598 617 612 611 598 615 598 616 615 612 598 619 618 606 514 690 689 514 689 688 514 688 687 514 687 686 514 686 685 514 685 684 514 684 683 514 683 682 514 682 681 514 681 680 514 680 679 527 663 662 527 662 661 527 661 660 527 660 659 658 664 663 658 663 527 657 664 658 657 665 664 656 666 665 656 665 657 655 666 656 654 666 655 653 666 654 653 667 666 652 667 653 651 667 652 650 668 667 650 667 651 649 668 650 648 669 668 648 668 649 549 619 606 605 619 549 605 620 619 626 691 514 626 679 678 626 669 648 626 678 677 626 514 679 626 677 676 626 676 675 626 675 674 626 674 673 626 673 672 626 672 671 626 671 670 626 670 669 626 648 647 626 647 646 626 646 645 626 645 644 626 644 643 626 643 642 626 642 641 626 641 640 626 640 639 626 639 638 626 638 637 626 637 636 626 636 635 626 635 634 626 634 633 626 633 632 626 632 631 626 631 630 626 630 629 626 629 628 626 628 627 626 627 584 625 691 626 604 620 605 692 691 625 621 620 604 624 692 625 603 621 604 600 692 624 601 624 623 601 623 622 601 600 624 602 622 621 602 621 603 602 601 622 613 612 614 614 612 615 693 694 695 695 696 693 693 697 694 693 698 697 698 699 697 696 700 693 696 701 700 702 699 703 703 699 698 704 705 706 705 707 706 705 708 707 708 709 707 709 710 707 702 703 710 710 703 707 711 700 701 711 701 712 713 712 714 713 711 712 715 714 716 715 713 714 717 716 718 717 715 716 719 718 720 719 717 718 706 720 704 706 719 720 700 707 693 700 706 707 711 719 706 711 717 719 711 715 717 711 713 715 711 706 700 703 698 707 707 698 693 721 722 723 723 724 721 721 725 722 721 726 725 726 727 725 724 728 721 724 729 728 730 727 731 731 727 726 732 733 734 733 735 734 733 736 735 736 737 735 737 738 735 730 731 738 738 731 735 739 728 729 739 729 740 741 740 742 741 739 740 743 742 744 743 741 742 745 744 746 745 743 744 747 746 748 747 745 746 734 748 732 734 747 748 728 735 721 728 734 735 739 747 734 739 745 747 739 743 745 739 741 743 739 734 728 731 726 735 735 726 721 749 750 751 751 752 749 749 753 750 749 754 753 754 755 753 752 756 749 752 757 756 758 755 759 759 755 754 760 761 762 761 763 762 761 764 763 764 765 763 765 766 763 758 759 766 766 759 763 767 756 757 767 757 768 769 768 770 769 767 768 771 770 772 771 769 770 773 772 774 773 771 772 775 774 776 775 773 774 762 776 760 762 775 776 756 763 749 756 762 763 767 775 762 767 773 775 767 771 773 767 769 771 767 762 756 759 754 763 763 754 749 777 778 779 779 780 777 777 781 778 777 782 781 782 783 781 780 784 777 780 785 784 782 786 783 783 786 787 788 789 790 789 791 790 789 792 791 792 793 791 793 794 791 787 786 794 794 786 791 790 784 795 790 795 796 790 796 797 790 797 798 790 798 799 791 777 784 791 784 790 786 782 791 791 782 777 795 785 800 795 784 785 796 800 801 796 795 800 797 801 802 797 796 801 798 802 803 798 797 802 799 803 804 799 798 803 790 804 788 790 799 804 805 806 807 807 808 805 805 809 806 805 810 809 810 811 809 808 812 805 808 813 812 810 814 811 811 814 815 816 817 818 817 819 818 817 820 819 820 821 819 821 822 819 815 814 822 822 814 819 818 812 823 818 823 824 818 824 825 818 825 826 818 826 827 819 805 812 819 812 818 814 810 819 819 810 805 823 813 828 823 812 813 824 828 829 824 823 828 825 829 830 825 824 829 826 830 831 826 825 830 827 831 832 827 826 831 818 832 816 818 827 832 833 834 835 835 836 833 833 837 834 833 838 837 838 839 837 836 840 833 836 841 840 839 842 843 838 842 839 844 845 846 845 847 846 845 848 847 848 849 847 849 850 847 843 842 850 850 842 847 851 840 841 851 841 852 853 852 854 853 851 852 855 854 856 855 853 854 857 856 858 857 855 856 859 858 860 859 857 858 846 860 844 846 859 860 846 857 859 846 855 857 846 853 855 846 851 853 846 840 851 847 833 840 847 840 846 842 838 847 847 838 833 861 862 863 863 864 861 861 865 862 861 866 865 866 867 865 864 868 861 864 869 868 866 870 867 867 870 871 872 873 874 873 875 874 873 876 875 876 877 875 877 878 875 871 870 878 878 870 875 874 868 879 874 879 880 874 880 881 874 881 882 874 882 883 875 861 868 875 868 874 870 866 875 875 866 861 879 869 884 879 868 869 880 884 885 880 879 884 881 885 886 881 880 885 882 886 887 882 881 886 883 887 888 883 882 887 874 888 872 874 883 888 889 890 891 891 890 892 893 889 894 894 889 891 893 895 896 894 895 893 896 897 898 895 897 896 898 899 900 897 899 898 900 901 902 899 901 900 902 903 904 901 903 902 905 904 903 906 904 905 907 906 908 908 906 905 890 907 892 892 907 908 891 895 894 891 892 895 892 897 895 892 899 897 901 908 903 903 908 905 892 908 899 899 908 901 909 910 911 909 912 910 913 914 915 913 915 916 913 916 917 913 917 912 913 912 909 918 919 911 911 919 909 920 918 910 910 918 911 921 920 912 912 920 910 913 909 919 913 919 922 914 922 923 914 913 922 915 923 924 915 914 923 916 924 925 916 915 924 917 925 926 917 916 925 912 926 921 912 917 926 920 919 918 921 919 920 923 922 924 924 922 925 925 922 926 926 922 921 921 922 919 927 928 929 929 930 927 927 931 928 927 932 931 932 933 931 930 934 927 930 935 934 936 933 937 937 933 932 938 939 940 939 941 940 939 942 941 942 943 941 943 944 941 936 937 944 944 937 941 945 934 935 945 935 946 947 946 948 947 945 946 949 948 950 949 947 948 951 950 952 951 949 950 953 952 954 953 951 952 940 954 938 940 953 954 934 941 927 934 940 941 945 953 940 945 951 953 945 949 951 945 947 949 945 940 934 937 932 941 941 932 927 955 956 957 957 958 955 955 959 956 955 960 959 960 961 959 958 962 955 958 963 962 964 961 965 965 961 960 966 967 968 967 969 968 967 970 969 970 971 969 971 972 969 964 965 972 972 965 969 973 962 963 973 963 974 975 974 976 975 973 974 977 976 978 977 975 976 979 978 980 979 977 978 981 980 982 981 979 980 968 982 966 968 981 982 962 969 955 962 968 969 973 981 968 973 979 981 973 977 979 973 975 977 973 968 962 965 960 969 969 960 955 983 984 985 985 986 983 983 987 984 983 988 987 988 989 987 986 990 983 986 991 990 992 989 993 993 989 988 994 995 996 995 997 996 995 998 997 998 999 997 999 1000 997 992 993 1000 1000 993 997 1001 990 991 1001 991 1002 1003 1002 1004 1003 1001 1002 1005 1004 1006 1005 1003 1004 1007 1006 1008 1007 1005 1006 1009 1008 1010 1009 1007 1008 996 1010 994 996 1009 1010 990 997 983 990 996 997 1001 1009 996 1001 1007 1009 1001 1005 1007 1001 1003 1005 1001 996 990 993 988 997 997 988 983 1011 1012 1013 1013 1014 1011 1011 1015 1012 1011 1016 1015 1016 1017 1015 1014 1018 1011 1014 1019 1018 1016 1020 1017 1017 1020 1021 1022 1023 1024 1023 1025 1024 1023 1026 1025 1026 1027 1025 1027 1028 1025 1021 1020 1028 1028 1020 1025 1024 1018 1029 1024 1029 1030 1024 1030 1031 1024 1031 1032 1024 1032 1033 1025 1011 1018 1025 1018 1024 1020 1016 1025 1025 1016 1011 1029 1019 1034 1029 1018 1019 1030 1034 1035 1030 1029 1034 1031 1035 1036 1031 1030 1035 1032 1036 1037 1032 1031 1036 1033 1037 1038 1033 1032 1037 1024 1038 1022 1024 1033 1038 1039 1040 1041 1041 1042 1039 1039 1043 1040 1039 1044 1043 1044 1045 1043 1042 1046 1039 1042 1047 1046 1044 1048 1045 1045 1048 1049 1050 1051 1052 1051 1053 1052 1051 1054 1053 1054 1055 1053 1055 1056 1053 1049 1048 1056 1056 1048 1053 1052 1046 1057 1052 1057 1058 1052 1058 1059 1052 1059 1060 1052 1060 1061 1053 1039 1046 1053 1046 1052 1048 1044 1053 1053 1044 1039 1057 1047 1062 1057 1046 1047 1058 1062 1063 1058 1057 1062 1059 1063 1064 1059 1058 1063 1060 1064 1065 1060 1059 1064 1061 1065 1066 1061 1060 1065 1052 1066 1050 1052 1061 1066 1067 1068 1069 1069 1070 1067 1067 1071 1068 1067 1072 1071 1072 1073 1071 1070 1074 1067 1070 1075 1074 1073 1076 1077 1072 1076 1073 1078 1079 1080 1079 1081 1080 1079 1082 1081 1082 1083 1081 1083 1084 1081 1077 1076 1084 1084 1076 1081 1085 1074 1075 1085 1075 1086 1087 1086 1088 1087 1085 1086 1089 1088 1090 1089 1087 1088 1091 1090 1092 1091 1089 1090 1093 1092 1094 1093 1091 1092 1080 1094 1078 1080 1093 1094 1080 1091 1093 1080 1089 1091 1080 1087 1089 1080 1085 1087 1080 1074 1085 1081 1067 1074 1081 1074 1080 1076 1072 1081 1081 1072 1067 1095 1096 1097 1097 1098 1095 1095 1099 1096 1095 1100 1099 1100 1101 1099 1098 1102 1095 1098 1103 1102 1100 1104 1101 1101 1104 1105 1106 1107 1108 1107 1109 1108 1107 1110 1109 1110 1111 1109 1111 1112 1109 1105 1104 1112 1112 1104 1109 1108 1102 1113 1108 1113 1114 1108 1114 1115 1108 1115 1116 1108 1116 1117 1109 1095 1102 1109 1102 1108 1104 1100 1109 1109 1100 1095 1113 1103 1118 1113 1102 1103 1114 1118 1119 1114 1113 1118 1115 1119 1120 1115 1114 1119 1116 1120 1121 1116 1115 1120 1117 1121 1122 1117 1116 1121 1108 1122 1106 1108 1117 1122 1123 1124 1125 1125 1124 1126 1127 1123 1128 1128 1123 1125 1127 1129 1130 1128 1129 1127 1130 1131 1132 1129 1131 1130 1132 1133 1134 1131 1133 1132 1134 1135 1136 1133 1135 1134 1136 1137 1138 1135 1137 1136 1139 1138 1137 1140 1138 1139 1141 1140 1142 1142 1140 1139 1124 1141 1126 1126 1141 1142 1125 1129 1128 1125 1126 1129 1126 1131 1129 1126 1133 1131 1135 1142 1137 1137 1142 1139 1126 1142 1133 1133 1142 1135 1143 1144 1145 1145 1146 1143 1143 1147 1144 1143 1148 1147 1148 1149 1147 1146 1150 1143 1146 1151 1150 1152 1149 1153 1153 1149 1148 1154 1155 1156 1155 1157 1156 1155 1158 1157 1158 1159 1157 1159 1160 1157 1152 1153 1160 1160 1153 1157 1161 1150 1151 1161 1151 1162 1163 1162 1164 1163 1161 1162 1165 1164 1166 1165 1163 1164 1167 1166 1168 1167 1165 1166 1169 1168 1170 1169 1167 1168 1156 1170 1154 1156 1169 1170 1150 1157 1143 1150 1156 1157 1161 1169 1156 1161 1167 1169 1161 1165 1167 1161 1163 1165 1161 1156 1150 1153 1148 1157 1157 1148 1143 1171 1172 1173 1173 1174 1171 1171 1175 1172 1171 1176 1175 1176 1177 1175 1174 1178 1171 1174 1179 1178 1180 1177 1181 1181 1177 1176 1182 1183 1184 1183 1185 1184 1183 1186 1185 1186 1187 1185 1187 1188 1185 1180 1181 1188 1188 1181 1185 1189 1178 1179 1189 1179 1190 1191 1190 1192 1191 1189 1190 1193 1192 1194 1193 1191 1192 1195 1194 1196 1195 1193 1194 1197 1196 1198 1197 1195 1196 1184 1198 1182 1184 1197 1198 1178 1185 1171 1178 1184 1185 1189 1197 1184 1189 1195 1197 1189 1193 1195 1189 1191 1193 1189 1184 1178 1181 1176 1185 1185 1176 1171 1199 1200 1201 1201 1202 1199 1199 1203 1200 1199 1204 1203 1204 1205 1203 1202 1206 1199 1202 1207 1206 1208 1205 1209 1209 1205 1204 1210 1211 1212 1211 1213 1212 1211 1214 1213 1214 1215 1213 1215 1216 1213 1208 1209 1216 1216 1209 1213 1217 1206 1207 1217 1207 1218 1219 1218 1220 1219 1217 1218 1221 1220 1222 1221 1219 1220 1223 1222 1224 1223 1221 1222 1225 1224 1226 1225 1223 1224 1212 1226 1210 1212 1225 1226 1206 1213 1199 1206 1212 1213 1217 1225 1212 1217 1223 1225 1217 1221 1223 1217 1219 1221 1217 1212 1206 1209 1204 1213 1213 1204 1199 1227 1228 1229 1229 1230 1227 1227 1231 1228 1227 1232 1231 1232 1233 1231 1230 1234 1227 1230 1235 1234 1232 1236 1233 1233 1236 1237 1238 1239 1240 1239 1241 1240 1239 1242 1241 1242 1243 1241 1243 1244 1241 1237 1236 1244 1244 1236 1241 1240 1234 1245 1240 1245 1246 1240 1246 1247 1240 1247 1248 1240 1248 1249 1241 1227 1234 1241 1234 1240 1236 1232 1241 1241 1232 1227 1245 1235 1250 1245 1234 1235 1246 1250 1251 1246 1245 1250 1247 1251 1252 1247 1246 1251 1248 1252 1253 1248 1247 1252 1249 1253 1254 1249 1248 1253 1240 1254 1238 1240 1249 1254 1255 1256 1257 1257 1258 1255 1255 1259 1256 1255 1260 1259 1260 1261 1259 1258 1262 1255 1258 1263 1262 1260 1264 1261 1261 1264 1265 1266 1267 1268 1267 1269 1268 1267 1270 1269 1270 1271 1269 1271 1272 1269 1265 1264 1272 1272 1264 1269 1268 1262 1273 1268 1273 1274 1268 1274 1275 1268 1275 1276 1268 1276 1277 1269 1255 1262 1269 1262 1268 1264 1260 1269 1269 1260 1255 1273 1263 1278 1273 1262 1263 1274 1278 1279 1274 1273 1278 1275 1279 1280 1275 1274 1279 1276 1280 1281 1276 1275 1280 1277 1281 1282 1277 1276 1281 1268 1282 1266 1268 1277 1282 1283 1284 1285 1285 1286 1283 1283 1287 1284 1283 1288 1287 1288 1289 1287 1286 1290 1283 1286 1291 1290 1289 1292 1293 1288 1292 1289 1294 1295 1296 1295 1297 1296 1295 1298 1297 1298 1299 1297 1299 1300 1297 1293 1292 1300 1300 1292 1297 1301 1290 1291 1301 1291 1302 1303 1302 1304 1303 1301 1302 1305 1304 1306 1305 1303 1304 1307 1306 1308 1307 1305 1306 1309 1308 1310 1309 1307 1308 1296 1310 1294 1296 1309 1310 1296 1307 1309 1296 1305 1307 1296 1303 1305 1296 1301 1303 1296 1290 1301 1297 1283 1290 1297 1290 1296 1292 1288 1297 1297 1288 1283 1311 1312 1313 1313 1314 1311 1311 1315 1312 1311 1316 1315 1316 1317 1315 1314 1318 1311 1314 1319 1318 1316 1320 1317 1317 1320 1321 1322 1323 1324 1323 1325 1324 1323 1326 1325 1326 1327 1325 1327 1328 1325 1321 1320 1328 1328 1320 1325 1324 1318 1329 1324 1329 1330 1324 1330 1331 1324 1331 1332 1324 1332 1333 1325 1311 1318 1325 1318 1324 1320 1316 1325 1325 1316 1311 1329 1319 1334 1329 1318 1319 1330 1334 1335 1330 1329 1334 1331 1335 1336 1331 1330 1335 1332 1336 1337 1332 1331 1336 1333 1337 1338 1333 1332 1337 1324 1338 1322 1324 1333 1338 1339 1340 1341 1341 1340 1342 1343 1339 1344 1344 1339 1341 1343 1345 1346 1344 1345 1343 1346 1347 1348 1345 1347 1346 1348 1349 1350 1347 1349 1348 1350 1351 1352 1349 1351 1350 1352 1353 1354 1351 1353 1352 1355 1354 1353 1356 1354 1355 1357 1356 1358 1358 1356 1355 1340 1357 1342 1342 1357 1358 1341 1345 1344 1341 1342 1345 1342 1347 1345 1342 1349 1347 1351 1358 1353 1353 1358 1355 1342 1358 1349 1349 1358 1351 1359 1360 1361 1361 1362 1359 1359 1363 1360 1359 1364 1363 1364 1365 1363 1362 1366 1359 1362 1367 1366 1368 1365 1369 1369 1365 1364 1370 1371 1372 1371 1373 1372 1371 1374 1373 1374 1375 1373 1375 1376 1373 1368 1369 1376 1376 1369 1373 1377 1366 1367 1377 1367 1378 1379 1378 1380 1379 1377 1378 1381 1380 1382 1381 1379 1380 1383 1382 1384 1383 1381 1382 1385 1384 1386 1385 1383 1384 1372 1386 1370 1372 1385 1386 1366 1373 1359 1366 1372 1373 1377 1385 1372 1377 1383 1385 1377 1381 1383 1377 1379 1381 1377 1372 1366 1369 1364 1373 1373 1364 1359 1387 1388 1389 1389 1390 1387 1387 1391 1388 1387 1392 1391 1392 1393 1391 1390 1394 1387 1390 1395 1394 1396 1393 1397 1397 1393 1392 1398 1399 1400 1399 1401 1400 1399 1402 1401 1402 1403 1401 1403 1404 1401 1396 1397 1404 1404 1397 1401 1405 1394 1395 1405 1395 1406 1407 1406 1408 1407 1405 1406 1409 1408 1410 1409 1407 1408 1411 1410 1412 1411 1409 1410 1413 1412 1414 1413 1411 1412 1400 1414 1398 1400 1413 1414 1394 1401 1387 1394 1400 1401 1405 1413 1400 1405 1411 1413 1405 1409 1411 1405 1407 1409 1405 1400 1394 1397 1392 1401 1401 1392 1387 1415 1416 1417 1417 1418 1415 1415 1419 1416 1415 1420 1419 1420 1421 1419 1418 1422 1415 1418 1423 1422 1424 1421 1425 1425 1421 1420 1426 1427 1428 1427 1429 1428 1427 1430 1429 1430 1431 1429 1431 1432 1429 1424 1425 1432 1432 1425 1429 1433 1422 1423 1433 1423 1434 1435 1434 1436 1435 1433 1434 1437 1436 1438 1437 1435 1436 1439 1438 1440 1439 1437 1438 1441 1440 1442 1441 1439 1440 1428 1442 1426 1428 1441 1442 1422 1429 1415 1422 1428 1429 1433 1441 1428 1433 1439 1441 1433 1437 1439 1433 1435 1437 1433 1428 1422 1425 1420 1429 1429 1420 1415 1443 1444 1445 1445 1446 1443 1443 1447 1444 1443 1448 1447 1448 1449 1447 1446 1450 1443 1446 1451 1450 1448 1452 1449 1449 1452 1453 1454 1455 1456 1455 1457 1456 1455 1458 1457 1458 1459 1457 1459 1460 1457 1453 1452 1460 1460 1452 1457 1456 1450 1461 1456 1461 1462 1456 1462 1463 1456 1463 1464 1456 1464 1465 1457 1443 1450 1457 1450 1456 1452 1448 1457 1457 1448 1443 1461 1451 1466 1461 1450 1451 1462 1466 1467 1462 1461 1466 1463 1467 1468 1463 1462 1467 1464 1468 1469 1464 1463 1468 1465 1469 1470 1465 1464 1469 1456 1470 1454 1456 1465 1470 1471 1472 1473 1473 1474 1471 1471 1475 1472 1471 1476 1475 1476 1477 1475 1474 1478 1471 1474 1479 1478 1476 1480 1477 1477 1480 1481 1482 1483 1484 1483 1485 1484 1483 1486 1485 1486 1487 1485 1487 1488 1485 1481 1480 1488 1488 1480 1485 1484 1478 1489 1484 1489 1490 1484 1490 1491 1484 1491 1492 1484 1492 1493 1485 1471 1478 1485 1478 1484 1480 1476 1485 1485 1476 1471 1489 1479 1494 1489 1478 1479 1490 1494 1495 1490 1489 1494 1491 1495 1496 1491 1490 1495 1492 1496 1497 1492 1491 1496 1493 1497 1498 1493 1492 1497 1484 1498 1482 1484 1493 1498 1499 1500 1501 1501 1502 1499 1499 1503 1500 1499 1504 1503 1504 1505 1503 1502 1506 1499 1502 1507 1506 1505 1508 1509 1504 1508 1505 1510 1511 1512 1511 1513 1512 1511 1514 1513 1514 1515 1513 1515 1516 1513 1509 1508 1516 1516 1508 1513 1517 1506 1507 1517 1507 1518 1519 1518 1520 1519 1517 1518 1521 1520 1522 1521 1519 1520 1523 1522 1524 1523 1521 1522 1525 1524 1526 1525 1523 1524 1512 1526 1510 1512 1525 1526 1512 1523 1525 1512 1521 1523 1512 1519 1521 1512 1517 1519 1512 1506 1517 1513 1499 1506 1513 1506 1512 1508 1504 1513 1513 1504 1499 1527 1528 1529 1529 1530 1527 1527 1531 1528 1527 1532 1531 1532 1533 1531 1530 1534 1527 1530 1535 1534 1532 1536 1533 1533 1536 1537 1538 1539 1540 1539 1541 1540 1539 1542 1541 1542 1543 1541 1543 1544 1541 1537 1536 1544 1544 1536 1541 1540 1534 1545 1540 1545 1546 1540 1546 1547 1540 1547 1548 1540 1548 1549 1541 1527 1534 1541 1534 1540 1536 1532 1541 1541 1532 1527 1545 1535 1550 1545 1534 1535 1546 1550 1551 1546 1545 1550 1547 1551 1552 1547 1546 1551 1548 1552 1553 1548 1547 1552 1549 1553 1554 1549 1548 1553 1540 1554 1538 1540 1549 1554 1555 1556 1557 1557 1556 1558 1559 1555 1560 1560 1555 1557 1559 1561 1562 1560 1561 1559 1562 1563 1564 1561 1563 1562 1564 1565 1566 1563 1565 1564 1566 1567 1568 1565 1567 1566 1568 1569 1570 1567 1569 1568 1571 1570 1569 1572 1570 1571 1573 1572 1574 1574 1572 1571 1556 1573 1558 1558 1573 1574 1557 1561 1560 1557 1558 1561 1558 1563 1561 1558 1565 1563 1567 1574 1569 1569 1574 1571 1558 1574 1565 1565 1574 1567 1575 1576 1577 1577 1578 1575 1575 1579 1576 1575 1580 1579 1580 1581 1579 1578 1582 1575 1578 1583 1582 1584 1581 1585 1585 1581 1580 1586 1587 1588 1587 1589 1588 1587 1590 1589 1590 1591 1589 1591 1592 1589 1584 1585 1592 1592 1585 1589 1593 1582 1583 1593 1583 1594 1595 1594 1596 1595 1593 1594 1597 1596 1598 1597 1595 1596 1599 1598 1600 1599 1597 1598 1601 1600 1602 1601 1599 1600 1588 1602 1586 1588 1601 1602 1582 1589 1575 1582 1588 1589 1593 1601 1588 1593 1599 1601 1593 1597 1599 1593 1595 1597 1593 1588 1582 1585 1580 1589 1589 1580 1575 1603 1604 1605 1605 1606 1603 1603 1607 1604 1603 1608 1607 1608 1609 1607 1606 1610 1603 1606 1611 1610 1612 1609 1613 1613 1609 1608 1614 1615 1616 1615 1617 1616 1615 1618 1617 1618 1619 1617 1619 1620 1617 1612 1613 1620 1620 1613 1617 1621 1610 1611 1621 1611 1622 1623 1622 1624 1623 1621 1622 1625 1624 1626 1625 1623 1624 1627 1626 1628 1627 1625 1626 1629 1628 1630 1629 1627 1628 1616 1630 1614 1616 1629 1630 1610 1617 1603 1610 1616 1617 1621 1629 1616 1621 1627 1629 1621 1625 1627 1621 1623 1625 1621 1616 1610 1613 1608 1617 1617 1608 1603 1631 1632 1633 1633 1634 1631 1631 1635 1632 1631 1636 1635 1636 1637 1635 1634 1638 1631 1634 1639 1638 1640 1637 1641 1641 1637 1636 1642 1643 1644 1643 1645 1644 1643 1646 1645 1646 1647 1645 1647 1648 1645 1640 1641 1648 1648 1641 1645 1649 1638 1639 1649 1639 1650 1651 1650 1652 1651 1649 1650 1653 1652 1654 1653 1651 1652 1655 1654 1656 1655 1653 1654 1657 1656 1658 1657 1655 1656 1644 1658 1642 1644 1657 1658 1638 1645 1631 1638 1644 1645 1649 1657 1644 1649 1655 1657 1649 1653 1655 1649 1651 1653 1649 1644 1638 1641 1636 1645 1645 1636 1631 1659 1660 1661 1661 1662 1659 1659 1663 1660 1659 1664 1663 1664 1665 1663 1662 1666 1659 1662 1667 1666 1664 1668 1665 1665 1668 1669 1670 1671 1672 1671 1673 1672 1671 1674 1673 1674 1675 1673 1675 1676 1673 1669 1668 1676 1676 1668 1673 1672 1666 1677 1672 1677 1678 1672 1678 1679 1672 1679 1680 1672 1680 1681 1673 1659 1666 1673 1666 1672 1668 1664 1673 1673 1664 1659 1677 1667 1682 1677 1666 1667 1678 1682 1683 1678 1677 1682 1679 1683 1684 1679 1678 1683 1680 1684 1685 1680 1679 1684 1681 1685 1686 1681 1680 1685 1672 1686 1670 1672 1681 1686 1687 1688 1689 1689 1690 1687 1687 1691 1688 1687 1692 1691 1692 1693 1691 1690 1694 1687 1690 1695 1694 1692 1696 1693 1693 1696 1697 1698 1699 1700 1699 1701 1700 1699 1702 1701 1702 1703 1701 1703 1704 1701 1697 1696 1704 1704 1696 1701 1700 1694 1705 1700 1705 1706 1700 1706 1707 1700 1707 1708 1700 1708 1709 1701 1687 1694 1701 1694 1700 1696 1692 1701 1701 1692 1687 1705 1695 1710 1705 1694 1695 1706 1710 1711 1706 1705 1710 1707 1711 1712 1707 1706 1711 1708 1712 1713 1708 1707 1712 1709 1713 1714 1709 1708 1713 1700 1714 1698 1700 1709 1714 1715 1716 1717 1717 1718 1715 1715 1719 1716 1715 1720 1719 1720 1721 1719 1718 1722 1715 1718 1723 1722 1721 1724 1725 1720 1724 1721 1726 1727 1728 1727 1729 1728 1727 1730 1729 1730 1731 1729 1731 1732 1729 1725 1724 1732 1732 1724 1729 1733 1722 1723 1733 1723 1734 1735 1734 1736 1735 1733 1734 1737 1736 1738 1737 1735 1736 1739 1738 1740 1739 1737 1738 1741 1740 1742 1741 1739 1740 1728 1742 1726 1728 1741 1742 1728 1739 1741 1728 1737 1739 1728 1735 1737 1728 1733 1735 1728 1722 1733 1729 1715 1722 1729 1722 1728 1724 1720 1729 1729 1720 1715 1743 1744 1745 1745 1746 1743 1743 1747 1744 1743 1748 1747 1748 1749 1747 1746 1750 1743 1746 1751 1750 1748 1752 1749 1749 1752 1753 1754 1755 1756 1755 1757 1756 1755 1758 1757 1758 1759 1757 1759 1760 1757 1753 1752 1760 1760 1752 1757 1756 1750 1761 1756 1761 1762 1756 1762 1763 1756 1763 1764 1756 1764 1765 1757 1743 1750 1757 1750 1756 1752 1748 1757 1757 1748 1743 1761 1751 1766 1761 1750 1751 1762 1766 1767 1762 1761 1766 1763 1767 1768 1763 1762 1767 1764 1768 1769 1764 1763 1768 1765 1769 1770 1765 1764 1769 1756 1770 1754 1756 1765 1770 1771 1772 1773 1773 1772 1774 1775 1771 1776 1776 1771 1773 1775 1777 1778 1776 1777 1775 1778 1779 1780 1777 1779 1778 1780 1781 1782 1779 1781 1780 1782 1783 1784 1781 1783 1782 1784 1785 1786 1783 1785 1784 1787 1786 1785 1788 1786 1787 1789 1788 1790 1790 1788 1787 1772 1789 1774 1774 1789 1790 1773 1777 1776 1773 1774 1777 1774 1779 1777 1774 1781 1779 1783 1790 1785 1785 1790 1787 1774 1790 1781 1781 1790 1783 1791 1792 1793 1793 1794 1791 1791 1795 1792 1791 1796 1795 1796 1797 1795 1794 1798 1791 1794 1799 1798 1800 1797 1801 1801 1797 1796 1802 1803 1804 1803 1805 1804 1803 1806 1805 1806 1807 1805 1807 1808 1805 1800 1801 1808 1808 1801 1805 1809 1798 1799 1809 1799 1810 1811 1810 1812 1811 1809 1810 1813 1812 1814 1813 1811 1812 1815 1814 1816 1815 1813 1814 1817 1816 1818 1817 1815 1816 1804 1818 1802 1804 1817 1818 1798 1805 1791 1798 1804 1805 1809 1817 1804 1809 1815 1817 1809 1813 1815 1809 1811 1813 1809 1804 1798 1801 1796 1805 1805 1796 1791 1819 1820 1821 1821 1822 1819 1819 1823 1820 1819 1824 1823 1824 1825 1823 1822 1826 1819 1822 1827 1826 1828 1825 1829 1829 1825 1824 1830 1831 1832 1831 1833 1832 1831 1834 1833 1834 1835 1833 1835 1836 1833 1828 1829 1836 1836 1829 1833 1837 1826 1827 1837 1827 1838 1839 1838 1840 1839 1837 1838 1841 1840 1842 1841 1839 1840 1843 1842 1844 1843 1841 1842 1845 1844 1846 1845 1843 1844 1832 1846 1830 1832 1845 1846 1826 1833 1819 1826 1832 1833 1837 1845 1832 1837 1843 1845 1837 1841 1843 1837 1839 1841 1837 1832 1826 1829 1824 1833 1833 1824 1819 1847 1848 1849 1849 1850 1847 1847 1851 1848 1847 1852 1851 1852 1853 1851 1850 1854 1847 1850 1855 1854 1856 1853 1857 1857 1853 1852 1858 1859 1860 1859 1861 1860 1859 1862 1861 1862 1863 1861 1863 1864 1861 1856 1857 1864 1864 1857 1861 1865 1854 1855 1865 1855 1866 1867 1866 1868 1867 1865 1866 1869 1868 1870 1869 1867 1868 1871 1870 1872 1871 1869 1870 1873 1872 1874 1873 1871 1872 1860 1874 1858 1860 1873 1874 1854 1861 1847 1854 1860 1861 1865 1873 1860 1865 1871 1873 1865 1869 1871 1865 1867 1869 1865 1860 1854 1857 1852 1861 1861 1852 1847 1875 1876 1877 1877 1878 1875 1875 1879 1876 1875 1880 1879 1880 1881 1879 1878 1882 1875 1878 1883 1882 1880 1884 1881 1881 1884 1885 1886 1887 1888 1887 1889 1888 1887 1890 1889 1890 1891 1889 1891 1892 1889 1885 1884 1892 1892 1884 1889 1888 1882 1893 1888 1893 1894 1888 1894 1895 1888 1895 1896 1888 1896 1897 1889 1875 1882 1889 1882 1888 1884 1880 1889 1889 1880 1875 1893 1883 1898 1893 1882 1883 1894 1898 1899 1894 1893 1898 1895 1899 1900 1895 1894 1899 1896 1900 1901 1896 1895 1900 1897 1901 1902 1897 1896 1901 1888 1902 1886 1888 1897 1902 1903 1904 1905 1905 1906 1903 1903 1907 1904 1903 1908 1907 1908 1909 1907 1906 1910 1903 1906 1911 1910 1908 1912 1909 1909 1912 1913 1914 1915 1916 1915 1917 1916 1915 1918 1917 1918 1919 1917 1919 1920 1917 1913 1912 1920 1920 1912 1917 1916 1910 1921 1916 1921 1922 1916 1922 1923 1916 1923 1924 1916 1924 1925 1917 1903 1910 1917 1910 1916 1912 1908 1917 1917 1908 1903 1921 1911 1926 1921 1910 1911 1922 1926 1927 1922 1921 1926 1923 1927 1928 1923 1922 1927 1924 1928 1929 1924 1923 1928 1925 1929 1930 1925 1924 1929 1916 1930 1914 1916 1925 1930 1931 1932 1933 1933 1934 1931 1931 1935 1932 1931 1936 1935 1936 1937 1935 1934 1938 1931 1934 1939 1938 1937 1940 1941 1936 1940 1937 1942 1943 1944 1943 1945 1944 1943 1946 1945 1946 1947 1945 1947 1948 1945 1941 1940 1948 1948 1940 1945 1949 1938 1939 1949 1939 1950 1951 1950 1952 1951 1949 1950 1953 1952 1954 1953 1951 1952 1955 1954 1956 1955 1953 1954 1957 1956 1958 1957 1955 1956 1944 1958 1942 1944 1957 1958 1944 1955 1957 1944 1953 1955 1944 1951 1953 1944 1949 1951 1944 1938 1949 1945 1931 1938 1945 1938 1944 1940 1936 1945 1945 1936 1931 1959 1960 1961 1961 1962 1959 1959 1963 1960 1959 1964 1963 1964 1965 1963 1962 1966 1959 1962 1967 1966 1964 1968 1965 1965 1968 1969 1970 1971 1972 1971 1973 1972 1971 1974 1973 1974 1975 1973 1975 1976 1973 1969 1968 1976 1976 1968 1973 1972 1966 1977 1972 1977 1978 1972 1978 1979 1972 1979 1980 1972 1980 1981 1973 1959 1966 1973 1966 1972 1968 1964 1973 1973 1964 1959 1977 1967 1982 1977 1966 1967 1978 1982 1983 1978 1977 1982 1979 1983 1984 1979 1978 1983 1980 1984 1985 1980 1979 1984 1981 1985 1986 1981 1980 1985 1972 1986 1970 1972 1981 1986 1987 1988 1989 1989 1988 1990 1991 1987 1992 1992 1987 1989 1991 1993 1994 1992 1993 1991 1994 1995 1996 1993 1995 1994 1996 1997 1998 1995 1997 1996 1998 1999 2000 1997 1999 1998 2000 2001 2002 1999 2001 2000 2003 2002 2001 2004 2002 2003 2005 2004 2006 2006 2004 2003 1988 2005 1990 1990 2005 2006 1989 1993 1992 1989 1990 1993 1990 1995 1993 1990 1997 1995 1999 2006 2001 2001 2006 2003 1990 2006 1997 1997 2006 1999</p>
        </triangles>
      </mesh>
    </geometry>
    <geometry id="geometry_872117e3_482e_48a4_ae22_6df64d3606fe" name="">
      <mesh>
        <source id="pos_3">
          <float_array id="pos_3-array" count="603">-0.01000503 -0.007702082 -0.0026 -0.01023003 -0.007477082 -0.0026 -0.01000503 -0.007702082 -0.0028 -0.01034584 -0.007361267 -0.00215 -0.01091489 -0.006792214 -0.00215 -0.01147708 -0.006230026 -0.0026 -0.01170208 -0.006005025 -0.0028 -0.01136127 -0.00634584 -0.00215 -0.01091489 -0.006792214 -0.00214 -0.01136127 -0.00634584 -0.00214 -0.01170208 -0.006005025 -0.0026 -0.01099498 -0.005297919 -0.0026 -0.01099498 -0.005297919 -0.0028 0.004005026 0.006702082 -0.0026 0.004230026 0.006477082 -0.0026 0.004005026 0.006702082 -0.0028 0.00434584 0.006361267 -0.00215 0.004792214 0.005914893 -0.00215 0.00434584 0.006361267 -0.00214 0.004792214 0.005914893 -0.00214 0.005477082 0.005230026 -0.0026 0.005702082 0.005005026 -0.0028 0.005361267 0.00534584 -0.00215 0.005702082 0.005005026 -0.0026 0.004994975 0.004297919 -0.0026 0.004769974 0.004522919 -0.0026 0.004005026 -0.005297919 -0.0026 0.004230026 -0.005522919 -0.0026 0.004005026 -0.005297919 -0.0028 0.00434584 -0.005638734 -0.00215 0.004792214 -0.006085107 -0.00215 0.00434584 -0.005638734 -0.00214 0.004792214 -0.006085107 -0.00214 0.005477082 -0.006769975 -0.0026 0.005702082 -0.006994975 -0.0028 0.005361267 -0.006654161 -0.00215 0.005702082 -0.006994975 -0.0026 0.003297919 -0.006005025 -0.0026 0.003522919 -0.006230026 -0.0026 0.004994975 -0.007702082 -0.0026 0.004994975 -0.007702082 -0.0028 -0.001994975 -0.008297918 -0.0026 -0.001769975 -0.008522919 -0.0026 -0.001994975 -0.008297918 -0.0028 -0.00165416 -0.008638734 -0.00215 -0.001207786 -0.009085108 -0.00215 -0.00165416 -0.008638734 -0.00214 -0.001207786 -0.009085108 -0.00214 -0.0005229188 -0.009769975 -0.0026 -0.0002979185 -0.009994975 -0.0028 -0.0006387334 -0.00965416 -0.00215 -0.0002979185 -0.009994975 -0.0026 -0.01170208 0.008994975 -0.0026 -0.01099498 0.009702082 -0.0026 -0.01170208 0.008994975 -0.0028 -0.01099498 0.009702082 -0.0028 -0.007769974 0.01247708 -0.0026 -0.007994975 0.01270208 -0.0026 -0.008477082 0.01176998 -0.0026 -0.008702082 0.01199498 -0.0026 -0.006297919 0.002005025 -0.0026 -0.006522919 0.002230026 -0.0026 -0.007230026 0.001522919 -0.0026 -0.007005026 0.001297918 -0.0026 -0.008702082 -5.02525e-06 -0.0026 -0.007994975 0.0007020815 -0.0026 -0.008702082 -5.02525e-06 -0.0028 -0.007994975 0.0007020815 -0.0028 -0.008477082 -0.003230026 -0.0026 -0.007769974 -0.002522919 -0.0026 -0.008702082 -0.003005025 -0.0026 -0.007994975 -0.002297919 -0.0026 -0.005477082 0.01176998 -0.0026 -0.004994975 0.01270208 -0.0026 -0.005702082 0.01199498 -0.0026 -0.004769974 0.01247708 -0.0026 -0.004005026 0.01029792 -0.0026 -0.003297919 0.01100503 -0.0026 -0.003522919 0.01123003 -0.0026 -0.004230026 0.01052292 -0.0026 -0.003297919 -0.003994975 -0.0026 -0.004005026 -0.004702082 -0.0026 -0.003297919 -0.003994975 -0.0028 -0.004005026 -0.004702082 -0.0028 -0.001005025 0.007297919 -0.0026 -0.0002979185 0.008005025 -0.0026 -0.0005229188 0.008230026 -0.0026 -0.001230026 0.007522919 -0.0026 0.004994975 0.001297918 -0.0026 0.005702082 0.002005025 -0.0026 0.005477082 0.002230026 -0.0026 0.004769974 0.001522919 -0.0026 0.004994975 -0.004702082 -0.0026 0.005702082 -0.003994975 -0.0026 0.005477082 -0.003769975 -0.0026 0.004769974 -0.004477081 -0.0026 0.006297919 0.008994975 -0.0026 0.007005026 0.009702082 -0.0026 0.006297919 0.008994975 -0.0028 0.007005026 0.009702082 -0.0028 0.008702082 0.002005025 -0.0026 0.007994975 0.001297918 -0.0026 0.008702082 0.002005025 -0.0028 0.007994975 0.001297918 -0.0028 0.009297919 0.01199498 -0.0026 0.01000503 0.01270208 -0.0026 0.009297919 0.01199498 -0.0028 0.01000503 0.01270208 -0.0028 0.00952292 0.008769975 -0.0026 0.01000503 0.009702082 -0.0026 0.009297919 0.008994975 -0.0026 0.01023003 0.009477082 -0.0026 0.01170208 0.002005025 -0.0026 0.01099498 0.001297918 -0.0026 0.01170208 0.002005025 -0.0028 0.01099498 0.001297918 -0.0028 0.00952292 -0.009230026 -0.0026 0.01000503 -0.008297918 -0.0026 0.009297919 -0.009005025 -0.0026 0.01023003 -0.008522919 -0.0026 -0.00165416 0.009361266 -0.00215 -0.002477081 0.008769975 -0.0026 -0.002361267 0.008654159 -0.00215 -0.001769975 0.009477082 -0.0026 -0.00134584 -0.001361267 -0.00215 -0.0005229188 -0.0007699744 -0.0026 -0.0006387334 -0.0006541598 -0.00215 -0.001230026 -0.001477081 -0.0026 0.00165416 0.007638734 -0.00215 0.002477081 0.008230026 -0.0026 0.002361267 0.00834584 -0.00215 0.001769975 0.007522919 -0.0026 0.00134584 0.0003612666 -0.00215 0.0005229188 -0.0002300256 -0.0026 0.0006387334 -0.0003458402 -0.00215 0.001230026 0.0004770812 -0.0026 0.00465416 -0.001361267 -0.00215 0.005477082 -0.0007699744 -0.0026 0.005361267 -0.0006541598 -0.00215 0.004769974 -0.001477081 -0.0026 0.00434584 -0.002638733 -0.00215 0.003522919 -0.003230026 -0.0026 0.003638734 -0.00334584 -0.00215 0.004230026 -0.002522919 -0.0026 0.00465416 -0.01036127 -0.00215 0.005477082 -0.009769975 -0.0026 0.005361267 -0.00965416 -0.00215 0.004769974 -0.01047708 -0.0026 0.00765416 -0.007361267 -0.00215 0.008477082 -0.006769975 -0.0026 0.008361267 -0.006654161 -0.00215 0.007769974 -0.007477082 -0.0026 0.01065416 -0.007361267 -0.00215 0.01136127 -0.006654161 -0.00215 0.01008511 -0.006792214 -0.00215 0.01079221 -0.006085107 -0.00215 0.00165416 0.001638733 -0.00215 0.002361267 0.00234584 -0.00215 0.001085107 0.002207786 -0.00215 0.001792214 0.002914893 -0.00215 -0.01034584 0.004638734 -0.00215 -0.009638734 0.00534584 -0.00215 -0.01091489 0.005207786 -0.00215 -0.01020779 0.005914893 -0.00215 -0.01034584 0.01063873 -0.00215 -0.00952292 0.01123003 -0.0026 -0.009638734 0.01134584 -0.00215 -0.01023003 0.01052292 -0.0026 -0.01099498 0.003702082 -0.0026 -0.01076998 0.003477081 -0.0026 -0.01099498 0.003702082 -0.0028 -0.01065416 0.003361267 -0.00215 -0.01020779 0.002914893 -0.00215 -0.01065416 0.003361267 -0.00214 -0.01020779 0.002914893 -0.00214 -0.00952292 0.002230026 -0.0026 -0.009297919 0.002005025 -0.0028 -0.009638734 0.00234584 -0.00215 -0.009297919 0.002005025 -0.0026 -0.01000503 -0.001702082 -0.0026 -0.01023003 -0.001477081 -0.0026 -0.01000503 -0.001702082 -0.0028 -0.01034584 -0.001361267 -0.00215 -0.01091489 -0.0007922139 -0.00215 -0.01147708 -0.0002300256 -0.0026 -0.01170208 -5.02525e-06 -0.0028 -0.01136127 -0.0003458402 -0.00215 -0.01091489 -0.0007922139 -0.00214 -0.01136127 -0.0003458402 -0.00214 -0.01170208 -5.02525e-06 -0.0026 -0.007005026 0.004297919 -0.0026 -0.007230026 0.004522919 -0.0026 -0.007005026 0.004297919 -0.0028 -0.00734584 0.004638734 -0.00215 -0.007914893 0.005207786 -0.00215 -0.008477082 0.005769975 -0.0026 -0.008702082 0.005994975 -0.0028 -0.008361267 0.00565416 -0.00215 -0.007914893 0.005207786 -0.00214 -0.008361267 0.00565416 -0.00214 -0.008702082 0.005994975 -0.0026</float_array>
          <technique_common>
            <accessor count="201" source="#pos_3-array" stride="3"><param type="float" name="X"/><param type="float" name="Y"/><param type="float" name="Z"/></accessor></technique_common>
        </source>
        <vertices id="vert_3">
          <input semantic="POSITION" source="#pos_3"/>
        </vertices>
        <triangles count="129" material="mat_0">
          <input semantic="VERTEX" source="#vert_3" offset="0"/>
          <p>0 1 2 3 4 1 4 5 1 1 6 2 5 6 1 4 7 5 8 9 4 4 9 7 5 10 6 10 11 6 6 11 12 13 14 15 16 17 14 18 19 16 16 19 17 17 20 14 14 21 15 20 21 14 17 22 20 20 23 21 24 23 20 24 20 25 26 27 28 29 30 27 31 32 29 29 32 30 30 33 27 27 34 28 33 34 27 30 35 33 33 36 34 37 27 26 38 27 37 36 39 34 34 39 40 41 42 43 44 45 42 46 47 44 44 47 45 45 48 42 42 49 43 48 49 42 45 50 48 48 51 49 52 53 54 54 53 55 56 57 58 58 57 59 60 61 62 63 60 62 64 65 66 66 65 67 68 69 70 69 71 70 72 73 74 72 75 73 76 77 78 76 78 79 80 81 82 82 81 83 84 85 86 84 86 87 88 89 90 88 90 91 92 93 94 92 94 95 96 97 98 98 97 99 100 101 102 102 101 103 104 105 106 106 105 107 108 109 110 108 111 109 112 113 114 114 113 115 116 117 118 116 119 117 120 121 122 123 121 120 124 125 126 127 125 124 128 129 130 131 129 128 132 133 134 135 133 132 136 137 138 139 137 136 140 141 142 143 141 140 144 145 146 147 145 144 148 149 150 151 149 148 152 153 154 154 153 155 156 157 158 158 157 159 160 161 162 162 161 163 164 165 166 167 165 164 168 169 170 171 172 169 173 174 171 171 174 172 172 175 169 169 176 170 175 176 169 172 177 175 175 178 176 179 180 181 182 183 180 183 184 180 180 185 181 184 185 180 183 186 184 187 188 183 183 188 186 184 189 185 190 191 192 193 194 191 194 195 191 191 196 192 195 196 191 194 197 195 198 199 194 194 199 197 195 200 196</p>
        </triangles>
      </mesh>
    </geometry>
    <geometry id="geometry_6ac22cd2_a825_4a0b_baf4_89cfe6434d4c" name="">
      <mesh>
        <source id="pos_4">
          <float_array id="pos_4-array" count="1920">-0.01020779 0.01191489 -0.00214 -0.01091489 0.01120779 -0.00214 -0.01020779 0.01191489 -0.00215 -0.01091489 0.01120779 -0.00215 -0.01136127 0.01165416 -0.00214 -0.01065416 0.01236127 -0.00214 -0.01136127 0.01165416 -0.00215 -0.01065416 0.01236127 -0.00215 -0.01020779 0.008914893 -0.00214 -0.01091489 0.008207787 -0.00214 -0.01020779 0.008914893 -0.00215 -0.01091489 0.008207787 -0.00215 -0.01136127 0.008654159 -0.00214 -0.01065416 0.009361266 -0.00214 -0.01136127 0.008654159 -0.00215 -0.01065416 0.009361266 -0.00215 -0.01020779 0.005914893 -0.00214 -0.01091489 0.005207786 -0.00214 -0.01020779 0.005914893 -0.00215 -0.01091489 0.005207786 -0.00215 -0.01136127 0.00565416 -0.00214 -0.01065416 0.006361267 -0.00214 -0.01136127 0.00565416 -0.00215 -0.01065416 0.006361267 -0.00215 -0.01020779 0.002914893 -0.00214 -0.01091489 0.002207786 -0.00214 -0.01020779 0.002914893 -0.00215 -0.01091489 0.002207786 -0.00215 -0.01136127 0.00265416 -0.00214 -0.01065416 0.003361267 -0.00214 -0.01136127 0.00265416 -0.00215 -0.01065416 0.003361267 -0.00215 -0.01020779 -8.510706e-05 -0.00214 -0.01091489 -0.0007922139 -0.00214 -0.01020779 -8.510706e-05 -0.00215 -0.01091489 -0.0007922139 -0.00215 -0.01136127 -0.0003458402 -0.00214 -0.01065416 0.0003612666 -0.00214 -0.01136127 -0.0003458402 -0.00215 -0.01065416 0.0003612666 -0.00215 -0.01020779 -0.003085107 -0.00214 -0.01091489 -0.003792214 -0.00214 -0.01020779 -0.003085107 -0.00215 -0.01091489 -0.003792214 -0.00215 -0.01136127 -0.00334584 -0.00214 -0.01065416 -0.002638733 -0.00214 -0.01136127 -0.00334584 -0.00215 -0.01065416 -0.002638733 -0.00215 -0.01020779 -0.006085107 -0.00214 -0.01091489 -0.006792214 -0.00214 -0.01020779 -0.006085107 -0.00215 -0.01091489 -0.006792214 -0.00215 -0.01136127 -0.00634584 -0.00214 -0.01065416 -0.005638734 -0.00214 -0.01136127 -0.00634584 -0.00215 -0.01065416 -0.005638734 -0.00215 -0.01020779 -0.009085108 -0.00214 -0.01091489 -0.009792214 -0.00214 -0.01020779 -0.009085108 -0.00215 -0.01091489 -0.009792214 -0.00215 -0.01136127 -0.009345841 -0.00214 -0.01065416 -0.008638734 -0.00214 -0.01065416 -0.008638734 -0.00215 -0.01136127 -0.009345841 -0.00215 -0.007207786 0.01191489 -0.00214 -0.007914893 0.01120779 -0.00214 -0.007207786 0.01191489 -0.00215 -0.007914893 0.01120779 -0.00215 -0.008361267 0.01165416 -0.00214 -0.00765416 0.01236127 -0.00214 -0.008361267 0.01165416 -0.00215 -0.00765416 0.01236127 -0.00215 -0.007207786 0.008914893 -0.00214 -0.007914893 0.008207787 -0.00214 -0.007207786 0.008914893 -0.00215 -0.007914893 0.008207787 -0.00215 -0.008361267 0.008654159 -0.00214 -0.00765416 0.009361266 -0.00214 -0.008361267 0.008654159 -0.00215 -0.00765416 0.009361266 -0.00215 -0.007207786 0.005914893 -0.00214 -0.007914893 0.005207786 -0.00214 -0.007207786 0.005914893 -0.00215 -0.007914893 0.005207786 -0.00215 -0.00765416 0.006361267 -0.00214 -0.008361267 0.00565416 -0.00214 -0.008361267 0.00565416 -0.00215 -0.00765416 0.006361267 -0.00215 -0.007207786 0.002914893 -0.00214 -0.007914893 0.002207786 -0.00214 -0.007207786 0.002914893 -0.00215 -0.007914893 0.002207786 -0.00215 -0.00765416 0.003361267 -0.00214 -0.008361267 0.00265416 -0.00214 -0.008361267 0.00265416 -0.00215 -0.00765416 0.003361267 -0.00215 -0.007207786 -8.510706e-05 -0.00214 -0.007914893 -0.0007922139 -0.00214 -0.007207786 -8.510706e-05 -0.00215 -0.007914893 -0.0007922139 -0.00215 -0.008361267 -0.0003458402 -0.00214 -0.00765416 0.0003612666 -0.00214 -0.008361267 -0.0003458402 -0.00215 -0.00765416 0.0003612666 -0.00215 -0.007207786 -0.003085107 -0.00214 -0.007914893 -0.003792214 -0.00214 -0.007207786 -0.003085107 -0.00215 -0.007914893 -0.003792214 -0.00215 -0.008361267 -0.00334584 -0.00214 -0.00765416 -0.002638733 -0.00214 -0.008361267 -0.00334584 -0.00215 -0.00765416 -0.002638733 -0.00215 -0.007207786 -0.006085107 -0.00214 -0.007914893 -0.006792214 -0.00214 -0.007207786 -0.006085107 -0.00215 -0.007914893 -0.006792214 -0.00215 -0.00765416 -0.005638734 -0.00214 -0.008361267 -0.00634584 -0.00214 -0.008361267 -0.00634584 -0.00215 -0.00765416 -0.005638734 -0.00215 -0.007207786 -0.009085108 -0.00214 -0.007914893 -0.009792214 -0.00214 -0.007207786 -0.009085108 -0.00215 -0.007914893 -0.009792214 -0.00215 -0.00765416 -0.008638734 -0.00214 -0.008361267 -0.009345841 -0.00214 -0.008361267 -0.009345841 -0.00215 -0.00765416 -0.008638734 -0.00215 -0.004207786 0.01191489 -0.00214 -0.004914893 0.01120779 -0.00214 -0.004207786 0.01191489 -0.00215 -0.004914893 0.01120779 -0.00215 -0.005361267 0.01165416 -0.00214 -0.00465416 0.01236127 -0.00214 -0.005361267 0.01165416 -0.00215 -0.00465416 0.01236127 -0.00215 -0.004207786 0.008914893 -0.00214 -0.004914893 0.008207787 -0.00214 -0.004207786 0.008914893 -0.00215 -0.004914893 0.008207787 -0.00215 -0.005361267 0.008654159 -0.00214 -0.00465416 0.009361266 -0.00214 -0.005361267 0.008654159 -0.00215 -0.00465416 0.009361266 -0.00215 -0.004207786 0.005914893 -0.00214 -0.004914893 0.005207786 -0.00214 -0.004207786 0.005914893 -0.00215 -0.004914893 0.005207786 -0.00215 -0.00465416 0.006361267 -0.00214 -0.005361267 0.00565416 -0.00214 -0.005361267 0.00565416 -0.00215 -0.00465416 0.006361267 -0.00215 -0.004207786 0.002914893 -0.00214 -0.004914893 0.002207786 -0.00214 -0.004207786 0.002914893 -0.00215 -0.004914893 0.002207786 -0.00215 -0.00465416 0.003361267 -0.00214 -0.005361267 0.00265416 -0.00214 -0.005361267 0.00265416 -0.00215 -0.00465416 0.003361267 -0.00215 -0.004207786 -8.510706e-05 -0.00214 -0.004914893 -0.0007922139 -0.00214 -0.004207786 -8.510706e-05 -0.00215 -0.004914893 -0.0007922139 -0.00215 -0.005361267 -0.0003458402 -0.00214 -0.00465416 0.0003612666 -0.00214 -0.005361267 -0.0003458402 -0.00215 -0.00465416 0.0003612666 -0.00215 -0.004207786 -0.003085107 -0.00214 -0.004914893 -0.003792214 -0.00214 -0.004207786 -0.003085107 -0.00215 -0.004914893 -0.003792214 -0.00215 -0.005361267 -0.00334584 -0.00214 -0.00465416 -0.002638733 -0.00214 -0.005361267 -0.00334584 -0.00215 -0.00465416 -0.002638733 -0.00215 -0.004207786 -0.006085107 -0.00214 -0.004914893 -0.006792214 -0.00214 -0.004207786 -0.006085107 -0.00215 -0.004914893 -0.006792214 -0.00215 -0.00465416 -0.005638734 -0.00214 -0.005361267 -0.00634584 -0.00214 -0.005361267 -0.00634584 -0.00215 -0.00465416 -0.005638734 -0.00215 -0.004207786 -0.009085108 -0.00214 -0.004914893 -0.009792214 -0.00214 -0.004207786 -0.009085108 -0.00215 -0.004914893 -0.009792214 -0.00215 -0.00465416 -0.008638734 -0.00214 -0.005361267 -0.009345841 -0.00214 -0.005361267 -0.009345841 -0.00215 -0.00465416 -0.008638734 -0.00215 -0.001207786 0.01191489 -0.00214 -0.001914893 0.01120779 -0.00214 -0.001207786 0.01191489 -0.00215 -0.001914893 0.01120779 -0.00215 -0.002361267 0.01165416 -0.00214 -0.00165416 0.01236127 -0.00214 -0.002361267 0.01165416 -0.00215 -0.00165416 0.01236127 -0.00215 -0.001207786 0.008914893 -0.00214 -0.001914893 0.008207787 -0.00214 -0.001207786 0.008914893 -0.00215 -0.001914893 0.008207787 -0.00215 -0.002361267 0.008654159 -0.00214 -0.00165416 0.009361266 -0.00214 -0.002361267 0.008654159 -0.00215 -0.00165416 0.009361266 -0.00215 -0.001207786 0.005914893 -0.00214 -0.001914893 0.005207786 -0.00214 -0.001207786 0.005914893 -0.00215 -0.001914893 0.005207786 -0.00215 -0.002361267 0.00565416 -0.00214 -0.00165416 0.006361267 -0.00214 -0.002361267 0.00565416 -0.00215 -0.00165416 0.006361267 -0.00215 -0.001207786 0.002914893 -0.00214 -0.001914893 0.002207786 -0.00214 -0.001207786 0.002914893 -0.00215 -0.001914893 0.002207786 -0.00215 -0.002361267 0.00265416 -0.00214 -0.00165416 0.003361267 -0.00214 -0.002361267 0.00265416 -0.00215 -0.00165416 0.003361267 -0.00215 -0.001207786 -8.510706e-05 -0.00214 -0.001914893 -0.0007922139 -0.00214 -0.001207786 -8.510706e-05 -0.00215 -0.001914893 -0.0007922139 -0.00215 -0.002361267 -0.0003458402 -0.00214 -0.00165416 0.0003612666 -0.00214 -0.002361267 -0.0003458402 -0.00215 -0.00165416 0.0003612666 -0.00215 -0.001207786 -0.003085107 -0.00214 -0.001914893 -0.003792214 -0.00214 -0.001207786 -0.003085107 -0.00215 -0.001914893 -0.003792214 -0.00215 -0.002361267 -0.00334584 -0.00214 -0.00165416 -0.002638733 -0.00214 -0.002361267 -0.00334584 -0.00215 -0.00165416 -0.002638733 -0.00215 -0.001207786 -0.006085107 -0.00214 -0.001914893 -0.006792214 -0.00214 -0.001207786 -0.006085107 -0.00215 -0.001914893 -0.006792214 -0.00215 -0.002361267 -0.00634584 -0.00214 -0.00165416 -0.005638734 -0.00214 -0.002361267 -0.00634584 -0.00215 -0.00165416 -0.005638734 -0.00215 -0.001207786 -0.009085108 -0.00214 -0.001914893 -0.009792214 -0.00214 -0.001207786 -0.009085108 -0.00215 -0.001914893 -0.009792214 -0.00215 -0.002361267 -0.009345841 -0.00214 -0.00165416 -0.008638734 -0.00214 -0.002361267 -0.009345841 -0.00215 -0.00165416 -0.008638734 -0.00215 0.001792214 0.01191489 -0.00214 0.001085107 0.01120779 -0.00214 0.001792214 0.01191489 -0.00215 0.001085107 0.01120779 -0.00215 0.0006387334 0.01165416 -0.00214 0.00134584 0.01236127 -0.00214 0.0006387334 0.01165416 -0.00215 0.00134584 0.01236127 -0.00215 0.001792214 0.008914893 -0.00214 0.001085107 0.008207787 -0.00214 0.001792214 0.008914893 -0.00215 0.001085107 0.008207787 -0.00215 0.0006387334 0.008654159 -0.00214 0.00134584 0.009361266 -0.00214 0.0006387334 0.008654159 -0.00215 0.00134584 0.009361266 -0.00215 0.001792214 0.005914893 -0.00214 0.001085107 0.005207786 -0.00214 0.001792214 0.005914893 -0.00215 0.001085107 0.005207786 -0.00215 0.0006387334 0.00565416 -0.00214 0.00134584 0.006361267 -0.00214 0.0006387334 0.00565416 -0.00215 0.00134584 0.006361267 -0.00215 0.001792214 0.002914893 -0.00214 0.001085107 0.002207786 -0.00214 0.001792214 0.002914893 -0.00215 0.001085107 0.002207786 -0.00215 0.0006387334 0.00265416 -0.00214 0.00134584 0.003361267 -0.00214 0.0006387334 0.00265416 -0.00215 0.00134584 0.003361267 -0.00215 0.001792214 -8.510706e-05 -0.00214 0.001085107 -0.0007922139 -0.00214 0.001792214 -8.510706e-05 -0.00215 0.001085107 -0.0007922139 -0.00215 0.0006387334 -0.0003458402 -0.00214 0.00134584 0.0003612666 -0.00214 0.0006387334 -0.0003458402 -0.00215 0.00134584 0.0003612666 -0.00215 0.001792214 -0.003085107 -0.00214 0.001085107 -0.003792214 -0.00214 0.001792214 -0.003085107 -0.00215 0.001085107 -0.003792214 -0.00215 0.0006387334 -0.00334584 -0.00214 0.00134584 -0.002638733 -0.00214 0.0006387334 -0.00334584 -0.00215 0.00134584 -0.002638733 -0.00215 0.001792214 -0.006085107 -0.00214 0.001085107 -0.006792214 -0.00214 0.001792214 -0.006085107 -0.00215 0.001085107 -0.006792214 -0.00215 0.0006387334 -0.00634584 -0.00214 0.00134584 -0.005638734 -0.00214 0.0006387334 -0.00634584 -0.00215 0.00134584 -0.005638734 -0.00215 0.001792214 -0.009085108 -0.00214 0.001085107 -0.009792214 -0.00214 0.001792214 -0.009085108 -0.00215 0.001085107 -0.009792214 -0.00215 0.0006387334 -0.009345841 -0.00214 0.00134584 -0.008638734 -0.00214 0.0006387334 -0.009345841 -0.00215 0.00134584 -0.008638734 -0.00215 0.004792214 0.01191489 -0.00214 0.004085107 0.01120779 -0.00214 0.004792214 0.01191489 -0.00215 0.004085107 0.01120779 -0.00215 0.003638734 0.01165416 -0.00214 0.00434584 0.01236127 -0.00214 0.003638734 0.01165416 -0.00215 0.00434584 0.01236127 -0.00215 0.004792214 0.008914893 -0.00214 0.004085107 0.008207787 -0.00214 0.004792214 0.008914893 -0.00215 0.004085107 0.008207787 -0.00215 0.003638734 0.008654159 -0.00214 0.00434584 0.009361266 -0.00214 0.003638734 0.008654159 -0.00215 0.00434584 0.009361266 -0.00215 0.004792214 0.005914893 -0.00214 0.004085107 0.005207786 -0.00214 0.004792214 0.005914893 -0.00215 0.004085107 0.005207786 -0.00215 0.00434584 0.006361267 -0.00214 0.003638734 0.00565416 -0.00214 0.003638734 0.00565416 -0.00215 0.00434584 0.006361267 -0.00215 0.004792214 0.002914893 -0.00214 0.004085107 0.002207786 -0.00214 0.004792214 0.002914893 -0.00215 0.004085107 0.002207786 -0.00215 0.00434584 0.003361267 -0.00214 0.003638734 0.00265416 -0.00214 0.003638734 0.00265416 -0.00215 0.00434584 0.003361267 -0.00215 0.004792214 -8.510706e-05 -0.00214 0.004085107 -0.0007922139 -0.00214 0.004792214 -8.510706e-05 -0.00215 0.004085107 -0.0007922139 -0.00215 0.003638734 -0.0003458402 -0.00214 0.00434584 0.0003612666 -0.00214 0.003638734 -0.0003458402 -0.00215 0.00434584 0.0003612666 -0.00215 0.004792214 -0.003085107 -0.00214 0.004085107 -0.003792214 -0.00214 0.004792214 -0.003085107 -0.00215 0.004085107 -0.003792214 -0.00215 0.003638734 -0.00334584 -0.00214 0.00434584 -0.002638733 -0.00214 0.003638734 -0.00334584 -0.00215 0.00434584 -0.002638733 -0.00215 0.004792214 -0.006085107 -0.00214 0.004085107 -0.006792214 -0.00214 0.004792214 -0.006085107 -0.00215 0.004085107 -0.006792214 -0.00215 0.00434584 -0.005638734 -0.00214 0.003638734 -0.00634584 -0.00214 0.003638734 -0.00634584 -0.00215 0.00434584 -0.005638734 -0.00215 0.004792214 -0.009085108 -0.00214 0.004085107 -0.009792214 -0.00214 0.004792214 -0.009085108 -0.00215 0.004085107 -0.009792214 -0.00215 0.00434584 -0.008638734 -0.00214 0.003638734 -0.009345841 -0.00214 0.003638734 -0.009345841 -0.00215 0.00434584 -0.008638734 -0.00215 0.007792214 0.01191489 -0.00214 0.007085107 0.01120779 -0.00214 0.007792214 0.01191489 -0.00215 0.007085107 0.01120779 -0.00215 0.006638734 0.01165416 -0.00214 0.00734584 0.01236127 -0.00214 0.006638734 0.01165416 -0.00215 0.00734584 0.01236127 -0.00215 0.007792214 0.008914893 -0.00214 0.007085107 0.008207787 -0.00214 0.007792214 0.008914893 -0.00215 0.007085107 0.008207787 -0.00215 0.006638734 0.008654159 -0.00214 0.00734584 0.009361266 -0.00214 0.006638734 0.008654159 -0.00215 0.00734584 0.009361266 -0.00215 0.007792214 0.005914893 -0.00214 0.007085107 0.005207786 -0.00214 0.007792214 0.005914893 -0.00215 0.007085107 0.005207786 -0.00215 0.00734584 0.006361267 -0.00214 0.006638734 0.00565416 -0.00214 0.006638734 0.00565416 -0.00215 0.00734584 0.006361267 -0.00215 0.007792214 0.002914893 -0.00214 0.007085107 0.002207786 -0.00214 0.007792214 0.002914893 -0.00215 0.007085107 0.002207786 -0.00215 0.00734584 0.003361267 -0.00214 0.006638734 0.00265416 -0.00214 0.006638734 0.00265416 -0.00215 0.00734584 0.003361267 -0.00215 0.007792214 -8.510706e-05 -0.00214 0.007085107 -0.0007922139 -0.00214 0.007792214 -8.510706e-05 -0.00215 0.007085107 -0.0007922139 -0.00215 0.006638734 -0.0003458402 -0.00214 0.00734584 0.0003612666 -0.00214 0.006638734 -0.0003458402 -0.00215 0.00734584 0.0003612666 -0.00215 0.007792214 -0.003085107 -0.00214 0.007085107 -0.003792214 -0.00214 0.007792214 -0.003085107 -0.00215 0.007085107 -0.003792214 -0.00215 0.006638734 -0.00334584 -0.00214 0.00734584 -0.002638733 -0.00214 0.006638734 -0.00334584 -0.00215 0.00734584 -0.002638733 -0.00215 0.007792214 -0.006085107 -0.00214 0.007085107 -0.006792214 -0.00214 0.007792214 -0.006085107 -0.00215 0.007085107 -0.006792214 -0.00215 0.00734584 -0.005638734 -0.00214 0.006638734 -0.00634584 -0.00214 0.006638734 -0.00634584 -0.00215 0.00734584 -0.005638734 -0.00215 0.007792214 -0.009085108 -0.00214 0.007085107 -0.009792214 -0.00214 0.007792214 -0.009085108 -0.00215 0.007085107 -0.009792214 -0.00215 0.00734584 -0.008638734 -0.00214 0.006638734 -0.009345841 -0.00214 0.006638734 -0.009345841 -0.00215 0.00734584 -0.008638734 -0.00215 0.01079221 0.01191489 -0.00214 0.01008511 0.01120779 -0.00214 0.01079221 0.01191489 -0.00215 0.01008511 0.01120779 -0.00215 0.009638734 0.01165416 -0.00214 0.01034584 0.01236127 -0.00214 0.009638734 0.01165416 -0.00215 0.01034584 0.01236127 -0.00215 0.01079221 0.008914893 -0.00214 0.01008511 0.008207787 -0.00214 0.01079221 0.008914893 -0.00215 0.01008511 0.008207787 -0.00215 0.009638734 0.008654159 -0.00214 0.01034584 0.009361266 -0.00214 0.009638734 0.008654159 -0.00215 0.01034584 0.009361266 -0.00215 0.01079221 0.005914893 -0.00214 0.01008511 0.005207786 -0.00214 0.01079221 0.005914893 -0.00215 0.01008511 0.005207786 -0.00215 0.009638734 0.00565416 -0.00214 0.01034584 0.006361267 -0.00214 0.009638734 0.00565416 -0.00215 0.01034584 0.006361267 -0.00215 0.01079221 0.002914893 -0.00214 0.01008511 0.002207786 -0.00214 0.01079221 0.002914893 -0.00215 0.01008511 0.002207786 -0.00215 0.009638734 0.00265416 -0.00214 0.01034584 0.003361267 -0.00214 0.009638734 0.00265416 -0.00215 0.01034584 0.003361267 -0.00215 0.01079221 -8.510706e-05 -0.00214 0.01008511 -0.0007922139 -0.00214 0.01079221 -8.510706e-05 -0.00215 0.01008511 -0.0007922139 -0.00215 0.009638734 -0.0003458402 -0.00214 0.01034584 0.0003612666 -0.00214 0.009638734 -0.0003458402 -0.00215 0.01034584 0.0003612666 -0.00215 0.01079221 -0.003085107 -0.00214 0.01008511 -0.003792214 -0.00214 0.01079221 -0.003085107 -0.00215 0.01008511 -0.003792214 -0.00215 0.009638734 -0.00334584 -0.00214 0.01034584 -0.002638733 -0.00214 0.009638734 -0.00334584 -0.00215 0.01034584 -0.002638733 -0.00215 0.01079221 -0.006085107 -0.00214 0.01008511 -0.006792214 -0.00214 0.01079221 -0.006085107 -0.00215 0.01008511 -0.006792214 -0.00215 0.009638734 -0.00634584 -0.00214 0.01034584 -0.005638734 -0.00214 0.009638734 -0.00634584 -0.00215 0.01034584 -0.005638734 -0.00215 0.01079221 -0.009085108 -0.00214 0.01008511 -0.009792214 -0.00214 0.01079221 -0.009085108 -0.00215 0.01008511 -0.009792214 -0.00215 0.009638734 -0.009345841 -0.00214 0.01034584 -0.008638734 -0.00214 0.01034584 -0.008638734 -0.00215 0.009638734 -0.009345841 -0.00215 -0.001319557 -0.01495012 0 -0.00038661 -0.0165 -0.0002 -0.00038661 -0.0165 0 -0.001319557 -0.01495012 -0.0002 -0.001319557 -0.01127738 0 -0.001319557 -0.01127738 -0.0002 -0.0125 -0.01127738 0 -0.0125 -0.01127738 -0.0002 -0.007708682 -0.0149083 -0.0028 -0.007708682 -0.01494123 -0.00279 -0.007708682 -0.01494123 -0.0028 -0.007708682 -0.0149083 -0.00279 -0.007631681 -0.01492751 -0.0028 -0.007631681 -0.01492751 -0.00279 -0.007554276 -0.01489497 -0.00279 -0.007554273 -0.01489496 -0.0028 -0.007525755 -0.01480998 -0.00279 -0.007525755 -0.01480998 -0.0028 -0.007555992 -0.01472079 -0.0028 -0.007555992 -0.01472079 -0.00279 -0.007638426 -0.01468605 -0.0028 -0.007638426 -0.01468605 -0.00279 -0.007708682 -0.01470526 -0.0028 -0.007708682 -0.01470526 -0.00279 -0.007708682 -0.01466501 -0.0028 -0.007708682 -0.01466501 -0.00279 -0.007638083 -0.01465312 -0.0028 -0.007638083 -0.01465312 -0.00279 -0.007527204 -0.01469836 -0.00279 -0.007527204 -0.01469836 -0.0028 -0.007485511 -0.01481244 -0.00279 -0.007485511 -0.01481244 -0.0028 -0.007523875 -0.01491998 -0.00279 -0.007523875 -0.01491998 -0.0028 -0.007626136 -0.01496044 -0.00279 -0.007626136 -0.01496044 -0.0028 -0.008476974 -0.01495678 -0.00279 -0.008476974 -0.01495678 -0.0028 -0.008520877 -0.01495678 -0.0028 -0.008520877 -0.01495678 -0.00279 -0.008403804 -0.01465678 -0.00279 -0.008403804 -0.01465678 -0.0028 -0.00836356 -0.01465678 -0.0028 -0.00836356 -0.01465678 -0.00279 -0.008250145 -0.01495678 -0.00279 -0.008250145 -0.01495678 -0.0028 -0.008294048 -0.01495678 -0.0028 -0.008294048 -0.01495678 -0.00279 -0.008322688 -0.01487263 -0.00279 -0.008322688 -0.01487263 -0.0028 -0.008446621 -0.01487263 -0.0028 -0.008446621 -0.01487263 -0.00279 -0.00843313 -0.01483971 -0.00279 -0.008332805 -0.01483971 -0.00279 -0.008382853 -0.01469337 -0.00279 -0.00838797 -0.0147144 -0.00279 -0.008377565 -0.0147144 -0.00279 -0.008383339 -0.01469337 -0.002793333 -0.00838797 -0.0147144 -0.0028 -0.008382853 -0.01469337 -0.0028 -0.008382367 -0.01469337 -0.002793333 -0.008377565 -0.0147144 -0.0028 -0.008332805 -0.01483971 -0.0028 -0.00843313 -0.01483971 -0.0028 -0.007986731 -0.01465678 -0.00279 -0.007986731 -0.01465678 -0.0028 -0.007986731 -0.01495678 -0.0028 -0.007986731 -0.01495678 -0.00279 -0.008068305 -0.01495678 -0.0028 -0.008068305 -0.01495678 -0.00279 -0.008184797 -0.01491352 -0.00279 -0.008184801 -0.01491352 -0.0028 -0.008228194 -0.01480301 -0.00279 -0.008228194 -0.01480301 -0.0028 -0.008185876 -0.01469868 -0.0028 -0.008185876 -0.01469868 -0.00279 -0.008071392 -0.01465678 -0.0028 -0.008071392 -0.01465678 -0.00279 -0.008156635 -0.01489229 -0.00279 -0.008069563 -0.01492385 -0.00279 -0.008187951 -0.01480386 -0.00279 -0.008026974 -0.01492385 -0.00279 -0.008158759 -0.01472114 -0.00279 -0.00807122 -0.01468971 -0.00279 -0.008026974 -0.01468971 -0.00279 -0.008026974 -0.01492385 -0.0028 -0.008069563 -0.01492385 -0.0028 -0.008156635 -0.01489229 -0.0028 -0.008187951 -0.01480386 -0.0028 -0.008158759 -0.01472114 -0.0028 -0.00807122 -0.01468971 -0.0028 -0.008026974 -0.01468971 -0.0028 -0.007767219 -0.01495678 -0.00279 -0.007767219 -0.01495678 -0.0028 -0.007928194 -0.01495678 -0.0028 -0.007928194 -0.01495678 -0.00279 -0.007928194 -0.01492385 -0.0028 -0.007928194 -0.01492385 -0.00279 -0.007807462 -0.01492385 -0.0028 -0.007807462 -0.01492385 -0.00279 -0.007807462 -0.01482141 -0.0028 -0.007807462 -0.01482141 -0.00279 -0.00791356 -0.01482141 -0.0028 -0.00791356 -0.01482141 -0.00279 -0.00791356 -0.01478849 -0.0028 -0.00791356 -0.01478849 -0.00279 -0.007807462 -0.01478849 -0.0028 -0.007807462 -0.01478849 -0.00279 -0.007807462 -0.01468971 -0.0028 -0.007807462 -0.01468971 -0.00279 -0.007920877 -0.01468971 -0.0028 -0.007920877 -0.01468971 -0.00279 -0.007920877 -0.01465678 -0.0028 -0.007920877 -0.01465678 -0.00279 -0.007767219 -0.01465678 -0.0028 -0.007767219 -0.01465678 -0.00279 -0.007306243 -0.01495678 -0.00279 -0.007306243 -0.01495678 -0.0028 -0.007459901 -0.01495678 -0.0028 -0.007459901 -0.01495678 -0.00279 -0.007459901 -0.01492385 -0.0028 -0.007459901 -0.01492385 -0.00279 -0.007346487 -0.01492385 -0.0028 -0.007346487 -0.01492385 -0.00279 -0.007346487 -0.01465678 -0.0028 -0.007346487 -0.01465678 -0.00279 -0.007306243 -0.01465678 -0.0028 -0.007306243 -0.01465678 -0.00279</float_array>
          <technique_common>
            <accessor count="640" source="#pos_4-array" stride="3"><param type="float" name="X"/><param type="float" name="Y"/><param type="float" name="Z"/></accessor></technique_common>
        </source>
        <vertices id="vert_4">
          <input semantic="POSITION" source="#pos_4"/>
        </vertices>
        <triangles count="565" material="mat_2">
          <input semantic="VERTEX" source="#vert_4" offset="0"/>
          <p>0 1 2 2 1 3 0 4 1 0 5 4 4 5 6 6 5 7 8 9 10 10 9 11 8 12 9 8 13 12 12 13 14 14 13 15 16 17 18 18 17 19 16 20 17 16 21 20 20 21 22 22 21 23 24 25 26 26 25 27 24 28 25 24 29 28 28 29 30 30 29 31 32 33 34 34 33 35 32 36 33 32 37 36 36 37 38 38 37 39 40 41 42 42 41 43 40 44 41 40 45 44 44 45 46 46 45 47 48 49 50 50 49 51 48 52 49 48 53 52 52 53 54 54 53 55 56 57 58 58 57 59 56 60 57 56 61 60 60 62 63 60 61 62 64 65 66 66 65 67 64 68 65 64 69 68 68 69 70 70 69 71 72 73 74 74 73 75 72 76 73 72 77 76 76 77 78 78 77 79 80 81 82 82 81 83 80 84 85 81 80 85 85 84 86 86 84 87 88 89 90 90 89 91 88 92 93 89 88 93 93 92 94 94 92 95 96 97 98 98 97 99 96 100 97 96 101 100 100 101 102 102 101 103 104 105 106 106 105 107 104 108 105 104 109 108 108 109 110 110 109 111 112 113 114 114 113 115 112 116 117 113 112 117 117 116 118 118 116 119 120 121 122 122 121 123 120 124 125 121 120 125 125 124 126 126 124 127 128 129 130 130 129 131 128 132 129 128 133 132 132 133 134 134 133 135 136 137 138 138 137 139 136 140 137 136 141 140 140 141 142 142 141 143 144 145 146 146 145 147 144 148 149 145 144 149 149 148 150 150 148 151 152 153 154 154 153 155 152 156 157 153 152 157 157 156 158 158 156 159 160 161 162 162 161 163 160 164 161 160 165 164 164 165 166 166 165 167 168 169 170 170 169 171 168 172 169 168 173 172 172 173 174 174 173 175 176 177 178 178 177 179 176 180 181 177 176 181 181 180 182 182 180 183 184 185 186 186 185 187 184 188 189 185 184 189 189 188 190 190 188 191 192 193 194 194 193 195 192 196 193 192 197 196 196 197 198 198 197 199 200 201 202 202 201 203 200 204 201 200 205 204 204 205 206 206 205 207 208 209 210 210 209 211 208 212 209 208 213 212 212 213 214 214 213 215 216 217 218 218 217 219 216 220 217 216 221 220 220 221 222 222 221 223 224 225 226 226 225 227 224 228 225 224 229 228 228 229 230 230 229 231 232 233 234 234 233 235 232 236 233 232 237 236 236 237 238 238 237 239 240 241 242 242 241 243 240 244 241 240 245 244 244 245 246 246 245 247 248 249 250 250 249 251 248 252 249 248 253 252 252 253 254 254 253 255 256 257 258 258 257 259 256 260 257 256 261 260 260 261 262 262 261 263 264 265 266 266 265 267 264 268 265 264 269 268 268 269 270 270 269 271 272 273 274 274 273 275 272 276 273 272 277 276 276 277 278 278 277 279 280 281 282 282 281 283 280 284 281 280 285 284 284 285 286 286 285 287 288 289 290 290 289 291 288 292 289 288 293 292 292 293 294 294 293 295 296 297 298 298 297 299 296 300 297 296 301 300 300 301 302 302 301 303 304 305 306 306 305 307 304 308 305 304 309 308 308 309 310 310 309 311 312 313 314 314 313 315 312 316 313 312 317 316 316 317 318 318 317 319 320 321 322 322 321 323 320 324 321 320 325 324 324 325 326 326 325 327 328 329 330 330 329 331 328 332 329 328 333 332 332 333 334 334 333 335 336 337 338 338 337 339 336 340 341 337 336 341 341 340 342 342 340 343 344 345 346 346 345 347 344 348 349 345 344 349 349 348 350 350 348 351 352 353 354 354 353 355 352 356 353 352 357 356 356 357 358 358 357 359 360 361 362 362 361 363 360 364 361 360 365 364 364 365 366 366 365 367 368 369 370 370 369 371 368 372 373 369 368 373 373 372 374 374 372 375 376 377 378 378 377 379 376 380 381 377 376 381 381 380 382 382 380 383 384 385 386 386 385 387 384 388 385 384 389 388 388 389 390 390 389 391 392 393 394 394 393 395 392 396 393 392 397 396 396 397 398 398 397 399 400 401 402 402 401 403 400 404 405 401 400 405 405 404 406 406 404 407 408 409 410 410 409 411 408 412 413 409 408 413 413 412 414 414 412 415 416 417 418 418 417 419 416 420 417 416 421 420 420 421 422 422 421 423 424 425 426 426 425 427 424 428 425 424 429 428 428 429 430 430 429 431 432 433 434 434 433 435 432 436 437 433 432 437 437 436 438 438 436 439 440 441 442 442 441 443 440 444 445 441 440 445 445 444 446 446 444 447 448 449 450 450 449 451 448 452 449 448 453 452 452 453 454 454 453 455 456 457 458 458 457 459 456 460 457 456 461 460 460 461 462 462 461 463 464 465 466 466 465 467 464 468 465 464 469 468 468 469 470 470 469 471 472 473 474 474 473 475 472 476 473 472 477 476 476 477 478 478 477 479 480 481 482 482 481 483 480 484 481 480 485 484 484 485 486 486 485 487 488 489 490 490 489 491 488 492 489 488 493 492 492 493 494 494 493 495 496 497 498 498 497 499 496 500 497 496 501 500 500 501 502 502 501 503 504 505 506 506 505 507 504 508 505 504 509 508 508 510 511 508 509 510 512 513 514 515 513 512 516 515 512 517 515 516 518 517 516 519 517 518 520 521 522 520 523 521 520 524 523 523 524 525 524 526 525 524 527 526 527 528 526 527 529 528 529 530 528 528 530 531 531 532 533 530 532 531 532 534 533 533 534 535 536 535 534 536 537 535 536 538 537 537 538 539 538 540 539 538 541 540 541 542 540 541 543 542 543 544 542 543 545 544 545 546 544 545 547 546 547 522 546 546 522 521 525 546 521 525 521 523 526 546 525 544 546 526 533 535 537 542 526 528 542 544 526 539 533 537 531 533 539 540 528 531 540 542 528 540 531 539 548 549 550 548 550 551 552 551 550 552 550 553 554 552 553 554 555 552 556 555 554 556 554 557 556 557 558 556 558 559 560 559 558 560 558 561 560 561 562 560 562 563 548 563 562 548 562 549 563 548 551 564 563 551 560 556 559 560 563 564 565 560 564 565 556 560 552 566 567 552 567 564 552 564 551 555 565 568 555 568 566 555 566 552 555 556 565 569 570 567 569 567 566 571 570 569 572 571 569 566 572 569 568 572 566 573 571 572 573 572 568 568 565 574 568 574 573 574 564 575 574 565 564 564 570 575 564 567 570 576 577 578 576 578 579 579 578 580 579 580 581 580 582 581 580 583 582 583 584 582 583 585 584 585 586 584 584 586 587 587 588 589 586 588 587 577 589 588 577 576 589 581 582 590 591 581 590 592 582 584 592 590 582 593 581 591 579 581 593 587 592 584 594 592 587 589 595 594 589 594 587 596 595 589 576 593 596 576 579 593 576 596 589 597 591 598 597 593 591 599 598 591 599 591 590 600 590 592 600 599 590 601 600 592 601 592 594 602 594 595 602 601 594 596 603 602 596 602 595 603 596 593 603 593 597 604 605 606 604 606 607 608 607 606 608 609 607 610 609 608 610 611 609 612 611 610 612 613 611 613 612 614 613 614 615 616 615 614 616 617 615 618 617 616 618 619 617 620 619 618 620 621 619 621 620 622 621 622 623 624 623 622 624 625 623 626 625 624 626 627 625 627 626 605 627 605 604 611 607 609 604 607 611 613 604 611 619 613 615 619 615 617 621 623 625 627 619 621 627 621 625 627 604 613 627 613 619 628 629 630 628 630 631 632 631 630 632 633 631 634 633 632 634 635 633 636 635 634 636 637 635 638 637 636 638 639 637 639 638 629 639 629 628 635 631 633 628 631 635 639 635 637 639 628 635</p>
        </triangles>
      </mesh>
    </geometry>
    <geometry id="geometry_e9aef699_19f4_47ef_9163_b4c53215004c" name="">
      <mesh>
        <source id="pos_5">
          <float_array id="pos_5-array" count="3780">-0.004241833 -0.01213469 -0.002628349 -0.004254333 -0.01243469 -0.00265 -0.004241833 -0.01243469 -0.002628349 -0.004254333 -0.01213469 -0.00265 -0.004216834 -0.01213469 -0.002628349 -0.004216834 -0.01243469 -0.002628349 -0.004204333 -0.01213469 -0.00265 -0.004204333 -0.01243469 -0.00265 -0.004241833 -0.01213469 -0.002671651 -0.004369333 -0.01213469 -0.002775 -0.004354334 -0.01213469 -0.00279 -0.004369333 -0.01213469 -0.002525 -0.004216834 -0.01213469 -0.002671651 -0.004104333 -0.01213469 -0.00279 -0.004354334 -0.01213469 -0.00251 -0.004089333 -0.01213469 -0.002775 -0.004089333 -0.01213469 -0.002525 -0.004104333 -0.01213469 -0.00251 -0.004216834 -0.01243469 -0.002671651 -0.004241833 -0.01243469 -0.002671651 -0.004375984 -0.01212469 -0.0027875 -0.004377994 -0.01212969 -0.002775 -0.004379333 -0.01212469 -0.002775 -0.004354334 -0.01212969 -0.00279866 -0.004354334 -0.01213335 -0.002795 -0.004366833 -0.01212469 -0.002796651 -0.004354334 -0.01212469 -0.0028 -0.004371683 -0.01213341 -0.002784727 -0.004374334 -0.01213335 -0.002775 -0.004377994 -0.01212969 -0.002525 -0.004379333 -0.01212469 -0.002525 -0.004374334 -0.01213335 -0.002525 -0.004366833 -0.01212469 -0.002503349 -0.004354334 -0.01212969 -0.00250134 -0.004354334 -0.01212469 -0.0025 -0.004375984 -0.01212469 -0.0025125 -0.004364061 -0.01213341 -0.002507651 -0.004354334 -0.01213335 -0.002505 -0.004104333 -0.01213335 -0.002505 -0.004104333 -0.01212969 -0.00250134 -0.004104333 -0.01212469 -0.0025 -0.004082683 -0.01212469 -0.0025125 -0.004080673 -0.01212969 -0.002525 -0.004079334 -0.01212469 -0.002525 -0.004091833 -0.01212469 -0.002503349 -0.004086984 -0.01213341 -0.002515273 -0.004084334 -0.01213335 -0.002525 -0.004084334 -0.01213335 -0.002775 -0.004080673 -0.01212969 -0.002775 -0.004079334 -0.01212469 -0.002775 -0.004091833 -0.01212469 -0.002796651 -0.004104333 -0.01212969 -0.00279866 -0.004104333 -0.01212469 -0.0028 -0.004082683 -0.01212469 -0.0027875 -0.004094606 -0.01213341 -0.00279235 -0.004104333 -0.01213335 -0.002795 -0.004089333 -0.01243469 -0.002775 -0.004104333 -0.01243469 -0.00279 -0.004089333 -0.01243469 -0.002525 -0.004354334 -0.01243469 -0.00279 -0.004104333 -0.01243469 -0.00251 -0.004369333 -0.01243469 -0.002775 -0.004369333 -0.01243469 -0.002525 -0.004354334 -0.01243469 -0.00251 -0.004379333 -0.01200969 -0.002775 -0.004375984 -0.01200969 -0.0027875 -0.004366833 -0.01200969 -0.002796651 -0.004354334 -0.01200969 -0.0028 -0.004379333 -0.01200969 -0.002525 -0.004375984 -0.01200969 -0.0025125 -0.004366833 -0.01200969 -0.002503349 -0.004354334 -0.01200969 -0.0025 -0.004104333 -0.01200969 -0.0025 -0.004079334 -0.01200969 -0.002525 -0.004082683 -0.01200969 -0.0025125 -0.004091833 -0.01200969 -0.002503349 -0.004079334 -0.01200969 -0.002775 -0.004082683 -0.01200969 -0.0027875 -0.004091833 -0.01200969 -0.002796651 -0.004104333 -0.01200969 -0.0028 -0.004091833 -0.01244469 -0.002503349 -0.004104333 -0.01243969 -0.00250134 -0.004104333 -0.01244469 -0.0025 -0.004080673 -0.01243969 -0.002525 -0.004084334 -0.01243603 -0.002525 -0.004082683 -0.01244469 -0.0025125 -0.004079334 -0.01244469 -0.002525 -0.004094606 -0.01243596 -0.002507651 -0.004104333 -0.01243603 -0.002505 -0.004354334 -0.01243603 -0.002505 -0.004354334 -0.01243969 -0.00250134 -0.004354334 -0.01244469 -0.0025 -0.004375984 -0.01244469 -0.0025125 -0.004377994 -0.01243969 -0.002525 -0.004379333 -0.01244469 -0.002525 -0.004366833 -0.01244469 -0.002503349 -0.004371683 -0.01243596 -0.002515273 -0.004374334 -0.01243603 -0.002525 -0.004374334 -0.01243603 -0.002775 -0.004377994 -0.01243969 -0.002775 -0.004379333 -0.01244469 -0.002775 -0.004366833 -0.01244469 -0.002796651 -0.004354334 -0.01243969 -0.00279866 -0.004354334 -0.01244469 -0.0028 -0.004375984 -0.01244469 -0.0027875 -0.004364061 -0.01243596 -0.00279235 -0.004354334 -0.01243603 -0.002795 -0.004104333 -0.01243969 -0.00279866 -0.004104333 -0.01244469 -0.0028 -0.004104333 -0.01243603 -0.002795 -0.004082683 -0.01244469 -0.0027875 -0.004080673 -0.01243969 -0.002775 -0.004079334 -0.01244469 -0.002775 -0.004091833 -0.01244469 -0.002796651 -0.004086984 -0.01243596 -0.002784727 -0.004084334 -0.01243603 -0.002775 -0.004375984 -0.01199719 -0.002775 -0.004366833 -0.01198804 -0.002775 -0.004354334 -0.01198804 -0.0027875 -0.004354334 -0.01198469 -0.002775 -0.004364998 -0.01200371 -0.002796807 -0.004354334 -0.01199719 -0.002796651 -0.004366833 -0.01198804 -0.002525 -0.004354334 -0.01198469 -0.002525 -0.004375984 -0.01199719 -0.002525 -0.004354334 -0.01199719 -0.002503349 -0.004354334 -0.01198804 -0.0025125 -0.00437614 -0.01200371 -0.002514336 -0.004104333 -0.01198804 -0.0025125 -0.004104333 -0.01198469 -0.002525 -0.004104333 -0.01199719 -0.002503349 -0.004082683 -0.01199719 -0.002525 -0.004091833 -0.01198804 -0.002525 -0.004093674 -0.0120037 -0.002503193 -0.004082683 -0.01199719 -0.002775 -0.004091833 -0.01198804 -0.002775 -0.004104333 -0.01198469 -0.002775 -0.004104333 -0.01199719 -0.002796651 -0.004104333 -0.01198804 -0.0027875 -0.004082527 -0.01200371 -0.002785665 -0.004082683 -0.01255969 -0.0025125 -0.004079334 -0.01255969 -0.002525 -0.004091833 -0.01255969 -0.002503349 -0.004104333 -0.01255969 -0.0025 -0.004354334 -0.01255969 -0.0025 -0.004379333 -0.01255969 -0.002525 -0.004375984 -0.01255969 -0.0025125 -0.004366833 -0.01255969 -0.002503349 -0.004379333 -0.01255969 -0.002775 -0.004354334 -0.01255969 -0.0028 -0.004366833 -0.01255969 -0.002796651 -0.004375984 -0.01255969 -0.0027875 -0.004104333 -0.01255969 -0.0028 -0.004091833 -0.01255969 -0.002796651 -0.004082683 -0.01255969 -0.0027875 -0.004079334 -0.01255969 -0.002775 -0.004091833 -0.01258134 -0.002525 -0.004104333 -0.01258134 -0.0025125 -0.004104333 -0.01258469 -0.002525 -0.004082683 -0.01257219 -0.002525 -0.004098354 -0.01257035 -0.002503193 -0.004104333 -0.01257219 -0.002503349 -0.004354334 -0.01258134 -0.0025125 -0.004354334 -0.01258469 -0.002525 -0.004354334 -0.01257219 -0.002503349 -0.004366833 -0.01258134 -0.002525 -0.00437614 -0.01257035 -0.002519021 -0.004375984 -0.01257219 -0.002525 -0.004375984 -0.01257219 -0.002775 -0.004366833 -0.01258134 -0.002775 -0.004354334 -0.01258469 -0.002775 -0.004354334 -0.01258134 -0.0027875 -0.004360313 -0.01257035 -0.002796807 -0.004354334 -0.01257219 -0.002796651 -0.004104333 -0.01257219 -0.002796651 -0.004104333 -0.01258134 -0.0027875 -0.004104333 -0.01258469 -0.002775 -0.004091833 -0.01258134 -0.002775 -0.004082527 -0.01257035 -0.002780979 -0.004082683 -0.01257219 -0.002775 -0.002007507 -0.01455932 -0.0026375 -0.002307507 -0.01453767 -0.002625 -0.002307507 -0.01455932 -0.0026375 -0.002007507 -0.01453767 -0.002625 -0.002007507 -0.01455932 -0.0026625 -0.002307507 -0.01455932 -0.0026625 -0.002007507 -0.01453767 -0.002675 -0.002307507 -0.01453767 -0.002675 -0.002007507 -0.01451601 -0.0026375 -0.002007507 -0.01441266 -0.00251 -0.002007507 -0.01439766 -0.002525 -0.002007507 -0.01466267 -0.00251 -0.002007507 -0.01451601 -0.0026625 -0.002007507 -0.01439766 -0.002775 -0.002007507 -0.01467766 -0.002525 -0.002007507 -0.01441266 -0.00279 -0.002007507 -0.01466267 -0.00279 -0.002007507 -0.01467766 -0.002775 -0.002307507 -0.01451601 -0.0026625 -0.002307507 -0.01451601 -0.0026375 -0.001997507 -0.01440016 -0.002503349 -0.002002507 -0.01441266 -0.00250134 -0.001997507 -0.01441266 -0.0025 -0.002002507 -0.014389 -0.002525 -0.002006168 -0.01439266 -0.002525 -0.001997507 -0.01439101 -0.0025125 -0.001997507 -0.01438766 -0.002525 -0.00200623 -0.01440294 -0.002507651 -0.002006168 -0.01441266 -0.002505 -0.002002507 -0.01466267 -0.00250134 -0.001997507 -0.01466267 -0.0025 -0.002006168 -0.01466267 -0.002505 -0.001997507 -0.01468432 -0.0025125 -0.002002507 -0.01468632 -0.002525 -0.001997507 -0.01468766 -0.002525 -0.001997507 -0.01467516 -0.002503349 -0.00200623 -0.01468001 -0.002515273 -0.002006168 -0.01468266 -0.002525 -0.002006168 -0.01468266 -0.002775 -0.002002507 -0.01468632 -0.002775 -0.001997507 -0.01468766 -0.002775 -0.001997507 -0.01467516 -0.002796651 -0.002002507 -0.01466267 -0.00279866 -0.001997507 -0.01466267 -0.0028 -0.001997507 -0.01468432 -0.0027875 -0.00200623 -0.01467239 -0.00279235 -0.002006168 -0.01466267 -0.002795 -0.002006168 -0.01441266 -0.002795 -0.002002507 -0.01441266 -0.00279866 -0.001997507 -0.01441266 -0.0028 -0.001997507 -0.01439101 -0.0027875 -0.002002507 -0.014389 -0.002775 -0.001997507 -0.01438766 -0.002775 -0.001997507 -0.01440016 -0.002796651 -0.00200623 -0.01439532 -0.002784727 -0.002006168 -0.01439266 -0.002775 -0.002307507 -0.01441266 -0.00279 -0.002307507 -0.01439766 -0.002775 -0.002307507 -0.01466267 -0.00279 -0.002307507 -0.01439766 -0.002525 -0.002307507 -0.01467766 -0.002775 -0.002307507 -0.01441266 -0.00251 -0.002307507 -0.01466267 -0.00251 -0.002307507 -0.01467766 -0.002525 -0.001882507 -0.01441266 -0.0025 -0.001882507 -0.01440016 -0.002503349 -0.001882507 -0.01439101 -0.0025125 -0.001882507 -0.01438766 -0.002525 -0.001882507 -0.01466267 -0.0025 -0.001882507 -0.01467516 -0.002503349 -0.001882507 -0.01468432 -0.0025125 -0.001882507 -0.01468766 -0.002525 -0.001882507 -0.01468766 -0.002775 -0.001882507 -0.01466267 -0.0028 -0.001882507 -0.01467516 -0.002796651 -0.001882507 -0.01468432 -0.0027875 -0.001882507 -0.01441266 -0.0028 -0.001882507 -0.01440016 -0.002796651 -0.001882507 -0.01439101 -0.0027875 -0.001882507 -0.01438766 -0.002775 -0.002317507 -0.01468432 -0.0027875 -0.002312507 -0.01468632 -0.002775 -0.002317507 -0.01468766 -0.002775 -0.002312507 -0.01466267 -0.00279866 -0.002308847 -0.01466267 -0.002795 -0.002317507 -0.01467516 -0.002796651 -0.002317507 -0.01466267 -0.0028 -0.002308785 -0.01468001 -0.002784727 -0.002308847 -0.01468266 -0.002775 -0.002308847 -0.01468266 -0.002525 -0.002312507 -0.01468632 -0.002525 -0.002317507 -0.01468766 -0.002525 -0.002317507 -0.01467516 -0.002503349 -0.002312507 -0.01466267 -0.00250134 -0.002317507 -0.01466267 -0.0025 -0.002317507 -0.01468432 -0.0025125 -0.002308785 -0.01467239 -0.002507651 -0.002308847 -0.01466267 -0.002505 -0.002308847 -0.01441266 -0.002505 -0.002312507 -0.01441266 -0.00250134 -0.002317507 -0.01441266 -0.0025 -0.002317507 -0.01439101 -0.0025125 -0.002312507 -0.014389 -0.002525 -0.002317507 -0.01438766 -0.002525 -0.002317507 -0.01440016 -0.002503349 -0.002308785 -0.01439532 -0.002515273 -0.002308847 -0.01439266 -0.002525 -0.002312507 -0.014389 -0.002775 -0.002317507 -0.01438766 -0.002775 -0.002308847 -0.01439266 -0.002775 -0.002317507 -0.01440016 -0.002796651 -0.002312507 -0.01441266 -0.00279866 -0.002317507 -0.01441266 -0.0028 -0.002317507 -0.01439101 -0.0027875 -0.002308785 -0.01440294 -0.00279235 -0.002308847 -0.01441266 -0.002795 -0.001870007 -0.01441266 -0.002503349 -0.001860857 -0.01441266 -0.0025125 -0.001860857 -0.01440016 -0.002525 -0.001857507 -0.01441266 -0.002525 -0.001876528 -0.01439086 -0.002514336 -0.001870007 -0.01439101 -0.002525 -0.001860857 -0.01466267 -0.0025125 -0.001857507 -0.01466267 -0.002525 -0.001870007 -0.01466267 -0.002503349 -0.001870007 -0.01468432 -0.002525 -0.001860857 -0.01467516 -0.002525 -0.001876528 -0.01467333 -0.002503193 -0.001860857 -0.01467516 -0.002775 -0.001857507 -0.01466267 -0.002775 -0.001870007 -0.01468432 -0.002775 -0.001870007 -0.01466267 -0.002796651 -0.001860857 -0.01466267 -0.0027875 -0.001876521 -0.01468447 -0.00278566 -0.001870007 -0.01441266 -0.002796651 -0.001860857 -0.01441266 -0.0027875 -0.001857507 -0.01441266 -0.002775 -0.001870007 -0.01439101 -0.002775 -0.001860857 -0.01440016 -0.002775 -0.001876528 -0.014402 -0.002796807 -0.002432507 -0.01467516 -0.002796651 -0.002432507 -0.01466267 -0.0028 -0.002432507 -0.01468432 -0.0027875 -0.002432507 -0.01468766 -0.002775 -0.002432507 -0.01468766 -0.002525 -0.002432507 -0.01466267 -0.0025 -0.002432507 -0.01467516 -0.002503349 -0.002432507 -0.01468432 -0.0025125 -0.002432507 -0.01441266 -0.0025 -0.002432507 -0.01438766 -0.002525 -0.002432507 -0.01439101 -0.0025125 -0.002432507 -0.01440016 -0.002503349 -0.002432507 -0.01438766 -0.002775 -0.002432507 -0.01439101 -0.0027875 -0.002432507 -0.01440016 -0.002796651 -0.002432507 -0.01441266 -0.0028 -0.002454158 -0.01466267 -0.0027875 -0.002454158 -0.01467516 -0.002775 -0.002457507 -0.01466267 -0.002775 -0.002445007 -0.01466267 -0.002796651 -0.002443172 -0.01468447 -0.002780979 -0.002445007 -0.01468432 -0.002775 -0.002454158 -0.01467516 -0.002525 -0.002457507 -0.01466267 -0.002525 -0.002445007 -0.01468432 -0.002525 -0.002454158 -0.01466267 -0.0025125 -0.002443172 -0.01466864 -0.002503193 -0.002445007 -0.01466267 -0.002503349 -0.002445007 -0.01441266 -0.002503349 -0.002454158 -0.01441266 -0.0025125 -0.002457507 -0.01441266 -0.002525 -0.002454158 -0.01440016 -0.002525 -0.002443172 -0.01439086 -0.002519021 -0.002445007 -0.01439101 -0.002525 -0.002445007 -0.01439101 -0.002775 -0.002454158 -0.01440016 -0.002775 -0.002457507 -0.01441266 -0.002775 -0.002454158 -0.01441266 -0.0027875 -0.002443172 -0.01440669 -0.002796807 -0.002445007 -0.01441266 -0.002796651 -0.00469288 -0.01213813 -0.002681651 -0.00468038 -0.01243812 -0.00266 -0.00469288 -0.01243812 -0.002681651 -0.00468038 -0.01213813 -0.00266 -0.004717879 -0.01213813 -0.002681651 -0.004717879 -0.01243812 -0.002681651 -0.004730379 -0.01213813 -0.00266 -0.004730379 -0.01243812 -0.00266 -0.00469288 -0.01213813 -0.002638349 -0.00456538 -0.01213813 -0.002535 -0.00458038 -0.01213813 -0.00252 -0.00456538 -0.01213813 -0.002785 -0.004717879 -0.01213813 -0.002638349 -0.00483038 -0.01213813 -0.00252 -0.00458038 -0.01213813 -0.0028 -0.004845379 -0.01213813 -0.002535 -0.004845379 -0.01213813 -0.002785 -0.00483038 -0.01213813 -0.0028 -0.004717879 -0.01243812 -0.002638349 -0.00469288 -0.01243812 -0.002638349 -0.004558729 -0.01212812 -0.0025225 -0.004556719 -0.01213313 -0.002535 -0.00455538 -0.01212812 -0.002535 -0.00458038 -0.01213313 -0.00251134 -0.00458038 -0.01213679 -0.002515 -0.004567879 -0.01212812 -0.00251335 -0.00458038 -0.01212812 -0.00251 -0.00456303 -0.01213685 -0.002525273 -0.004560379 -0.01213679 -0.002535 -0.004556719 -0.01213313 -0.002785 -0.00455538 -0.01212812 -0.002785 -0.004560379 -0.01213679 -0.002785 -0.004567879 -0.01212812 -0.002806651 -0.00458038 -0.01213313 -0.002808661 -0.00458038 -0.01212812 -0.00281 -0.004558729 -0.01212812 -0.0027975 -0.004570652 -0.01213685 -0.00280235 -0.00458038 -0.01213679 -0.002805 -0.00483038 -0.01213679 -0.002805 -0.00483038 -0.01213313 -0.002808661 -0.00483038 -0.01212812 -0.00281 -0.00485203 -0.01212812 -0.0027975 -0.00485404 -0.01213313 -0.002785 -0.004855379 -0.01212812 -0.002785 -0.00484288 -0.01212812 -0.002806651 -0.004847729 -0.01213685 -0.002794727 -0.00485038 -0.01213679 -0.002785 -0.00485038 -0.01213679 -0.002535 -0.00485404 -0.01213313 -0.002535 -0.004855379 -0.01212812 -0.002535 -0.00484288 -0.01212812 -0.00251335 -0.00483038 -0.01213313 -0.00251134 -0.00483038 -0.01212812 -0.00251 -0.00485203 -0.01212812 -0.0025225 -0.004840107 -0.01213685 -0.00251765 -0.00483038 -0.01213679 -0.002515 -0.004845379 -0.01243812 -0.002535 -0.00483038 -0.01243812 -0.00252 -0.004845379 -0.01243812 -0.002785 -0.00458038 -0.01243812 -0.00252 -0.00483038 -0.01243812 -0.0028 -0.00456538 -0.01243812 -0.002535 -0.00456538 -0.01243812 -0.002785 -0.00458038 -0.01243812 -0.0028 -0.00455538 -0.01201313 -0.002535 -0.004558729 -0.01201313 -0.0025225 -0.004567879 -0.01201313 -0.00251335 -0.00458038 -0.01201313 -0.00251 -0.00455538 -0.01201313 -0.002785 -0.004558729 -0.01201313 -0.0027975 -0.004567879 -0.01201313 -0.002806651 -0.00458038 -0.01201313 -0.00281 -0.00483038 -0.01201313 -0.00281 -0.004855379 -0.01201313 -0.002785 -0.00485203 -0.01201313 -0.0027975 -0.00484288 -0.01201313 -0.002806651 -0.004855379 -0.01201313 -0.002535 -0.00485203 -0.01201313 -0.0025225 -0.00484288 -0.01201313 -0.00251335 -0.00483038 -0.01201313 -0.00251 -0.00484288 -0.01244813 -0.002806651 -0.00483038 -0.01244313 -0.002808661 -0.00483038 -0.01244813 -0.00281 -0.00485404 -0.01244313 -0.002785 -0.00485038 -0.01243947 -0.002785 -0.00485203 -0.01244813 -0.0027975 -0.004855379 -0.01244813 -0.002785 -0.004840107 -0.0124394 -0.00280235 -0.00483038 -0.01243947 -0.002805 -0.00458038 -0.01243947 -0.002805 -0.00458038 -0.01244313 -0.002808661 -0.00458038 -0.01244813 -0.00281 -0.004558729 -0.01244813 -0.0027975 -0.004556719 -0.01244313 -0.002785 -0.00455538 -0.01244813 -0.002785 -0.004567879 -0.01244813 -0.002806651 -0.00456303 -0.0124394 -0.002794727 -0.004560379 -0.01243947 -0.002785 -0.004560379 -0.01243947 -0.002535 -0.004556719 -0.01244313 -0.002535 -0.00455538 -0.01244813 -0.002535 -0.004567879 -0.01244813 -0.00251335 -0.00458038 -0.01244313 -0.00251134 -0.00458038 -0.01244813 -0.00251 -0.004558729 -0.01244813 -0.0025225 -0.004570652 -0.0124394 -0.00251765 -0.00458038 -0.01243947 -0.002515 -0.00483038 -0.01244313 -0.00251134 -0.00483038 -0.01244813 -0.00251 -0.00483038 -0.01243947 -0.002515 -0.00485203 -0.01244813 -0.0025225 -0.00485404 -0.01244313 -0.002535 -0.004855379 -0.01244813 -0.002535 -0.00484288 -0.01244813 -0.00251335 -0.004847729 -0.0124394 -0.002525273 -0.00485038 -0.01243947 -0.002535 -0.004558729 -0.01200063 -0.002535 -0.004567879 -0.01199147 -0.002535 -0.00458038 -0.01199147 -0.0025225 -0.00458038 -0.01198813 -0.002535 -0.004569715 -0.01200715 -0.002513194 -0.00458038 -0.01200063 -0.00251335 -0.004567879 -0.01199147 -0.002785 -0.00458038 -0.01198813 -0.002785 -0.004558729 -0.01200063 -0.002785 -0.00458038 -0.01200063 -0.002806651 -0.00458038 -0.01199147 -0.0027975 -0.004558573 -0.01200715 -0.002795664 -0.00483038 -0.01199147 -0.0027975 -0.00483038 -0.01198813 -0.002785 -0.00483038 -0.01200063 -0.002806651 -0.00485203 -0.01200063 -0.002785 -0.00484288 -0.01199147 -0.002785 -0.004841039 -0.01200714 -0.002806807 -0.00485203 -0.01200063 -0.002535 -0.00484288 -0.01199147 -0.002535 -0.00483038 -0.01198813 -0.002535 -0.00483038 -0.01200063 -0.00251335 -0.00483038 -0.01199147 -0.0025225 -0.004852186 -0.01200715 -0.002524336 -0.00485203 -0.01256313 -0.0027975 -0.004855379 -0.01256313 -0.002785 -0.00484288 -0.01256313 -0.002806651 -0.00483038 -0.01256313 -0.00281 -0.00458038 -0.01256313 -0.00281 -0.00455538 -0.01256313 -0.002785 -0.004558729 -0.01256313 -0.0027975 -0.004567879 -0.01256313 -0.002806651 -0.00455538 -0.01256313 -0.002535 -0.00458038 -0.01256313 -0.00251 -0.004567879 -0.01256313 -0.00251335 -0.004558729 -0.01256313 -0.0025225 -0.00483038 -0.01256313 -0.00251 -0.00484288 -0.01256313 -0.00251335 -0.00485203 -0.01256313 -0.0025225 -0.004855379 -0.01256313 -0.002535 -0.00484288 -0.01258478 -0.002785 -0.00483038 -0.01258478 -0.0027975 -0.00483038 -0.01258812 -0.002785 -0.00485203 -0.01257563 -0.002785 -0.004836358 -0.01257379 -0.002806807 -0.00483038 -0.01257563 -0.002806651 -0.00458038 -0.01258478 -0.0027975 -0.00458038 -0.01258812 -0.002785 -0.00458038 -0.01257563 -0.002806651 -0.004567879 -0.01258478 -0.002785 -0.004558573 -0.01257379 -0.002790979 -0.004558729 -0.01257563 -0.002785 -0.004558729 -0.01257563 -0.002535 -0.004567879 -0.01258478 -0.002535 -0.00458038 -0.01258812 -0.002535 -0.00458038 -0.01258478 -0.0025225 -0.004574401 -0.01257379 -0.002513194 -0.00458038 -0.01257563 -0.00251335 -0.00483038 -0.01257563 -0.00251335 -0.00483038 -0.01258478 -0.0025225 -0.00483038 -0.01258812 -0.002535 -0.00484288 -0.01258478 -0.002535 -0.004852186 -0.01257379 -0.002529021 -0.00485203 -0.01257563 -0.002535 -0.001995791 -0.01510718 -0.002638349 -0.002295791 -0.01509468 -0.00266 -0.002295791 -0.01510718 -0.002638349 -0.001995791 -0.01509468 -0.00266 -0.001995791 -0.01513218 -0.002638349 -0.002295791 -0.01513218 -0.002638349 -0.001995791 -0.01514468 -0.00266 -0.002295791 -0.01514468 -0.00266 -0.001995791 -0.01510718 -0.002681651 -0.001995791 -0.01497968 -0.002785 -0.001995791 -0.01499468 -0.0028 -0.001995791 -0.01497968 -0.002535 -0.001995791 -0.01513218 -0.002681651 -0.001995791 -0.01524468 -0.0028 -0.001995791 -0.01499468 -0.00252 -0.001995791 -0.01525968 -0.002785 -0.001995791 -0.01525968 -0.002535 -0.001995791 -0.01524468 -0.00252 -0.002295791 -0.01513218 -0.002681651 -0.002295791 -0.01510718 -0.002681651 -0.001985791 -0.01497303 -0.0027975 -0.001990791 -0.01497102 -0.002785 -0.001985791 -0.01496968 -0.002785 -0.001990791 -0.01499468 -0.002808661 -0.001994451 -0.01499468 -0.002805 -0.001985791 -0.01498218 -0.002806651 -0.001985791 -0.01499468 -0.00281 -0.001994514 -0.01497733 -0.002794727 -0.001994451 -0.01497468 -0.002785 -0.001990791 -0.01497102 -0.002535 -0.001985791 -0.01496968 -0.002535 -0.001994451 -0.01497468 -0.002535 -0.001985791 -0.01498218 -0.00251335 -0.001990791 -0.01499468 -0.00251134 -0.001985791 -0.01499468 -0.00251 -0.001985791 -0.01497303 -0.0025225 -0.001994514 -0.01498496 -0.00251765 -0.001994451 -0.01499468 -0.002515 -0.001994451 -0.01524468 -0.002515 -0.001990791 -0.01524468 -0.00251134 -0.001985791 -0.01524468 -0.00251 -0.001985791 -0.01526633 -0.0025225 -0.001990791 -0.01526834 -0.002535 -0.001985791 -0.01526968 -0.002535 -0.001985791 -0.01525718 -0.00251335 -0.001994514 -0.01526203 -0.002525273 -0.001994451 -0.01526468 -0.002535 -0.001994451 -0.01526468 -0.002785 -0.001990791 -0.01526834 -0.002785 -0.001985791 -0.01526968 -0.002785 -0.001985791 -0.01525718 -0.002806651 -0.001990791 -0.01524468 -0.002808661 -0.001985791 -0.01524468 -0.00281 -0.001985791 -0.01526633 -0.0027975 -0.001994514 -0.01525441 -0.00280235 -0.001994451 -0.01524468 -0.002805 -0.002295791 -0.01525968 -0.002785 -0.002295791 -0.01524468 -0.0028 -0.002295791 -0.01525968 -0.002535 -0.002295791 -0.01499468 -0.0028 -0.002295791 -0.01524468 -0.00252 -0.002295791 -0.01497968 -0.002785 -0.002295791 -0.01497968 -0.002535 -0.002295791 -0.01499468 -0.00252 -0.001870791 -0.01496968 -0.002785 -0.001870791 -0.01497303 -0.0027975 -0.001870791 -0.01498218 -0.002806651 -0.001870791 -0.01499468 -0.00281 -0.001870791 -0.01496968 -0.002535 -0.001870791 -0.01497303 -0.0025225 -0.001870791 -0.01498218 -0.00251335 -0.001870791 -0.01499468 -0.00251 -0.001870791 -0.01524468 -0.00251 -0.001870791 -0.01526968 -0.002535 -0.001870791 -0.01526633 -0.0025225 -0.001870791 -0.01525718 -0.00251335 -0.001870791 -0.01526968 -0.002785 -0.001870791 -0.01526633 -0.0027975 -0.001870791 -0.01525718 -0.002806651 -0.001870791 -0.01524468 -0.00281 -0.002305791 -0.01525718 -0.00251335 -0.002300791 -0.01524468 -0.00251134 -0.002305791 -0.01524468 -0.00251 -0.002300791 -0.01526834 -0.002535 -0.002297131 -0.01526468 -0.002535 -0.002305791 -0.01526633 -0.0025225 -0.002305791 -0.01526968 -0.002535 -0.002297068 -0.01525441 -0.00251765 -0.002297131 -0.01524468 -0.002515 -0.002297131 -0.01499468 -0.002515 -0.002300791 -0.01499468 -0.00251134 -0.002305791 -0.01499468 -0.00251 -0.002305791 -0.01497303 -0.0025225 -0.002300791 -0.01497102 -0.002535 -0.002305791 -0.01496968 -0.002535 -0.002305791 -0.01498218 -0.00251335 -0.002297068 -0.01497733 -0.002525273 -0.002297131 -0.01497468 -0.002535 -0.002297131 -0.01497468 -0.002785 -0.002300791 -0.01497102 -0.002785 -0.002305791 -0.01496968 -0.002785 -0.002305791 -0.01498218 -0.002806651 -0.002300791 -0.01499468 -0.002808661 -0.002305791 -0.01499468 -0.00281 -0.002305791 -0.01497303 -0.0027975 -0.002297068 -0.01498496 -0.00280235 -0.002297131 -0.01499468 -0.002805 -0.002300791 -0.01524468 -0.002808661 -0.002305791 -0.01524468 -0.00281 -0.002297131 -0.01524468 -0.002805 -0.002305791 -0.01526633 -0.0027975 -0.002300791 -0.01526834 -0.002785 -0.002305791 -0.01526968 -0.002785 -0.002305791 -0.01525718 -0.002806651 -0.002297068 -0.01526203 -0.002794727 -0.002297131 -0.01526468 -0.002785 -0.001858291 -0.01497303 -0.002785 -0.001849141 -0.01498218 -0.002785 -0.001849141 -0.01499468 -0.0027975 -0.001845791 -0.01499468 -0.002785 -0.001864812 -0.01498402 -0.002806807 -0.001858291 -0.01499468 -0.002806651 -0.001849141 -0.01498218 -0.002535 -0.001845791 -0.01499468 -0.002535 -0.001858291 -0.01497303 -0.002535 -0.001858291 -0.01499468 -0.00251335 -0.001849141 -0.01499468 -0.0025225 -0.001864812 -0.01497288 -0.002524336 -0.001849141 -0.01524468 -0.0025225 -0.001845791 -0.01524468 -0.002535 -0.001858291 -0.01524468 -0.00251335 -0.001858291 -0.01526633 -0.002535 -0.001849141 -0.01525718 -0.002535 -0.001864804 -0.01525534 -0.002513194 -0.001858291 -0.01526633 -0.002785 -0.001849141 -0.01525718 -0.002785 -0.001845791 -0.01524468 -0.002785 -0.001858291 -0.01524468 -0.002806651 -0.001849141 -0.01524468 -0.0027975 -0.001864812 -0.01526649 -0.002795664 -0.002420791 -0.01526633 -0.0025225 -0.002420791 -0.01526968 -0.002535 -0.002420791 -0.01525718 -0.00251335 -0.002420791 -0.01524468 -0.00251 -0.002420791 -0.01499468 -0.00251 -0.002420791 -0.01496968 -0.002535 -0.002420791 -0.01497303 -0.0025225 -0.002420791 -0.01498218 -0.00251335 -0.002420791 -0.01496968 -0.002785 -0.002420791 -0.01499468 -0.00281 -0.002420791 -0.01498218 -0.002806651 -0.002420791 -0.01497303 -0.0027975 -0.002420791 -0.01524468 -0.00281 -0.002420791 -0.01525718 -0.002806651 -0.002420791 -0.01526633 -0.0027975 -0.002420791 -0.01526968 -0.002785 -0.002442442 -0.01525718 -0.002535 -0.002442442 -0.01524468 -0.0025225 -0.002445791 -0.01524468 -0.002535 -0.002433291 -0.01526633 -0.002535 -0.002431456 -0.01525066 -0.002513194 -0.002433291 -0.01524468 -0.00251335 -0.002442442 -0.01499468 -0.0025225 -0.002445791 -0.01499468 -0.002535 -0.002433291 -0.01499468 -0.00251335 -0.002442442 -0.01498218 -0.002535 -0.002431456 -0.01497288 -0.002529021 -0.002433291 -0.01497303 -0.002535 -0.002433291 -0.01497303 -0.002785 -0.002442442 -0.01498218 -0.002785 -0.002445791 -0.01499468 -0.002785 -0.002442442 -0.01499468 -0.0027975 -0.002431456 -0.0149887 -0.002806807 -0.002433291 -0.01499468 -0.002806651 -0.002433291 -0.01524468 -0.002806651 -0.002442442 -0.01524468 -0.0027975 -0.002445791 -0.01524468 -0.002785 -0.002442442 -0.01525718 -0.002785 -0.002431456 -0.01526649 -0.002790979 -0.002433291 -0.01526633 -0.002785 -0.0009620716 -0.01515771 -0.002628349 -0.001262072 -0.01514521 -0.00265 -0.001262072 -0.01515771 -0.002628349 -0.0009620716 -0.01514521 -0.00265 -0.0009620716 -0.01518271 -0.002628349 -0.001262072 -0.01518271 -0.002628349 -0.0009620716 -0.01519521 -0.00265 -0.001262072 -0.01519521 -0.00265 -0.0009620716 -0.01515771 -0.002671651 -0.0009620716 -0.01503021 -0.002775 -0.0009620716 -0.01504521 -0.00279 -0.0009620716 -0.01503021 -0.002525 -0.0009620716 -0.01518271 -0.002671651 -0.0009620716 -0.01529521 -0.00279 -0.0009620716 -0.01504521 -0.00251 -0.0009620716 -0.01531021 -0.002775 -0.0009620716 -0.01531021 -0.002525 -0.0009620716 -0.01529521 -0.00251 -0.001262072 -0.01518271 -0.002671651 -0.001262072 -0.01515771 -0.002671651 -0.0009520715 -0.01502356 -0.0027875 -0.0009570716 -0.01502155 -0.002775 -0.0009520715 -0.01502021 -0.002775 -0.0009570716 -0.01504521 -0.00279866 -0.0009607318 -0.01504521 -0.002795 -0.0009520715 -0.01503271 -0.002796651 -0.0009520715 -0.01504521 -0.0028 -0.0009607942 -0.01502786 -0.002784727 -0.0009607318 -0.01502521 -0.002775 -0.0009570716 -0.01502155 -0.002525 -0.0009520715 -0.01502021 -0.002525 -0.0009607318 -0.01502521 -0.002525 -0.0009520715 -0.01503271 -0.002503349 -0.0009570716 -0.01504521 -0.00250134 -0.0009520715 -0.01504521 -0.0025 -0.0009520715 -0.01502356 -0.0025125 -0.0009607942 -0.01503548 -0.002507651 -0.0009607318 -0.01504521 -0.002505 -0.0009607318 -0.01529521 -0.002505 -0.0009570716 -0.01529521 -0.00250134 -0.0009520715 -0.01529521 -0.0025 -0.0009520715 -0.01531686 -0.0025125 -0.0009570716 -0.01531887 -0.002525 -0.0009520715 -0.01532021 -0.002525 -0.0009520715 -0.01530771 -0.002503349 -0.0009607942 -0.01531256 -0.002515273 -0.0009607318 -0.01531521 -0.002525 -0.0009607318 -0.01531521 -0.002775 -0.0009570716 -0.01531887 -0.002775 -0.0009520715 -0.01532021 -0.002775 -0.0009520715 -0.01530771 -0.002796651 -0.0009570716 -0.01529521 -0.00279866 -0.0009520715 -0.01529521 -0.0028 -0.0009520715 -0.01531686 -0.0027875 -0.0009607942 -0.01530494 -0.00279235 -0.0009607318 -0.01529521 -0.002795 -0.001262072 -0.01531021 -0.002775 -0.001262072 -0.01529521 -0.00279 -0.001262072 -0.01531021 -0.002525 -0.001262072 -0.01504521 -0.00279 -0.001262072 -0.01529521 -0.00251 -0.001262072 -0.01503021 -0.002775 -0.001262072 -0.01503021 -0.002525 -0.001262072 -0.01504521 -0.00251 -0.0008370716 -0.01502021 -0.002775 -0.0008370716 -0.01502356 -0.0027875 -0.0008370716 -0.01503271 -0.002796651 -0.0008370716 -0.01504521 -0.0028 -0.0008370716 -0.01502021 -0.002525 -0.0008370716 -0.01502356 -0.0025125 -0.0008370716 -0.01503271 -0.002503349 -0.0008370716 -0.01504521 -0.0025 -0.0008370716 -0.01529521 -0.0025 -0.0008370716 -0.01532021 -0.002525 -0.0008370716 -0.01531686 -0.0025125 -0.0008370716 -0.01530771 -0.002503349 -0.0008370716 -0.01532021 -0.002775 -0.0008370716 -0.01531686 -0.0027875 -0.0008370716 -0.01530771 -0.002796651 -0.0008370716 -0.01529521 -0.0028 -0.001272072 -0.01530771 -0.002503349 -0.001267072 -0.01529521 -0.00250134 -0.001272072 -0.01529521 -0.0025 -0.001267072 -0.01531887 -0.002525 -0.001263411 -0.01531521 -0.002525 -0.001272072 -0.01531686 -0.0025125 -0.001272072 -0.01532021 -0.002525 -0.001263349 -0.01530494 -0.002507651 -0.001263411 -0.01529521 -0.002505 -0.001263411 -0.01504521 -0.002505 -0.001267072 -0.01504521 -0.00250134 -0.001272072 -0.01504521 -0.0025 -0.001272072 -0.01502356 -0.0025125 -0.001267072 -0.01502155 -0.002525 -0.001272072 -0.01502021 -0.002525 -0.001272072 -0.01503271 -0.002503349 -0.001263349 -0.01502786 -0.002515273 -0.001263411 -0.01502521 -0.002525 -0.001263411 -0.01502521 -0.002775 -0.001267072 -0.01502155 -0.002775 -0.001272072 -0.01502021 -0.002775 -0.001272072 -0.01503271 -0.002796651 -0.001267072 -0.01504521 -0.00279866 -0.001272072 -0.01504521 -0.0028 -0.001272072 -0.01502356 -0.0027875 -0.001263349 -0.01503548 -0.00279235 -0.001263411 -0.01504521 -0.002795 -0.001267072 -0.01529521 -0.00279866 -0.001272072 -0.01529521 -0.0028 -0.001263411 -0.01529521 -0.002795 -0.001272072 -0.01531686 -0.0027875 -0.001267072 -0.01531887 -0.002775 -0.001272072 -0.01532021 -0.002775 -0.001272072 -0.01530771 -0.002796651 -0.001263349 -0.01531256 -0.002784727 -0.001263411 -0.01531521 -0.002775 -0.0008245715 -0.01502356 -0.002775 -0.0008154209 -0.01503271 -0.002775 -0.0008154209 -0.01504521 -0.0027875 -0.0008120716 -0.01504521 -0.002775 -0.0008310925 -0.01503455 -0.002796807 -0.0008245715 -0.01504521 -0.002796651 -0.0008154209 -0.01503271 -0.002525 -0.0008120716 -0.01504521 -0.002525 -0.0008245715 -0.01502356 -0.002525 -0.0008245715 -0.01504521 -0.002503349 -0.0008154209 -0.01504521 -0.0025125 -0.0008310925 -0.01502341 -0.002514336 -0.0008154209 -0.01529521 -0.0025125 -0.0008120716 -0.01529521 -0.002525 -0.0008245715 -0.01529521 -0.002503349 -0.0008245715 -0.01531686 -0.002525 -0.0008154209 -0.01530771 -0.002525 -0.000831085 -0.01530587 -0.002503193 -0.0008245715 -0.01531686 -0.002775 -0.0008154209 -0.01530771 -0.002775 -0.0008120716 -0.01529521 -0.002775 -0.0008245715 -0.01529521 -0.002796651 -0.0008154209 -0.01529521 -0.0027875 -0.0008310925 -0.01531702 -0.002785665 -0.001387072 -0.01531686 -0.0025125 -0.001387072 -0.01532021 -0.002525 -0.001387072 -0.01530771 -0.002503349 -0.001387072 -0.01529521 -0.0025 -0.001387072 -0.01504521 -0.0025 -0.001387072 -0.01502021 -0.002525 -0.001387072 -0.01502356 -0.0025125 -0.001387072 -0.01503271 -0.002503349 -0.001387072 -0.01502021 -0.002775 -0.001387072 -0.01504521 -0.0028 -0.001387072 -0.01503271 -0.002796651 -0.001387072 -0.01502356 -0.0027875 -0.001387072 -0.01529521 -0.0028 -0.001387072 -0.01530771 -0.002796651 -0.001387072 -0.01531686 -0.0027875 -0.001387072 -0.01532021 -0.002775 -0.001408722 -0.01530771 -0.002525 -0.001408722 -0.01529521 -0.0025125 -0.001412072 -0.01529521 -0.002525 -0.001399572 -0.01531686 -0.002525 -0.001397736 -0.01530119 -0.002503193 -0.001399572 -0.01529521 -0.002503349 -0.001408722 -0.01504521 -0.0025125 -0.001412072 -0.01504521 -0.002525 -0.001399572 -0.01504521 -0.002503349 -0.001408722 -0.01503271 -0.002525 -0.001397736 -0.01502341 -0.002519021 -0.001399572 -0.01502356 -0.002525 -0.001399572 -0.01502356 -0.002775 -0.001408722 -0.01503271 -0.002775 -0.001412072 -0.01504521 -0.002775 -0.001408722 -0.01504521 -0.0027875 -0.001397736 -0.01503923 -0.002796807 -0.001399572 -0.01504521 -0.002796651 -0.001399572 -0.01529521 -0.002796651 -0.001408722 -0.01529521 -0.0027875 -0.001412072 -0.01529521 -0.002775 -0.001408722 -0.01530771 -0.002775 -0.001397736 -0.01531702 -0.002780979 -0.001399572 -0.01531686 -0.002775 0.0001156713 -0.01448946 -0.0003525 -0.0001843287 -0.01451111 -0.000365 -0.0001843287 -0.01448946 -0.0003525 0.0001156713 -0.01451111 -0.000365 0.0001156713 -0.01448946 -0.0003275 -0.0001843287 -0.01448946 -0.0003275 0.0001156713 -0.01451111 -0.000315 -0.0001843287 -0.01451111 -0.000315 0.0001156713 -0.01453276 -0.0003525 0.0001156713 -0.01463611 -0.00048 0.0001156713 -0.01465111 -0.000465 0.0001156713 -0.01438611 -0.00048 0.0001156713 -0.01453276 -0.0003275 0.0001156713 -0.01465111 -0.000215 0.0001156713 -0.01437111 -0.000465 0.0001156713 -0.01463611 -0.0002 0.0001156713 -0.01438611 -0.0002 0.0001156713 -0.01437111 -0.000215 -0.0001843287 -0.01453276 -0.0003275 -0.0001843287 -0.01453276 -0.0003525 0.0001256713 -0.01464861 -0.0004866507 0.0001206713 -0.01463611 -0.0004886603 0.0001256713 -0.01463611 -0.00049 0.0001206713 -0.01465977 -0.000465 0.0001170111 -0.01465611 -0.000465 0.0001256713 -0.01465776 -0.0004775 0.0001256713 -0.01466111 -0.000465 0.0001169487 -0.01464584 -0.0004823497 0.0001170111 -0.01463611 -0.000485 0.0001206713 -0.01438611 -0.0004886603 0.0001256713 -0.01438611 -0.00049 0.0001170111 -0.01438611 -0.000485 0.0001256713 -0.01436446 -0.0004775 0.0001206713 -0.01436245 -0.000465 0.0001256713 -0.01436111 -0.000465 0.0001256713 -0.01437361 -0.0004866507 0.0001169487 -0.01436877 -0.0004747273 0.0001170111 -0.01436611 -0.000465 0.0001170111 -0.01436611 -0.000215 0.0001206713 -0.01436245 -0.000215 0.0001256713 -0.01436111 -0.000215 0.0001256713 -0.01437361 -0.0001933494 0.0001206713 -0.01438611 -0.0001913398 0.0001256713 -0.01438611 -0.00019 0.0001256713 -0.01436446 -0.0002025 0.0001169487 -0.01437639 -0.0001976504 0.0001170111 -0.01438611 -0.000195 0.0001170111 -0.01463611 -0.000195 0.0001206713 -0.01463611 -0.0001913398 0.0001256713 -0.01463611 -0.00019 0.0001256713 -0.01465776 -0.0002025 0.0001206713 -0.01465977 -0.000215 0.0001256713 -0.01466111 -0.000215 0.0001256713 -0.01464861 -0.0001933494 0.0001169487 -0.01465346 -0.0002052728 0.0001170111 -0.01465611 -0.000215 -0.0001843287 -0.01463611 -0.0002 -0.0001843287 -0.01465111 -0.000215 -0.0001843287 -0.01438611 -0.0002 -0.0001843287 -0.01465111 -0.000465 -0.0001843287 -0.01437111 -0.000215 -0.0001843287 -0.01463611 -0.00048 -0.0001843287 -0.01438611 -0.00048 -0.0001843287 -0.01437111 -0.000465 0.0002406713 -0.01463611 -0.00049 0.0002406713 -0.01464861 -0.0004866507 0.0002406713 -0.01465776 -0.0004775 0.0002406713 -0.01466111 -0.000465 0.0002406713 -0.01438611 -0.00049 0.0002406713 -0.01437361 -0.0004866507 0.0002406713 -0.01436446 -0.0004775 0.0002406713 -0.01436111 -0.000465 0.0002406713 -0.01436111 -0.000215 0.0002406713 -0.01438611 -0.00019 0.0002406713 -0.01437361 -0.0001933494 0.0002406713 -0.01436446 -0.0002025 0.0002406713 -0.01463611 -0.00019 0.0002406713 -0.01464861 -0.0001933494 0.0002406713 -0.01465776 -0.0002025 0.0002406713 -0.01466111 -0.000215 -0.0001943287 -0.01436446 -0.0002025 -0.0001893287 -0.01436245 -0.000215 -0.0001943287 -0.01436111 -0.000215 -0.0001893287 -0.01438611 -0.0001913398 -0.0001856685 -0.01438611 -0.000195 -0.0001943287 -0.01437361 -0.0001933494 -0.0001943287 -0.01438611 -0.00019 -0.0001856061 -0.01436877 -0.0002052728 -0.0001856685 -0.01436611 -0.000215 -0.0001856685 -0.01436611 -0.000465 -0.0001893287 -0.01436245 -0.000465 -0.0001943287 -0.01436111 -0.000465 -0.0001943287 -0.01437361 -0.0004866507 -0.0001893287 -0.01438611 -0.0004886603 -0.0001943287 -0.01438611 -0.00049 -0.0001943287 -0.01436446 -0.0004775 -0.0001856061 -0.01437639 -0.0004823497 -0.0001856685 -0.01438611 -0.000485 -0.0001856685 -0.01463611 -0.000485 -0.0001893287 -0.01463611 -0.0004886603 -0.0001943287 -0.01463611 -0.00049 -0.0001943287 -0.01465776 -0.0004775 -0.0001893287 -0.01465977 -0.000465 -0.0001943287 -0.01466111 -0.000465 -0.0001943287 -0.01464861 -0.0004866507 -0.0001856061 -0.01465346 -0.0004747273 -0.0001856685 -0.01465611 -0.000465 -0.0001893287 -0.01465977 -0.000215 -0.0001943287 -0.01466111 -0.000215 -0.0001856685 -0.01465611 -0.000215 -0.0001943287 -0.01464861 -0.0001933494 -0.0001893287 -0.01463611 -0.0001913398 -0.0001943287 -0.01463611 -0.00019 -0.0001943287 -0.01465776 -0.0002025 -0.0001856061 -0.01464584 -0.0001976504 -0.0001856685 -0.01463611 -0.000195 0.0002531713 -0.01463611 -0.0004866507 0.000262322 -0.01463611 -0.0004775 0.000262322 -0.01464861 -0.000465 0.0002656713 -0.01463611 -0.000465 0.0002466504 -0.01465792 -0.0004756643 0.0002531713 -0.01465776 -0.000465 0.000262322 -0.01438611 -0.0004775 0.0002656713 -0.01438611 -0.000465 0.0002531713 -0.01438611 -0.0004866507 0.0002531713 -0.01436446 -0.000465 0.000262322 -0.01437361 -0.000465 0.0002466504 -0.01437545 -0.0004868065 0.000262322 -0.01437361 -0.000215 0.0002656713 -0.01438611 -0.000215 0.0002531713 -0.01436446 -0.000215 0.0002531713 -0.01438611 -0.0001933494 0.000262322 -0.01438611 -0.0002025 0.0002466579 -0.01436431 -0.0002043399 0.0002531713 -0.01463611 -0.0001933494 0.000262322 -0.01463611 -0.0002025 0.0002656713 -0.01463611 -0.000215 0.0002531713 -0.01465776 -0.000215 0.000262322 -0.01464861 -0.000215 0.0002466504 -0.01464678 -0.0001931935 -0.0003093287 -0.01437361 -0.0001933494 -0.0003093287 -0.01438611 -0.00019 -0.0003093287 -0.01436446 -0.0002025 -0.0003093287 -0.01436111 -0.000215 -0.0003093287 -0.01436111 -0.000465 -0.0003093287 -0.01438611 -0.00049 -0.0003093287 -0.01437361 -0.0004866507 -0.0003093287 -0.01436446 -0.0004775 -0.0003093287 -0.01463611 -0.00049 -0.0003093287 -0.01466111 -0.000465 -0.0003093287 -0.01465776 -0.0004775 -0.0003093287 -0.01464861 -0.0004866507 -0.0003093287 -0.01466111 -0.000215 -0.0003093287 -0.01465776 -0.0002025 -0.0003093287 -0.01464861 -0.0001933494 -0.0003093287 -0.01463611 -0.00019 -0.0003309793 -0.01438611 -0.0002025 -0.0003309793 -0.01437361 -0.000215 -0.0003343287 -0.01438611 -0.000215 -0.0003218287 -0.01438611 -0.0001933494 -0.000319993 -0.01436431 -0.000209021 -0.0003218287 -0.01436446 -0.000215 -0.0003309793 -0.01437361 -0.000465 -0.0003343287 -0.01438611 -0.000465 -0.0003218287 -0.01436446 -0.000465 -0.0003309793 -0.01438611 -0.0004775 -0.000319993 -0.01438013 -0.0004868065 -0.0003218287 -0.01438611 -0.0004866507 -0.0003218287 -0.01463611 -0.0004866507 -0.0003309793 -0.01463611 -0.0004775 -0.0003343287 -0.01463611 -0.000465 -0.0003309793 -0.01464861 -0.000465 -0.000319993 -0.01465792 -0.0004709791 -0.0003218287 -0.01465776 -0.000465 -0.0003218287 -0.01465776 -0.000215 -0.0003309793 -0.01464861 -0.000215 -0.0003343287 -0.01463611 -0.000215 -0.0003309793 -0.01463611 -0.0002025 -0.000319993 -0.01464209 -0.0001931935 -0.0003218287 -0.01463611 -0.0001933494 0.007893446 -0.01359085 -0.0003183494 0.007593446 -0.01357835 -0.00034 0.007593446 -0.01359085 -0.0003183494 0.007893446 -0.01357835 -0.00034 0.007893446 -0.01361585 -0.0003183494 0.007593446 -0.01361585 -0.0003183494 0.007893446 -0.01362835 -0.00034 0.007593446 -0.01362835 -0.00034 0.007893446 -0.01359085 -0.0003616507 0.007893446 -0.01346335 -0.000465 0.007893446 -0.01347835 -0.00048 0.007893446 -0.01346335 -0.000215 0.007893446 -0.01361585 -0.0003616507 0.007893446 -0.01372835 -0.00048 0.007893446 -0.01347835 -0.0002 0.007893446 -0.01374335 -0.000465 0.007893446 -0.01374335 -0.000215 0.007893446 -0.01372835 -0.0002 0.007593446 -0.01361585 -0.0003616507 0.007593446 -0.01359085 -0.0003616507 0.007903446 -0.0134567 -0.0004775 0.007898446 -0.01345469 -0.000465 0.007903446 -0.01345335 -0.000465 0.007898446 -0.01347835 -0.0004886603 0.007894786 -0.01347835 -0.000485 0.007903446 -0.01346585 -0.0004866507 0.007903446 -0.01347835 -0.00049 0.007894724 -0.013461 -0.0004747273 0.007894786 -0.01345835 -0.000465 0.007898446 -0.01345469 -0.000215 0.007903446 -0.01345335 -0.000215 0.007894786 -0.01345835 -0.000215 0.007903446 -0.01346585 -0.0001933494 0.007898446 -0.01347835 -0.0001913398 0.007903446 -0.01347835 -0.00019 0.007903446 -0.0134567 -0.0002025 0.007894724 -0.01346863 -0.0001976504 0.007894786 -0.01347835 -0.000195 0.007894786 -0.01372835 -0.000195 0.007898446 -0.01372835 -0.0001913398 0.007903446 -0.01372835 -0.00019 0.007903446 -0.01375 -0.0002025 0.007898446 -0.01375201 -0.000215 0.007903446 -0.01375335 -0.000215 0.007903446 -0.01374085 -0.0001933494 0.007894724 -0.0137457 -0.0002052728 0.007894786 -0.01374835 -0.000215 0.007894786 -0.01374835 -0.000465 0.007898446 -0.01375201 -0.000465 0.007903446 -0.01375335 -0.000465 0.007903446 -0.01374085 -0.0004866507 0.007898446 -0.01372835 -0.0004886603 0.007903446 -0.01372835 -0.00049 0.007903446 -0.01375 -0.0004775 0.007894724 -0.01373808 -0.0004823497 0.007894786 -0.01372835 -0.000485 0.007593446 -0.01374335 -0.000465 0.007593446 -0.01372835 -0.00048 0.007593446 -0.01374335 -0.000215 0.007593446 -0.01347835 -0.00048 0.007593446 -0.01372835 -0.0002 0.007593446 -0.01346335 -0.000465 0.007593446 -0.01346335 -0.000215 0.007593446 -0.01347835 -0.0002 0.008018446 -0.01345335 -0.000465 0.008018446 -0.0134567 -0.0004775 0.008018446 -0.01346585 -0.0004866507 0.008018446 -0.01347835 -0.00049 0.008018446 -0.01345335 -0.000215 0.008018446 -0.0134567 -0.0002025 0.008018446 -0.01346585 -0.0001933494 0.008018446 -0.01347835 -0.00019 0.008018446 -0.01372835 -0.00019 0.008018446 -0.01375335 -0.000215 0.008018446 -0.01375 -0.0002025 0.008018446 -0.01374085 -0.0001933494 0.008018446 -0.01375335 -0.000465 0.008018446 -0.01375 -0.0004775 0.008018446 -0.01374085 -0.0004866507 0.008018446 -0.01372835 -0.00049 0.007583446 -0.01374085 -0.0001933494 0.007588446 -0.01372835 -0.0001913398 0.007583446 -0.01372835 -0.00019 0.007588446 -0.01375201 -0.000215 0.007592106 -0.01374835 -0.000215 0.007583446 -0.01375 -0.0002025 0.007583446 -0.01375335 -0.000215 0.007592169 -0.01373808 -0.0001976504 0.007592106 -0.01372835 -0.000195 0.007592106 -0.01347835 -0.000195 0.007588446 -0.01347835 -0.0001913398 0.007583446 -0.01347835 -0.00019 0.007583446 -0.0134567 -0.0002025 0.007588446 -0.01345469 -0.000215 0.007583446 -0.01345335 -0.000215 0.007583446 -0.01346585 -0.0001933494 0.007592169 -0.013461 -0.0002052728 0.007592106 -0.01345835 -0.000215 0.007592106 -0.01345835 -0.000465 0.007588446 -0.01345469 -0.000465 0.007583446 -0.01345335 -0.000465 0.007583446 -0.01346585 -0.0004866507 0.007588446 -0.01347835 -0.0004886603 0.007583446 -0.01347835 -0.00049 0.007583446 -0.0134567 -0.0004775 0.007592169 -0.01346863 -0.0004823497 0.007592106 -0.01347835 -0.000485 0.007588446 -0.01372835 -0.0004886603 0.007583446 -0.01372835 -0.00049 0.007592106 -0.01372835 -0.000485 0.007583446 -0.01375 -0.0004775 0.007588446 -0.01375201 -0.000465 0.007583446 -0.01375335 -0.000465 0.007583446 -0.01374085 -0.0004866507 0.007592169 -0.0137457 -0.0004747273 0.007592106 -0.01374835 -0.000465 0.008030946 -0.0134567 -0.000465 0.008040097 -0.01346585 -0.000465 0.008040097 -0.01347835 -0.0004775 0.008043446 -0.01347835 -0.000465 0.008024425 -0.01346769 -0.0004868065 0.008030946 -0.01347835 -0.0004866507 0.008040097 -0.01346585 -0.000215 0.008043446 -0.01347835 -0.000215 0.008030946 -0.0134567 -0.000215 0.008030946 -0.01347835 -0.0001933494 0.008040097 -0.01347835 -0.0002025 0.008024425 -0.01345654 -0.0002043357 0.008040097 -0.01372835 -0.0002025 0.008043446 -0.01372835 -0.000215 0.008030946 -0.01372835 -0.0001933494 0.008030946 -0.01375 -0.000215 0.008040097 -0.01374085 -0.000215 0.008024433 -0.01373901 -0.0001931935 0.008030946 -0.01375 -0.000465 0.008040097 -0.01374085 -0.000465 0.008043446 -0.01372835 -0.000465 0.008030946 -0.01372835 -0.0004866507 0.008040097 -0.01372835 -0.0004775 0.008024425 -0.01375016 -0.0004756643 0.007468446 -0.01375 -0.0002025 0.007468446 -0.01375335 -0.000215 0.007468446 -0.01374085 -0.0001933494 0.007468446 -0.01372835 -0.00019 0.007468446 -0.01347835 -0.00019 0.007468446 -0.01345335 -0.000215 0.007468446 -0.0134567 -0.0002025 0.007468446 -0.01346585 -0.0001933494 0.007468446 -0.01345335 -0.000465 0.007468446 -0.01347835 -0.00049 0.007468446 -0.01346585 -0.0004866507 0.007468446 -0.0134567 -0.0004775 0.007468446 -0.01372835 -0.00049 0.007468446 -0.01374085 -0.0004866507 0.007468446 -0.01375 -0.0004775 0.007468446 -0.01375335 -0.000465 0.007446795 -0.01374085 -0.000215 0.007446795 -0.01372835 -0.0002025 0.007443446 -0.01372835 -0.000215 0.007455946 -0.01375 -0.000215 0.007457782 -0.01373433 -0.0001931935 0.007455946 -0.01372835 -0.0001933494 0.007446795 -0.01347835 -0.0002025 0.007443446 -0.01347835 -0.000215 0.007455946 -0.01347835 -0.0001933494 0.007446795 -0.01346585 -0.000215 0.007457782 -0.01345654 -0.000209021 0.007455946 -0.0134567 -0.000215 0.007455946 -0.0134567 -0.000465 0.007446795 -0.01346585 -0.000465 0.007443446 -0.01347835 -0.000465 0.007446795 -0.01347835 -0.0004775 0.007457782 -0.01347237 -0.0004868065 0.007455946 -0.01347835 -0.0004866507 0.007455946 -0.01372835 -0.0004866507 0.007446795 -0.01372835 -0.0004775 0.007443446 -0.01372835 -0.000465 0.007446795 -0.01374085 -0.000465 0.007457782 -0.01375016 -0.0004709791 0.007455946 -0.01375 -0.000465</float_array>
          <technique_common>
            <accessor count="1260" source="#pos_5-array" stride="3"><param type="float" name="X"/><param type="float" name="Y"/><param type="float" name="Z"/></accessor></technique_common>
        </source>
        <vertices id="vert_5">
          <input semantic="POSITION" source="#pos_5"/>
        </vertices>
        <triangles count="2492" material="mat_4">
          <input semantic="VERTEX" source="#vert_5" offset="0"/>
          <p>0 1 2 0 3 1 4 2 5 4 0 2 6 5 7 6 4 5 8 9 10 3 9 8 11 9 3 12 10 13 12 8 10 0 11 3 14 11 0 15 12 13 6 12 15 16 4 6 16 6 15 17 0 4 17 4 16 17 14 0 12 6 7 12 7 18 8 18 19 8 12 18 3 19 1 3 8 19 20 21 22 23 24 25 26 23 25 27 20 25 27 24 10 27 10 9 27 9 28 27 28 21 27 21 20 27 25 24 29 30 22 29 22 21 31 21 28 31 29 21 11 28 9 11 31 28 32 33 34 29 31 35 30 29 35 36 32 35 36 31 11 36 11 14 36 14 37 36 37 33 36 33 32 36 35 31 37 14 17 37 17 38 33 38 39 33 37 38 34 39 40 34 33 39 41 42 43 39 38 44 40 39 44 45 17 16 45 16 46 45 46 42 45 41 44 45 38 17 45 42 41 45 44 38 46 16 15 46 15 47 42 47 48 42 46 47 43 48 49 43 42 48 50 51 52 48 47 53 49 48 53 54 15 13 54 13 55 54 55 51 54 50 53 54 47 15 54 51 50 54 53 47 55 13 10 55 10 24 51 24 23 51 55 24 52 23 26 52 51 23 18 56 57 7 56 18 58 56 7 19 57 59 19 18 57 5 58 7 60 58 5 61 19 59 1 19 61 62 2 1 62 1 61 63 5 2 63 2 62 63 60 5 20 22 64 20 64 65 25 65 66 25 20 65 26 66 67 26 25 66 30 68 64 30 64 22 69 68 30 69 30 35 70 35 32 70 69 35 71 32 34 71 70 32 72 71 34 72 34 40 41 43 73 41 73 74 44 74 75 44 41 74 40 75 72 40 44 75 73 49 76 73 43 49 76 49 53 77 53 50 77 76 53 78 50 52 78 77 50 79 78 52 67 79 26 26 79 52 80 81 82 83 84 85 86 83 85 87 80 85 87 84 58 87 58 60 87 60 88 87 88 81 87 81 80 87 85 84 88 60 63 88 63 89 81 89 90 81 88 89 82 90 91 82 81 90 92 93 94 90 89 95 91 90 95 96 92 95 96 89 63 96 63 62 96 62 97 96 97 93 96 93 92 96 95 89 97 62 61 97 61 98 93 98 99 93 97 98 94 99 100 94 93 99 101 102 103 99 98 104 100 99 104 105 61 59 105 59 106 105 106 102 105 101 104 105 98 61 105 102 101 105 104 98 107 108 103 107 103 102 109 102 106 109 107 102 57 106 59 57 109 106 110 111 112 107 109 113 108 107 113 114 57 56 114 56 115 114 115 111 114 110 113 114 109 57 114 111 110 114 113 109 83 86 112 83 112 111 84 111 115 84 83 111 58 115 56 58 84 115 116 65 64 117 118 65 117 65 116 119 118 117 120 118 121 120 121 67 120 66 65 120 67 66 120 65 118 122 123 119 122 119 117 124 117 116 124 122 117 68 116 64 68 124 116 125 70 71 126 122 70 126 70 125 123 122 126 127 124 68 127 122 124 127 69 70 127 68 69 127 70 122 128 129 123 128 123 126 130 126 125 130 128 126 72 125 71 72 130 125 131 74 73 132 74 131 132 128 74 129 128 132 133 75 74 133 72 75 133 130 72 133 128 130 133 74 128 131 73 76 131 76 134 132 134 135 132 131 134 129 135 136 129 132 135 137 78 79 138 135 78 138 78 137 136 135 138 139 134 76 139 135 134 139 77 78 139 76 77 139 78 135 118 119 136 118 136 138 121 138 137 121 118 138 67 137 79 67 121 137 140 141 86 140 86 85 142 85 80 142 140 85 143 80 82 143 142 80 82 91 144 82 144 143 92 94 145 92 145 146 95 146 147 95 92 146 91 147 144 91 95 147 145 100 148 145 94 100 101 103 149 101 149 150 104 150 151 104 101 150 100 151 148 100 104 151 149 108 152 103 108 149 153 152 108 153 108 113 154 113 110 154 153 113 155 110 112 155 154 110 86 141 155 86 155 112 123 129 136 123 136 119 156 157 158 140 157 156 159 140 156 141 140 159 160 143 161 160 161 157 160 142 143 160 140 142 160 157 140 162 163 158 162 158 157 164 157 161 164 162 157 144 161 143 144 164 161 162 165 163 147 165 162 164 147 162 144 147 164 166 146 145 166 147 146 166 145 167 166 167 165 166 165 147 167 145 148 167 148 168 165 168 169 165 167 168 163 169 170 163 165 169 169 171 170 151 171 169 168 151 169 148 151 168 172 150 149 172 151 150 172 149 173 172 173 171 172 171 151 173 149 152 173 152 174 171 174 175 171 173 174 170 175 176 170 171 175 175 177 176 153 177 175 174 153 175 152 153 174 178 154 155 178 153 154 178 155 179 178 179 177 178 177 153 156 158 176 156 176 177 159 177 179 159 156 177 141 179 155 141 159 179 176 163 170 158 163 176 180 181 182 180 183 181 184 182 185 184 180 182 186 185 187 186 184 185 188 189 190 183 189 188 191 189 183 192 190 193 192 188 190 180 191 183 194 191 180 195 192 193 186 192 195 196 184 186 196 186 195 197 180 184 197 184 196 197 194 180 192 186 187 192 187 198 188 198 199 188 192 198 183 199 181 183 188 199 200 201 202 203 204 205 206 203 205 207 200 205 207 204 190 207 190 189 207 189 208 207 208 201 207 201 200 207 205 204 209 210 202 209 202 201 211 201 208 211 209 201 191 208 189 191 211 208 212 213 214 209 211 215 210 209 215 216 212 215 216 211 191 216 191 194 216 194 217 216 217 213 216 213 212 216 215 211 217 194 197 217 197 218 213 218 219 213 217 218 214 219 220 214 213 219 221 222 223 219 218 224 220 219 224 225 197 196 225 196 226 225 226 222 225 221 224 225 218 197 225 222 221 225 224 218 226 196 195 226 195 227 222 227 228 222 226 227 223 228 229 223 222 228 230 231 232 228 227 233 229 228 233 234 195 193 234 193 235 234 235 231 234 230 233 234 227 195 234 231 230 234 233 227 235 193 190 235 190 204 231 204 203 231 235 204 232 203 206 232 231 203 198 236 237 187 236 198 238 236 187 199 237 239 199 198 237 185 238 187 240 238 185 241 199 239 181 199 241 242 182 181 242 181 241 243 185 182 243 182 242 243 240 185 200 202 244 200 244 245 205 245 246 205 200 245 206 246 247 206 205 246 210 248 244 210 244 202 249 248 210 249 210 215 250 215 212 250 249 215 251 212 214 251 250 212 252 251 214 252 214 220 221 223 253 221 253 254 224 254 255 224 221 254 220 255 252 220 224 255 253 229 256 253 223 229 256 229 233 257 233 230 257 256 233 258 230 232 258 257 230 259 258 232 247 259 206 206 259 232 260 261 262 263 264 265 266 263 265 267 260 265 267 264 238 267 238 240 267 240 268 267 268 261 267 261 260 267 265 264 268 240 243 268 243 269 261 269 270 261 268 269 262 270 271 262 261 270 272 273 274 270 269 275 271 270 275 276 272 275 276 269 243 276 243 242 276 242 277 276 277 273 276 273 272 276 275 269 277 242 241 277 241 278 273 278 279 273 277 278 274 279 280 274 273 279 281 282 283 279 278 284 280 279 284 285 241 239 285 239 286 285 286 282 285 281 284 285 278 241 285 282 281 285 284 278 287 288 283 287 283 282 289 282 286 289 287 282 237 286 239 237 289 286 290 291 292 287 289 293 288 287 293 294 237 236 294 236 295 294 295 291 294 290 293 294 289 237 294 291 290 294 293 289 263 266 292 263 292 291 264 291 295 264 263 291 238 295 236 238 264 295 296 245 244 297 298 245 297 245 296 299 298 297 300 298 301 300 301 247 300 246 245 300 247 246 300 245 298 302 303 299 302 299 297 304 297 296 304 302 297 248 296 244 248 304 296 305 250 251 306 302 250 306 250 305 303 302 306 307 304 248 307 302 304 307 249 250 307 248 249 307 250 302 308 309 303 308 303 306 310 306 305 310 308 306 252 305 251 252 310 305 311 254 253 312 254 311 312 308 254 309 308 312 313 255 254 313 252 255 313 310 252 313 308 310 313 254 308 311 253 256 311 256 314 312 314 315 312 311 314 309 315 316 309 312 315 317 258 259 318 315 258 318 258 317 316 315 318 319 314 256 319 315 314 319 257 258 319 256 257 319 258 315 298 299 316 298 316 318 301 318 317 301 298 318 247 317 259 247 301 317 320 321 266 320 266 265 322 265 260 322 320 265 323 260 262 323 322 260 262 271 324 262 324 323 272 274 325 272 325 326 275 326 327 275 272 326 271 327 324 271 275 327 325 280 328 325 274 280 281 283 329 281 329 330 284 330 331 284 281 330 280 331 328 280 284 331 329 288 332 283 288 329 333 332 288 333 288 293 334 293 290 334 333 293 335 290 292 335 334 290 266 321 335 266 335 292 303 309 316 303 316 299 336 337 338 320 337 336 339 320 336 321 320 339 340 323 341 340 341 337 340 322 323 340 320 322 340 337 320 342 343 338 342 338 337 344 337 341 344 342 337 324 341 323 324 344 341 342 345 343 327 345 342 344 327 342 324 327 344 346 326 325 346 327 326 346 325 347 346 347 345 346 345 327 347 325 328 347 328 348 345 348 349 345 347 348 343 349 350 343 345 349 349 351 350 331 351 349 348 331 349 328 331 348 352 330 329 352 331 330 352 329 353 352 353 351 352 351 331 353 329 332 353 332 354 351 354 355 351 353 354 350 355 356 350 351 355 355 357 356 333 357 355 354 333 355 332 333 354 358 334 335 358 333 334 358 335 359 358 359 357 358 357 333 336 338 356 336 356 357 339 357 359 339 336 357 321 359 335 321 339 359 356 343 350 338 343 356 360 361 362 360 363 361 364 362 365 364 360 362 366 365 367 366 364 365 368 369 370 363 369 368 371 369 363 372 370 373 372 368 370 360 371 363 374 371 360 375 372 373 366 372 375 376 364 366 376 366 375 377 360 364 377 364 376 377 374 360 372 366 367 372 367 378 368 378 379 368 372 378 363 379 361 363 368 379 380 381 382 383 384 385 386 383 385 387 380 385 387 384 370 387 370 369 387 369 388 387 388 381 387 381 380 387 385 384 389 390 382 389 382 381 391 381 388 391 389 381 371 388 369 371 391 388 392 393 394 389 391 395 390 389 395 396 392 395 396 391 371 396 371 374 396 374 397 396 397 393 396 393 392 396 395 391 397 374 377 397 377 398 393 398 399 393 397 398 394 399 400 394 393 399 401 402 403 399 398 404 400 399 404 405 377 376 405 376 406 405 406 402 405 401 404 405 398 377 405 402 401 405 404 398 406 376 375 406 375 407 402 407 408 402 406 407 403 408 409 403 402 408 410 411 412 408 407 413 409 408 413 414 375 373 414 373 415 414 415 411 414 410 413 414 407 375 414 411 410 414 413 407 415 373 370 415 370 384 411 384 383 411 415 384 412 383 386 412 411 383 378 416 417 367 416 378 418 416 367 379 417 419 379 378 417 365 418 367 420 418 365 421 379 419 361 379 421 422 362 361 422 361 421 423 365 362 423 362 422 423 420 365 380 382 424 380 424 425 385 425 426 385 380 425 386 426 427 386 385 426 390 428 424 390 424 382 429 428 390 429 390 395 430 395 392 430 429 395 431 392 394 431 430 392 432 431 394 432 394 400 401 403 433 401 433 434 404 434 435 404 401 434 400 435 432 400 404 435 433 409 436 433 403 409 436 409 413 437 413 410 437 436 413 438 410 412 438 437 410 439 438 412 427 439 386 386 439 412 440 441 442 443 444 445 446 443 445 447 440 445 447 444 418 447 418 420 447 420 448 447 448 441 447 441 440 447 445 444 448 420 423 448 423 449 441 449 450 441 448 449 442 450 451 442 441 450 452 453 454 450 449 455 451 450 455 456 452 455 456 449 423 456 423 422 456 422 457 456 457 453 456 453 452 456 455 449 457 422 421 457 421 458 453 458 459 453 457 458 454 459 460 454 453 459 461 462 463 459 458 464 460 459 464 465 421 419 465 419 466 465 466 462 465 461 464 465 458 421 465 462 461 465 464 458 467 468 463 467 463 462 469 462 466 469 467 462 417 466 419 417 469 466 470 471 472 467 469 473 468 467 473 474 417 416 474 416 475 474 475 471 474 470 473 474 469 417 474 471 470 474 473 469 443 446 472 443 472 471 444 471 475 444 443 471 418 475 416 418 444 475 476 425 424 477 478 425 477 425 476 479 478 477 480 478 481 480 481 427 480 426 425 480 427 426 480 425 478 482 483 479 482 479 477 484 477 476 484 482 477 428 476 424 428 484 476 485 430 431 486 482 430 486 430 485 483 482 486 487 484 428 487 482 484 487 429 430 487 428 429 487 430 482 488 489 483 488 483 486 490 486 485 490 488 486 432 485 431 432 490 485 491 434 433 492 434 491 492 488 434 489 488 492 493 435 434 493 432 435 493 490 432 493 488 490 493 434 488 491 433 436 491 436 494 492 494 495 492 491 494 489 495 496 489 492 495 497 438 439 498 495 438 498 438 497 496 495 498 499 494 436 499 495 494 499 437 438 499 436 437 499 438 495 478 479 496 478 496 498 481 498 497 481 478 498 427 497 439 427 481 497 500 501 446 500 446 445 502 445 440 502 500 445 503 440 442 503 502 440 442 451 504 442 504 503 452 454 505 452 505 506 455 506 507 455 452 506 451 507 504 451 455 507 505 460 508 505 454 460 461 463 509 461 509 510 464 510 511 464 461 510 460 511 508 460 464 511 509 468 512 463 468 509 513 512 468 513 468 473 514 473 470 514 513 473 515 470 472 515 514 470 446 501 515 446 515 472 483 489 496 483 496 479 516 517 518 500 517 516 519 500 516 501 500 519 520 503 521 520 521 517 520 502 503 520 500 502 520 517 500 522 523 518 522 518 517 524 517 521 524 522 517 504 521 503 504 524 521 522 525 523 507 525 522 524 507 522 504 507 524 526 506 505 526 507 506 526 505 527 526 527 525 526 525 507 527 505 508 527 508 528 525 528 529 525 527 528 523 529 530 523 525 529 529 531 530 511 531 529 528 511 529 508 511 528 532 510 509 532 511 510 532 509 533 532 533 531 532 531 511 533 509 512 533 512 534 531 534 535 531 533 534 530 535 536 530 531 535 535 537 536 513 537 535 534 513 535 512 513 534 538 514 515 538 513 514 538 515 539 538 539 537 538 537 513 516 518 536 516 536 537 519 537 539 519 516 537 501 539 515 501 519 539 536 523 530 518 523 536 540 541 542 540 543 541 544 542 545 544 540 542 546 545 547 546 544 545 548 549 550 543 549 548 551 549 543 552 550 553 552 548 550 540 551 543 554 551 540 555 552 553 546 552 555 556 544 546 556 546 555 557 540 544 557 544 556 557 554 540 552 546 547 552 547 558 548 558 559 548 552 558 543 559 541 543 548 559 560 561 562 563 564 565 566 563 565 567 560 565 567 564 550 567 550 549 567 549 568 567 568 561 567 561 560 567 565 564 569 570 562 569 562 561 571 561 568 571 569 561 551 568 549 551 571 568 572 573 574 569 571 575 570 569 575 576 572 575 576 571 551 576 551 554 576 554 577 576 577 573 576 573 572 576 575 571 577 554 557 577 557 578 573 578 579 573 577 578 574 579 580 574 573 579 581 582 583 579 578 584 580 579 584 585 557 556 585 556 586 585 586 582 585 581 584 585 578 557 585 582 581 585 584 578 586 556 555 586 555 587 582 587 588 582 586 587 583 588 589 583 582 588 590 591 592 588 587 593 589 588 593 594 555 553 594 553 595 594 595 591 594 590 593 594 587 555 594 591 590 594 593 587 595 553 550 595 550 564 591 564 563 591 595 564 592 563 566 592 591 563 558 596 597 547 596 558 598 596 547 559 597 599 559 558 597 545 598 547 600 598 545 601 559 599 541 559 601 602 542 541 602 541 601 603 545 542 603 542 602 603 600 545 560 562 604 560 604 605 565 605 606 565 560 605 566 606 607 566 565 606 570 608 604 570 604 562 609 608 570 609 570 575 610 575 572 610 609 575 611 572 574 611 610 572 612 611 574 612 574 580 581 583 613 581 613 614 584 614 615 584 581 614 580 615 612 580 584 615 613 589 616 613 583 589 616 589 593 617 593 590 617 616 593 618 590 592 618 617 590 619 618 592 607 619 566 566 619 592 620 621 622 623 624 625 626 623 625 627 620 625 627 624 598 627 598 600 627 600 628 627 628 621 627 621 620 627 625 624 628 600 603 628 603 629 621 629 630 621 628 629 622 630 631 622 621 630 632 633 634 630 629 635 631 630 635 636 632 635 636 629 603 636 603 602 636 602 637 636 637 633 636 633 632 636 635 629 637 602 601 637 601 638 633 638 639 633 637 638 634 639 640 634 633 639 641 642 643 639 638 644 640 639 644 645 601 599 645 599 646 645 646 642 645 641 644 645 638 601 645 642 641 645 644 638 647 648 643 647 643 642 649 642 646 649 647 642 597 646 599 597 649 646 650 651 652 647 649 653 648 647 653 654 597 596 654 596 655 654 655 651 654 650 653 654 649 597 654 651 650 654 653 649 623 626 652 623 652 651 624 651 655 624 623 651 598 655 596 598 624 655 656 605 604 657 658 605 657 605 656 659 658 657 660 658 661 660 661 607 660 606 605 660 607 606 660 605 658 662 663 659 662 659 657 664 657 656 664 662 657 608 656 604 608 664 656 665 610 611 666 662 610 666 610 665 663 662 666 667 664 608 667 662 664 667 609 610 667 608 609 667 610 662 668 669 663 668 663 666 670 666 665 670 668 666 612 665 611 612 670 665 671 614 613 672 614 671 672 668 614 669 668 672 673 615 614 673 612 615 673 670 612 673 668 670 673 614 668 671 613 616 671 616 674 672 674 675 672 671 674 669 675 676 669 672 675 677 618 619 678 675 618 678 618 677 676 675 678 679 674 616 679 675 674 679 617 618 679 616 617 679 618 675 658 659 676 658 676 678 661 678 677 661 658 678 607 677 619 607 661 677 680 681 626 680 626 625 682 625 620 682 680 625 683 620 622 683 682 620 622 631 684 622 684 683 632 634 685 632 685 686 635 686 687 635 632 686 631 687 684 631 635 687 685 640 688 685 634 640 641 643 689 641 689 690 644 690 691 644 641 690 640 691 688 640 644 691 689 648 692 643 648 689 693 692 648 693 648 653 694 653 650 694 693 653 695 650 652 695 694 650 626 681 695 626 695 652 663 669 676 663 676 659 696 697 698 680 697 696 699 680 696 681 680 699 700 683 701 700 701 697 700 682 683 700 680 682 700 697 680 702 703 698 702 698 697 704 697 701 704 702 697 684 701 683 684 704 701 702 705 703 687 705 702 704 687 702 684 687 704 706 686 685 706 687 686 706 685 707 706 707 705 706 705 687 707 685 688 707 688 708 705 708 709 705 707 708 703 709 710 703 705 709 709 711 710 691 711 709 708 691 709 688 691 708 712 690 689 712 691 690 712 689 713 712 713 711 712 711 691 713 689 692 713 692 714 711 714 715 711 713 714 710 715 716 710 711 715 715 717 716 693 717 715 714 693 715 692 693 714 718 694 695 718 693 694 718 695 719 718 719 717 718 717 693 696 698 716 696 716 717 699 717 719 699 696 717 681 719 695 681 699 719 716 703 710 698 703 716 720 721 722 720 723 721 724 722 725 724 720 722 726 725 727 726 724 725 728 729 730 723 729 728 731 729 723 732 730 733 732 728 730 720 731 723 734 731 720 735 732 733 726 732 735 736 724 726 736 726 735 737 720 724 737 724 736 737 734 720 732 726 727 732 727 738 728 738 739 728 732 738 723 739 721 723 728 739 740 741 742 743 744 745 746 743 745 747 740 745 747 744 730 747 730 729 747 729 748 747 748 741 747 741 740 747 745 744 749 750 742 749 742 741 751 741 748 751 749 741 731 748 729 731 751 748 752 753 754 749 751 755 750 749 755 756 752 755 756 751 731 756 731 734 756 734 757 756 757 753 756 753 752 756 755 751 757 734 737 757 737 758 753 758 759 753 757 758 754 759 760 754 753 759 761 762 763 759 758 764 760 759 764 765 737 736 765 736 766 765 766 762 765 761 764 765 758 737 765 762 761 765 764 758 766 736 735 766 735 767 762 767 768 762 766 767 763 768 769 763 762 768 770 771 772 768 767 773 769 768 773 774 735 733 774 733 775 774 775 771 774 770 773 774 767 735 774 771 770 774 773 767 775 733 730 775 730 744 771 744 743 771 775 744 772 743 746 772 771 743 738 776 777 727 776 738 778 776 727 739 777 779 739 738 777 725 778 727 780 778 725 781 739 779 721 739 781 782 722 721 782 721 781 783 725 722 783 722 782 783 780 725 740 742 784 740 784 785 745 785 786 745 740 785 746 786 787 746 745 786 750 788 784 750 784 742 789 788 750 789 750 755 790 755 752 790 789 755 791 752 754 791 790 752 792 791 754 792 754 760 761 763 793 761 793 794 764 794 795 764 761 794 760 795 792 760 764 795 793 769 796 793 763 769 796 769 773 797 773 770 797 796 773 798 770 772 798 797 770 799 798 772 787 799 746 746 799 772 800 801 802 803 804 805 806 803 805 807 800 805 807 804 778 807 778 780 807 780 808 807 808 801 807 801 800 807 805 804 808 780 783 808 783 809 801 809 810 801 808 809 802 810 811 802 801 810 812 813 814 810 809 815 811 810 815 816 812 815 816 809 783 816 783 782 816 782 817 816 817 813 816 813 812 816 815 809 817 782 781 817 781 818 813 818 819 813 817 818 814 819 820 814 813 819 821 822 823 819 818 824 820 819 824 825 781 779 825 779 826 825 826 822 825 821 824 825 818 781 825 822 821 825 824 818 827 828 823 827 823 822 829 822 826 829 827 822 777 826 779 777 829 826 830 831 832 827 829 833 828 827 833 834 777 776 834 776 835 834 835 831 834 830 833 834 829 777 834 831 830 834 833 829 803 806 832 803 832 831 804 831 835 804 803 831 778 835 776 778 804 835 836 785 784 837 838 785 837 785 836 839 838 837 840 838 841 840 841 787 840 786 785 840 787 786 840 785 838 842 843 839 842 839 837 844 837 836 844 842 837 788 836 784 788 844 836 845 790 791 846 842 790 846 790 845 843 842 846 847 844 788 847 842 844 847 789 790 847 788 789 847 790 842 848 849 843 848 843 846 850 846 845 850 848 846 792 845 791 792 850 845 851 794 793 852 794 851 852 848 794 849 848 852 853 795 794 853 792 795 853 850 792 853 848 850 853 794 848 851 793 796 851 796 854 852 854 855 852 851 854 849 855 856 849 852 855 857 798 799 858 855 798 858 798 857 856 855 858 859 854 796 859 855 854 859 797 798 859 796 797 859 798 855 838 839 856 838 856 858 841 858 857 841 838 858 787 857 799 787 841 857 860 861 806 860 806 805 862 805 800 862 860 805 863 800 802 863 862 800 802 811 864 802 864 863 812 814 865 812 865 866 815 866 867 815 812 866 811 867 864 811 815 867 865 820 868 865 814 820 821 823 869 821 869 870 824 870 871 824 821 870 820 871 868 820 824 871 869 828 872 823 828 869 873 872 828 873 828 833 874 833 830 874 873 833 875 830 832 875 874 830 806 861 875 806 875 832 843 849 856 843 856 839 876 877 878 860 877 876 879 860 876 861 860 879 880 863 881 880 881 877 880 862 863 880 860 862 880 877 860 882 883 878 882 878 877 884 877 881 884 882 877 864 881 863 864 884 881 882 885 883 867 885 882 884 867 882 864 867 884 886 866 865 886 867 866 886 865 887 886 887 885 886 885 867 887 865 868 887 868 888 885 888 889 885 887 888 883 889 890 883 885 889 889 891 890 871 891 889 888 871 889 868 871 888 892 870 869 892 871 870 892 869 893 892 893 891 892 891 871 893 869 872 893 872 894 891 894 895 891 893 894 890 895 896 890 891 895 895 897 896 873 897 895 894 873 895 872 873 894 898 874 875 898 873 874 898 875 899 898 899 897 898 897 873 876 878 896 876 896 897 879 897 899 879 876 897 861 899 875 861 879 899 896 883 890 878 883 896 900 901 902 900 903 901 904 902 905 904 900 902 906 905 907 906 904 905 908 909 910 903 909 908 911 909 903 912 910 913 912 908 910 900 911 903 914 911 900 915 912 913 906 912 915 916 904 906 916 906 915 917 900 904 917 904 916 917 914 900 912 906 907 912 907 918 908 918 919 908 912 918 903 919 901 903 908 919 920 921 922 923 924 925 926 923 925 927 920 925 927 924 910 927 910 909 927 909 928 927 928 921 927 921 920 927 925 924 929 930 922 929 922 921 931 921 928 931 929 921 911 928 909 911 931 928 932 933 934 929 931 935 930 929 935 936 932 935 936 931 911 936 911 914 936 914 937 936 937 933 936 933 932 936 935 931 937 914 917 937 917 938 933 938 939 933 937 938 934 939 940 934 933 939 941 942 943 939 938 944 940 939 944 945 917 916 945 916 946 945 946 942 945 941 944 945 938 917 945 942 941 945 944 938 946 916 915 946 915 947 942 947 948 942 946 947 943 948 949 943 942 948 950 951 952 948 947 953 949 948 953 954 915 913 954 913 955 954 955 951 954 950 953 954 947 915 954 951 950 954 953 947 955 913 910 955 910 924 951 924 923 951 955 924 952 923 926 952 951 923 918 956 957 907 956 918 958 956 907 919 957 959 919 918 957 905 958 907 960 958 905 961 919 959 901 919 961 962 902 901 962 901 961 963 905 902 963 902 962 963 960 905 920 922 964 920 964 965 925 965 966 925 920 965 926 966 967 926 925 966 930 968 964 930 964 922 969 968 930 969 930 935 970 935 932 970 969 935 971 932 934 971 970 932 972 971 934 972 934 940 941 943 973 941 973 974 944 974 975 944 941 974 940 975 972 940 944 975 973 949 976 973 943 949 976 949 953 977 953 950 977 976 953 978 950 952 978 977 950 979 978 952 967 979 926 926 979 952 980 981 982 983 984 985 986 983 985 987 980 985 987 984 958 987 958 960 987 960 988 987 988 981 987 981 980 987 985 984 988 960 963 988 963 989 981 989 990 981 988 989 982 990 991 982 981 990 992 993 994 990 989 995 991 990 995 996 992 995 996 989 963 996 963 962 996 962 997 996 997 993 996 993 992 996 995 989 997 962 961 997 961 998 993 998 999 993 997 998 994 999 1000 994 993 999 1001 1002 1003 999 998 1004 1000 999 1004 1005 961 959 1005 959 1006 1005 1006 1002 1005 1001 1004 1005 998 961 1005 1002 1001 1005 1004 998 1007 1008 1003 1007 1003 1002 1009 1002 1006 1009 1007 1002 957 1006 959 957 1009 1006 1010 1011 1012 1007 1009 1013 1008 1007 1013 1014 957 956 1014 956 1015 1014 1015 1011 1014 1010 1013 1014 1009 957 1014 1011 1010 1014 1013 1009 983 986 1012 983 1012 1011 984 1011 1015 984 983 1011 958 1015 956 958 984 1015 1016 965 964 1017 1018 965 1017 965 1016 1019 1018 1017 1020 1018 1021 1020 1021 967 1020 966 965 1020 967 966 1020 965 1018 1022 1023 1019 1022 1019 1017 1024 1017 1016 1024 1022 1017 968 1016 964 968 1024 1016 1025 970 971 1026 1022 970 1026 970 1025 1023 1022 1026 1027 1024 968 1027 1022 1024 1027 969 970 1027 968 969 1027 970 1022 1028 1029 1023 1028 1023 1026 1030 1026 1025 1030 1028 1026 972 1025 971 972 1030 1025 1031 974 973 1032 974 1031 1032 1028 974 1029 1028 1032 1033 975 974 1033 972 975 1033 1030 972 1033 1028 1030 1033 974 1028 1031 973 976 1031 976 1034 1032 1034 1035 1032 1031 1034 1029 1035 1036 1029 1032 1035 1037 978 979 1038 1035 978 1038 978 1037 1036 1035 1038 1039 1034 976 1039 1035 1034 1039 977 978 1039 976 977 1039 978 1035 1018 1019 1036 1018 1036 1038 1021 1038 1037 1021 1018 1038 967 1037 979 967 1021 1037 1040 1041 986 1040 986 985 1042 985 980 1042 1040 985 1043 980 982 1043 1042 980 982 991 1044 982 1044 1043 992 994 1045 992 1045 1046 995 1046 1047 995 992 1046 991 1047 1044 991 995 1047 1045 1000 1048 1045 994 1000 1001 1003 1049 1001 1049 1050 1004 1050 1051 1004 1001 1050 1000 1051 1048 1000 1004 1051 1049 1008 1052 1003 1008 1049 1053 1052 1008 1053 1008 1013 1054 1013 1010 1054 1053 1013 1055 1010 1012 1055 1054 1010 986 1041 1055 986 1055 1012 1023 1029 1036 1023 1036 1019 1056 1057 1058 1040 1057 1056 1059 1040 1056 1041 1040 1059 1060 1043 1061 1060 1061 1057 1060 1042 1043 1060 1040 1042 1060 1057 1040 1062 1063 1058 1062 1058 1057 1064 1057 1061 1064 1062 1057 1044 1061 1043 1044 1064 1061 1062 1065 1063 1047 1065 1062 1064 1047 1062 1044 1047 1064 1066 1046 1045 1066 1047 1046 1066 1045 1067 1066 1067 1065 1066 1065 1047 1067 1045 1048 1067 1048 1068 1065 1068 1069 1065 1067 1068 1063 1069 1070 1063 1065 1069 1069 1071 1070 1051 1071 1069 1068 1051 1069 1048 1051 1068 1072 1050 1049 1072 1051 1050 1072 1049 1073 1072 1073 1071 1072 1071 1051 1073 1049 1052 1073 1052 1074 1071 1074 1075 1071 1073 1074 1070 1075 1076 1070 1071 1075 1075 1077 1076 1053 1077 1075 1074 1053 1075 1052 1053 1074 1078 1054 1055 1078 1053 1054 1078 1055 1079 1078 1079 1077 1078 1077 1053 1056 1058 1076 1056 1076 1077 1059 1077 1079 1059 1056 1077 1041 1079 1055 1041 1059 1079 1076 1063 1070 1058 1063 1076 1080 1081 1082 1080 1083 1081 1084 1082 1085 1084 1080 1082 1086 1085 1087 1086 1084 1085 1088 1089 1090 1083 1089 1088 1091 1089 1083 1092 1090 1093 1092 1088 1090 1080 1091 1083 1094 1091 1080 1095 1092 1093 1086 1092 1095 1096 1084 1086 1096 1086 1095 1097 1080 1084 1097 1084 1096 1097 1094 1080 1092 1086 1087 1092 1087 1098 1088 1098 1099 1088 1092 1098 1083 1099 1081 1083 1088 1099 1100 1101 1102 1103 1104 1105 1106 1103 1105 1107 1100 1105 1107 1104 1090 1107 1090 1089 1107 1089 1108 1107 1108 1101 1107 1101 1100 1107 1105 1104 1109 1110 1102 1109 1102 1101 1111 1101 1108 1111 1109 1101 1091 1108 1089 1091 1111 1108 1112 1113 1114 1109 1111 1115 1110 1109 1115 1116 1112 1115 1116 1111 1091 1116 1091 1094 1116 1094 1117 1116 1117 1113 1116 1113 1112 1116 1115 1111 1117 1094 1097 1117 1097 1118 1113 1118 1119 1113 1117 1118 1114 1119 1120 1114 1113 1119 1121 1122 1123 1119 1118 1124 1120 1119 1124 1125 1097 1096 1125 1096 1126 1125 1126 1122 1125 1121 1124 1125 1118 1097 1125 1122 1121 1125 1124 1118 1126 1096 1095 1126 1095 1127 1122 1127 1128 1122 1126 1127 1123 1128 1129 1123 1122 1128 1130 1131 1132 1128 1127 1133 1129 1128 1133 1134 1095 1093 1134 1093 1135 1134 1135 1131 1134 1130 1133 1134 1127 1095 1134 1131 1130 1134 1133 1127 1135 1093 1090 1135 1090 1104 1131 1104 1103 1131 1135 1104 1132 1103 1106 1132 1131 1103 1098 1136 1137 1087 1136 1098 1138 1136 1087 1099 1137 1139 1099 1098 1137 1085 1138 1087 1140 1138 1085 1141 1099 1139 1081 1099 1141 1142 1082 1081 1142 1081 1141 1143 1085 1082 1143 1082 1142 1143 1140 1085 1100 1102 1144 1100 1144 1145 1105 1145 1146 1105 1100 1145 1106 1146 1147 1106 1105 1146 1110 1148 1144 1110 1144 1102 1149 1148 1110 1149 1110 1115 1150 1115 1112 1150 1149 1115 1151 1112 1114 1151 1150 1112 1152 1151 1114 1152 1114 1120 1121 1123 1153 1121 1153 1154 1124 1154 1155 1124 1121 1154 1120 1155 1152 1120 1124 1155 1153 1129 1156 1153 1123 1129 1156 1129 1133 1157 1133 1130 1157 1156 1133 1158 1130 1132 1158 1157 1130 1159 1158 1132 1147 1159 1106 1106 1159 1132 1160 1161 1162 1163 1164 1165 1166 1163 1165 1167 1160 1165 1167 1164 1138 1167 1138 1140 1167 1140 1168 1167 1168 1161 1167 1161 1160 1167 1165 1164 1168 1140 1143 1168 1143 1169 1161 1169 1170 1161 1168 1169 1162 1170 1171 1162 1161 1170 1172 1173 1174 1170 1169 1175 1171 1170 1175 1176 1172 1175 1176 1169 1143 1176 1143 1142 1176 1142 1177 1176 1177 1173 1176 1173 1172 1176 1175 1169 1177 1142 1141 1177 1141 1178 1173 1178 1179 1173 1177 1178 1174 1179 1180 1174 1173 1179 1181 1182 1183 1179 1178 1184 1180 1179 1184 1185 1141 1139 1185 1139 1186 1185 1186 1182 1185 1181 1184 1185 1178 1141 1185 1182 1181 1185 1184 1178 1187 1188 1183 1187 1183 1182 1189 1182 1186 1189 1187 1182 1137 1186 1139 1137 1189 1186 1190 1191 1192 1187 1189 1193 1188 1187 1193 1194 1137 1136 1194 1136 1195 1194 1195 1191 1194 1190 1193 1194 1189 1137 1194 1191 1190 1194 1193 1189 1163 1166 1192 1163 1192 1191 1164 1191 1195 1164 1163 1191 1138 1195 1136 1138 1164 1195 1196 1145 1144 1197 1198 1145 1197 1145 1196 1199 1198 1197 1200 1198 1201 1200 1201 1147 1200 1146 1145 1200 1147 1146 1200 1145 1198 1202 1203 1199 1202 1199 1197 1204 1197 1196 1204 1202 1197 1148 1196 1144 1148 1204 1196 1205 1150 1151 1206 1202 1150 1206 1150 1205 1203 1202 1206 1207 1204 1148 1207 1202 1204 1207 1149 1150 1207 1148 1149 1207 1150 1202 1208 1209 1203 1208 1203 1206 1210 1206 1205 1210 1208 1206 1152 1205 1151 1152 1210 1205 1211 1154 1153 1212 1154 1211 1212 1208 1154 1209 1208 1212 1213 1155 1154 1213 1152 1155 1213 1210 1152 1213 1208 1210 1213 1154 1208 1211 1153 1156 1211 1156 1214 1212 1214 1215 1212 1211 1214 1209 1215 1216 1209 1212 1215 1217 1158 1159 1218 1215 1158 1218 1158 1217 1216 1215 1218 1219 1214 1156 1219 1215 1214 1219 1157 1158 1219 1156 1157 1219 1158 1215 1198 1199 1216 1198 1216 1218 1201 1218 1217 1201 1198 1218 1147 1217 1159 1147 1201 1217 1220 1221 1166 1220 1166 1165 1222 1165 1160 1222 1220 1165 1223 1160 1162 1223 1222 1160 1162 1171 1224 1162 1224 1223 1172 1174 1225 1172 1225 1226 1175 1226 1227 1175 1172 1226 1171 1227 1224 1171 1175 1227 1225 1180 1228 1225 1174 1180 1181 1183 1229 1181 1229 1230 1184 1230 1231 1184 1181 1230 1180 1231 1228 1180 1184 1231 1229 1188 1232 1183 1188 1229 1233 1232 1188 1233 1188 1193 1234 1193 1190 1234 1233 1193 1235 1190 1192 1235 1234 1190 1166 1221 1235 1166 1235 1192 1203 1209 1216 1203 1216 1199 1236 1237 1238 1220 1237 1236 1239 1220 1236 1221 1220 1239 1240 1223 1241 1240 1241 1237 1240 1222 1223 1240 1220 1222 1240 1237 1220 1242 1243 1238 1242 1238 1237 1244 1237 1241 1244 1242 1237 1224 1241 1223 1224 1244 1241 1242 1245 1243 1227 1245 1242 1244 1227 1242 1224 1227 1244 1246 1226 1225 1246 1227 1226 1246 1225 1247 1246 1247 1245 1246 1245 1227 1247 1225 1228 1247 1228 1248 1245 1248 1249 1245 1247 1248 1243 1249 1250 1243 1245 1249 1249 1251 1250 1231 1251 1249 1248 1231 1249 1228 1231 1248 1252 1230 1229 1252 1231 1230 1252 1229 1253 1252 1253 1251 1252 1251 1231 1253 1229 1232 1253 1232 1254 1251 1254 1255 1251 1253 1254 1250 1255 1256 1250 1251 1255 1255 1257 1256 1233 1257 1255 1254 1233 1255 1232 1233 1254 1258 1234 1235 1258 1233 1234 1258 1235 1259 1258 1259 1257 1258 1257 1233 1236 1238 1256 1236 1256 1257 1239 1257 1259 1239 1236 1257 1221 1259 1235 1221 1239 1259 1256 1243 1250 1238 1243 1256</p>
        </triangles>
      </mesh>
    </geometry>
    <geometry id="geometry_b8606f39_1671_4047_a376_a93d71864061" name="">
      <mesh>
        <source id="pos_6">
          <float_array id="pos_6-array" count="1464">-0.009989728 -0.01320811 -0.00285 -0.009989728 -0.01321481 -0.002875 -0.009989728 -0.01323311 -0.002893301 -0.009989728 -0.01325811 -0.0029 -0.009989728 -0.01355811 -0.0029 -0.009989728 -0.01360811 -0.00285 -0.009989728 -0.01358311 -0.002893301 -0.009989728 -0.01360141 -0.002875 -0.009989728 -0.01360811 -0.0025 -0.009989728 -0.01320811 -0.0018 -0.009989728 -0.01325811 -0.0018 -0.009989728 -0.01370811 -0.00225 -0.009989728 -0.01421141 -0.002475 -0.009989728 -0.01416811 -0.0025 -0.009989728 -0.01419311 -0.002493301 -0.009989728 -0.0140063 -0.00225 -0.009989728 -0.01421811 -0.00245 -0.009989728 -0.01402867 -0.002255279 -0.009989728 -0.01402151 -0.00225237 -0.009989728 -0.014014 -0.002250596 -0.009989728 -0.01421811 -0.002380902 -0.009989728 -0.01419047 -0.002336181 -0.009989728 -0.01421474 -0.002362865 -0.009989728 -0.0142051 -0.002347258 -0.009989728 -0.01320811 -0.0012 -0.009989728 -0.01320811 -0.0016 -0.009989728 -0.01325811 -0.0016 -0.009989728 -0.01370811 -0.00145 -0.009989728 -0.01581811 -0.0012 -0.009989728 -0.01561811 -0.00145 -0.009989728 -0.01581811 -0.00135 -0.009839728 -0.01360811 -0.0025 -0.009839728 -0.01416811 -0.0025 -0.009839728 -0.01360811 -0.00285 -0.009839728 -0.01360141 -0.002875 -0.009839728 -0.01358311 -0.002893301 -0.009839728 -0.01355811 -0.0029 -0.009839728 -0.01325811 -0.0029 -0.009839728 -0.01323311 -0.002893301 -0.009839728 -0.01321481 -0.002875 -0.009839728 -0.01320811 -0.00285 -0.009839728 -0.01320811 -0.0018 -0.009839728 -0.01325811 -0.0018 -0.009839728 -0.01325811 -0.0016 -0.009839728 -0.01320811 -0.0016 -0.009839728 -0.01320811 -0.0012 -0.009839728 -0.01581811 -0.0012 -0.009839728 -0.01581811 -0.00135 -0.009839728 -0.01561811 -0.00145 -0.009839728 -0.01370811 -0.00145 -0.009839728 -0.01370811 -0.00225 -0.009839728 -0.0140063 -0.00225 -0.009839728 -0.014014 -0.002250596 -0.009839728 -0.01402151 -0.00225237 -0.009839728 -0.01402867 -0.002255279 -0.009839728 -0.01419047 -0.002336181 -0.009839728 -0.0142051 -0.002347258 -0.009839728 -0.01421474 -0.002362865 -0.009839728 -0.01421811 -0.002380902 -0.009839728 -0.01421811 -0.00245 -0.009839728 -0.01421141 -0.002475 -0.009839728 -0.01419311 -0.002493301 -0.01116473 -0.01578811 -0.0029 -0.01116473 -0.01582811 -0.002889282 -0.01116473 -0.01585739 -0.00286 -0.01116473 -0.01586811 -0.00282 -0.01116473 -0.01439233 -0.0029 -0.01116473 -0.01434795 -0.002886564 -0.01116473 -0.01436177 -0.002893932 -0.01116473 -0.01437675 -0.002898468 -0.01116473 -0.01586811 -0.0012 -0.01116473 -0.01423826 -0.002813436 -0.01116473 -0.01422445 -0.002806069 -0.01116473 -0.01420947 -0.002801532 -0.01116473 -0.01334811 -0.00272 -0.01116473 -0.01335883 -0.00276 -0.01116473 -0.01338811 -0.002789282 -0.01116473 -0.01342811 -0.0028 -0.01116473 -0.01334811 -0.002418885 -0.01116473 -0.01419389 -0.0028 -0.01116473 -0.01334715 -0.002406571 -0.01116473 -0.01334432 -0.00239455 -0.01116473 -0.01333966 -0.002383108 -0.01116473 -0.01321811 -0.002121115 -0.01116473 -0.01321906 -0.002133429 -0.01116473 -0.0132219 -0.002145451 -0.01116473 -0.01322655 -0.002156892 -0.01116473 -0.01329811 -0.0012 -0.01116473 -0.01321811 -0.00128 -0.01116473 -0.01322883 -0.00124 -0.01116473 -0.01325811 -0.001210718 -0.01096473 -0.01322883 -0.00124 -0.01096473 -0.01321811 -0.00128 -0.01096473 -0.01325811 -0.001210718 -0.01096473 -0.01329811 -0.0012 -0.01096473 -0.01586811 -0.0012 -0.01096473 -0.01586811 -0.00282 -0.01096473 -0.01585739 -0.00286 -0.01096473 -0.01582811 -0.002889282 -0.01096473 -0.01578811 -0.0029 -0.01096473 -0.01439233 -0.0029 -0.01096473 -0.01437675 -0.002898468 -0.01096473 -0.01436177 -0.002893932 -0.01096473 -0.01434795 -0.002886564 -0.01096473 -0.01423826 -0.002813436 -0.01096473 -0.01422445 -0.002806069 -0.01096473 -0.01420947 -0.002801532 -0.01096473 -0.01419389 -0.0028 -0.01096473 -0.01342811 -0.0028 -0.01096473 -0.01334811 -0.00272 -0.01096473 -0.01335883 -0.00276 -0.01096473 -0.01338811 -0.002789282 -0.01096473 -0.01334811 -0.002418885 -0.01096473 -0.01333966 -0.002383108 -0.01096473 -0.01334432 -0.00239455 -0.01096473 -0.01334715 -0.002406571 -0.01096473 -0.01322655 -0.002156892 -0.01096473 -0.01321811 -0.002121115 -0.01096473 -0.01321906 -0.002133429 -0.01096473 -0.0132219 -0.002145451 -0.004664728 -0.01582811 -0.002889282 -0.004664728 -0.01586811 -0.00282 -0.004664728 -0.01585739 -0.00286 -0.004664728 -0.01578811 -0.0029 -0.004664728 -0.01321811 -0.00128 -0.004664728 -0.01322883 -0.00124 -0.004664728 -0.01325811 -0.001210718 -0.004664728 -0.01329811 -0.0012 -0.004664728 -0.01439233 -0.0029 -0.004664728 -0.01586811 -0.0012 -0.004664728 -0.01434795 -0.002886564 -0.004664728 -0.01437675 -0.002898468 -0.004664728 -0.01436177 -0.002893932 -0.004664728 -0.01423826 -0.002813436 -0.004664728 -0.01422445 -0.002806069 -0.004664728 -0.01420947 -0.002801532 -0.004664728 -0.01419389 -0.0028 -0.004664728 -0.01321811 -0.002121115 -0.004664728 -0.01322655 -0.002156892 -0.004664728 -0.0132219 -0.002145451 -0.004664728 -0.01321906 -0.002133429 -0.004664728 -0.01333966 -0.002383108 -0.004664728 -0.01334432 -0.00239455 -0.004664728 -0.01334715 -0.002406571 -0.004664728 -0.01334811 -0.002418885 -0.004664728 -0.01342811 -0.0028 -0.004664728 -0.01334811 -0.00272 -0.004664728 -0.01335883 -0.00276 -0.004664728 -0.01338811 -0.002789282 -0.004864728 -0.01322655 -0.002156892 -0.004864728 -0.0132219 -0.002145451 -0.004864728 -0.01321906 -0.002133429 -0.004864728 -0.01321811 -0.002121115 -0.004864728 -0.01333966 -0.002383108 -0.004864728 -0.01334811 -0.002418885 -0.004864728 -0.01334715 -0.002406571 -0.004864728 -0.01334432 -0.00239455 -0.004864728 -0.01334811 -0.00272 -0.004864728 -0.01342811 -0.0028 -0.004864728 -0.01338811 -0.002789282 -0.004864728 -0.01335883 -0.00276 -0.004864728 -0.01419389 -0.0028 -0.004864728 -0.01420947 -0.002801532 -0.004864728 -0.01422445 -0.002806069 -0.004864728 -0.01423826 -0.002813436 -0.004864728 -0.01434795 -0.002886564 -0.004864728 -0.01436177 -0.002893932 -0.004864728 -0.01437675 -0.002898468 -0.004864728 -0.01439233 -0.0029 -0.004864728 -0.01578811 -0.0029 -0.004864728 -0.01582811 -0.002889282 -0.004864728 -0.01585739 -0.00286 -0.004864728 -0.01586811 -0.00282 -0.004864728 -0.01586811 -0.0012 -0.004864728 -0.01329811 -0.0012 -0.004864728 -0.01325811 -0.001210718 -0.004864728 -0.01322883 -0.00124 -0.004864728 -0.01321811 -0.00128 -0.006789729 -0.01320811 -0.00285 -0.006789729 -0.01321481 -0.002875 -0.006789729 -0.01323311 -0.002893301 -0.006789729 -0.01325811 -0.0029 -0.006789729 -0.01355811 -0.0029 -0.006789729 -0.01360811 -0.00285 -0.006789729 -0.01358311 -0.002893301 -0.006789729 -0.01360141 -0.002875 -0.006789729 -0.01360811 -0.0025 -0.006789729 -0.01320811 -0.0018 -0.006789729 -0.01325811 -0.0018 -0.006789729 -0.01370811 -0.00225 -0.006789729 -0.01421141 -0.002475 -0.006789729 -0.01416811 -0.0025 -0.006789729 -0.01419311 -0.002493301 -0.006789729 -0.0140063 -0.00225 -0.006789729 -0.01421811 -0.00245 -0.006789729 -0.01402867 -0.002255279 -0.006789729 -0.01402151 -0.00225237 -0.006789729 -0.014014 -0.002250596 -0.006789729 -0.01421811 -0.002380902 -0.006789729 -0.01419047 -0.002336181 -0.006789729 -0.01421474 -0.002362865 -0.006789729 -0.0142051 -0.002347258 -0.006789729 -0.01320811 -0.0012 -0.006789729 -0.01320811 -0.0016 -0.006789729 -0.01325811 -0.0016 -0.006789729 -0.01370811 -0.00145 -0.006789729 -0.01581811 -0.0012 -0.006789729 -0.01561811 -0.00145 -0.006789729 -0.01581811 -0.00135 -0.006639728 -0.01360811 -0.0025 -0.006639728 -0.01416811 -0.0025 -0.006639728 -0.01360811 -0.00285 -0.006639728 -0.01360141 -0.002875 -0.006639728 -0.01358311 -0.002893301 -0.006639728 -0.01355811 -0.0029 -0.006639728 -0.01325811 -0.0029 -0.006639728 -0.01323311 -0.002893301 -0.006639728 -0.01321481 -0.002875 -0.006639728 -0.01320811 -0.00285 -0.006639728 -0.01320811 -0.0018 -0.006639728 -0.01325811 -0.0018 -0.006639728 -0.01325811 -0.0016 -0.006639728 -0.01320811 -0.0016 -0.006639728 -0.01320811 -0.0012 -0.006639728 -0.01581811 -0.0012 -0.006639728 -0.01581811 -0.00135 -0.006639728 -0.01561811 -0.00145 -0.006639728 -0.01370811 -0.00145 -0.006639728 -0.01370811 -0.00225 -0.006639728 -0.0140063 -0.00225 -0.006639728 -0.014014 -0.002250596 -0.006639728 -0.01402151 -0.00225237 -0.006639728 -0.01402867 -0.002255279 -0.006639728 -0.01419047 -0.002336181 -0.006639728 -0.0142051 -0.002347258 -0.006639728 -0.01421474 -0.002362865 -0.006639728 -0.01421811 -0.002380902 -0.006639728 -0.01421811 -0.00245 -0.006639728 -0.01421141 -0.002475 -0.006639728 -0.01419311 -0.002493301 -0.009189729 -0.01320811 -0.00285 -0.009189729 -0.01321481 -0.002875 -0.009189729 -0.01323311 -0.002893301 -0.009189729 -0.01325811 -0.0029 -0.009189729 -0.01355811 -0.0029 -0.009189729 -0.01360811 -0.00285 -0.009189729 -0.01358311 -0.002893301 -0.009189729 -0.01360141 -0.002875 -0.009189729 -0.01360811 -0.0025 -0.009189729 -0.01320811 -0.0018 -0.009189729 -0.01325811 -0.0018 -0.009189729 -0.01370811 -0.00225 -0.009189729 -0.01421141 -0.002475 -0.009189729 -0.01416811 -0.0025 -0.009189729 -0.01419311 -0.002493301 -0.009189729 -0.0140063 -0.00225 -0.009189729 -0.01421811 -0.00245 -0.009189729 -0.01402867 -0.002255279 -0.009189729 -0.01402151 -0.00225237 -0.009189729 -0.014014 -0.002250596 -0.009189729 -0.01421811 -0.002380902 -0.009189729 -0.01419047 -0.002336181 -0.009189729 -0.01421474 -0.002362865 -0.009189729 -0.0142051 -0.002347258 -0.009189729 -0.01320811 -0.0012 -0.009189729 -0.01320811 -0.0016 -0.009189729 -0.01325811 -0.0016 -0.009189729 -0.01370811 -0.00145 -0.009189729 -0.01581811 -0.0012 -0.009189729 -0.01561811 -0.00145 -0.009189729 -0.01581811 -0.00135 -0.009039729 -0.01360811 -0.0025 -0.009039729 -0.01416811 -0.0025 -0.009039729 -0.01360811 -0.00285 -0.009039729 -0.01360141 -0.002875 -0.009039729 -0.01358311 -0.002893301 -0.009039729 -0.01355811 -0.0029 -0.009039729 -0.01325811 -0.0029 -0.009039729 -0.01323311 -0.002893301 -0.009039729 -0.01321481 -0.002875 -0.009039729 -0.01320811 -0.00285 -0.009039729 -0.01320811 -0.0018 -0.009039729 -0.01325811 -0.0018 -0.009039729 -0.01325811 -0.0016 -0.009039729 -0.01320811 -0.0016 -0.009039729 -0.01320811 -0.0012 -0.009039729 -0.01581811 -0.0012 -0.009039729 -0.01581811 -0.00135 -0.009039729 -0.01561811 -0.00145 -0.009039729 -0.01370811 -0.00145 -0.009039729 -0.01370811 -0.00225 -0.009039729 -0.0140063 -0.00225 -0.009039729 -0.014014 -0.002250596 -0.009039729 -0.01402151 -0.00225237 -0.009039729 -0.01402867 -0.002255279 -0.009039729 -0.01419047 -0.002336181 -0.009039729 -0.0142051 -0.002347258 -0.009039729 -0.01421474 -0.002362865 -0.009039729 -0.01421811 -0.002380902 -0.009039729 -0.01421811 -0.00245 -0.009039729 -0.01421141 -0.002475 -0.009039729 -0.01419311 -0.002493301 -0.005989728 -0.01320811 -0.00285 -0.005989728 -0.01321481 -0.002875 -0.005989728 -0.01323311 -0.002893301 -0.005989728 -0.01325811 -0.0029 -0.005989728 -0.01355811 -0.0029 -0.005989728 -0.01360811 -0.00285 -0.005989728 -0.01358311 -0.002893301 -0.005989728 -0.01360141 -0.002875 -0.005989728 -0.01360811 -0.0025 -0.005989728 -0.01320811 -0.0018 -0.005989728 -0.01325811 -0.0018 -0.005989728 -0.01370811 -0.00225 -0.005989728 -0.01421141 -0.002475 -0.005989728 -0.01416811 -0.0025 -0.005989728 -0.01419311 -0.002493301 -0.005989728 -0.0140063 -0.00225 -0.005989728 -0.01421811 -0.00245 -0.005989728 -0.01402867 -0.002255279 -0.005989728 -0.01402151 -0.00225237 -0.005989728 -0.014014 -0.002250596 -0.005989728 -0.01421811 -0.002380902 -0.005989728 -0.01419047 -0.002336181 -0.005989728 -0.01421474 -0.002362865 -0.005989728 -0.0142051 -0.002347258 -0.005989728 -0.01320811 -0.0012 -0.005989728 -0.01320811 -0.0016 -0.005989728 -0.01325811 -0.0016 -0.005989728 -0.01370811 -0.00145 -0.005989728 -0.01581811 -0.0012 -0.005989728 -0.01561811 -0.00145 -0.005989728 -0.01581811 -0.00135 -0.005839728 -0.01360811 -0.0025 -0.005839728 -0.01416811 -0.0025 -0.005839728 -0.01360811 -0.00285 -0.005839728 -0.01360141 -0.002875 -0.005839728 -0.01358311 -0.002893301 -0.005839728 -0.01355811 -0.0029 -0.005839728 -0.01325811 -0.0029 -0.005839728 -0.01323311 -0.002893301 -0.005839728 -0.01321481 -0.002875 -0.005839728 -0.01320811 -0.00285 -0.005839728 -0.01320811 -0.0018 -0.005839728 -0.01325811 -0.0018 -0.005839728 -0.01325811 -0.0016 -0.005839728 -0.01320811 -0.0016 -0.005839728 -0.01320811 -0.0012 -0.005839728 -0.01581811 -0.0012 -0.005839728 -0.01581811 -0.00135 -0.005839728 -0.01561811 -0.00145 -0.005839728 -0.01370811 -0.00145 -0.005839728 -0.01370811 -0.00225 -0.005839728 -0.0140063 -0.00225 -0.005839728 -0.014014 -0.002250596 -0.005839728 -0.01402151 -0.00225237 -0.005839728 -0.01402867 -0.002255279 -0.005839728 -0.01419047 -0.002336181 -0.005839728 -0.0142051 -0.002347258 -0.005839728 -0.01421474 -0.002362865 -0.005839728 -0.01421811 -0.002380902 -0.005839728 -0.01421811 -0.00245 -0.005839728 -0.01421141 -0.002475 -0.005839728 -0.01419311 -0.002493301 -0.007589728 -0.01320811 -0.00285 -0.007589728 -0.01321481 -0.002875 -0.007589728 -0.01323311 -0.002893301 -0.007589728 -0.01325811 -0.0029 -0.007589728 -0.01355811 -0.0029 -0.007589728 -0.01360811 -0.00285 -0.007589728 -0.01358311 -0.002893301 -0.007589728 -0.01360141 -0.002875 -0.007589728 -0.01360811 -0.0025 -0.007589728 -0.01320811 -0.0018 -0.007589728 -0.01325811 -0.0018 -0.007589728 -0.01370811 -0.00225 -0.007589728 -0.01421141 -0.002475 -0.007589728 -0.01416811 -0.0025 -0.007589728 -0.01419311 -0.002493301 -0.007589728 -0.0140063 -0.00225 -0.007589728 -0.01421811 -0.00245 -0.007589728 -0.01402867 -0.002255279 -0.007589728 -0.01402151 -0.00225237 -0.007589728 -0.014014 -0.002250596 -0.007589728 -0.01421811 -0.002380902 -0.007589728 -0.01419047 -0.002336181 -0.007589728 -0.01421474 -0.002362865 -0.007589728 -0.0142051 -0.002347258 -0.007589728 -0.01320811 -0.0012 -0.007589728 -0.01320811 -0.0016 -0.007589728 -0.01325811 -0.0016 -0.007589728 -0.01370811 -0.00145 -0.007589728 -0.01581811 -0.0012 -0.007589728 -0.01561811 -0.00145 -0.007589728 -0.01581811 -0.00135 -0.007439728 -0.01360811 -0.0025 -0.007439728 -0.01416811 -0.0025 -0.007439728 -0.01360811 -0.00285 -0.007439728 -0.01360141 -0.002875 -0.007439728 -0.01358311 -0.002893301 -0.007439728 -0.01355811 -0.0029 -0.007439728 -0.01325811 -0.0029 -0.007439728 -0.01323311 -0.002893301 -0.007439728 -0.01321481 -0.002875 -0.007439728 -0.01320811 -0.00285 -0.007439728 -0.01320811 -0.0018 -0.007439728 -0.01325811 -0.0018 -0.007439728 -0.01325811 -0.0016 -0.007439728 -0.01320811 -0.0016 -0.007439728 -0.01320811 -0.0012 -0.007439728 -0.01581811 -0.0012 -0.007439728 -0.01581811 -0.00135 -0.007439728 -0.01561811 -0.00145 -0.007439728 -0.01370811 -0.00145 -0.007439728 -0.01370811 -0.00225 -0.007439728 -0.0140063 -0.00225 -0.007439728 -0.014014 -0.002250596 -0.007439728 -0.01402151 -0.00225237 -0.007439728 -0.01402867 -0.002255279 -0.007439728 -0.01419047 -0.002336181 -0.007439728 -0.0142051 -0.002347258 -0.007439728 -0.01421474 -0.002362865 -0.007439728 -0.01421811 -0.002380902 -0.007439728 -0.01421811 -0.00245 -0.007439728 -0.01421141 -0.002475 -0.007439728 -0.01419311 -0.002493301 -0.008389728 -0.01320811 -0.00285 -0.008389728 -0.01321481 -0.002875 -0.008389728 -0.01323311 -0.002893301 -0.008389728 -0.01325811 -0.0029 -0.008389728 -0.01355811 -0.0029 -0.008389728 -0.01360811 -0.00285 -0.008389728 -0.01358311 -0.002893301 -0.008389728 -0.01360141 -0.002875 -0.008389728 -0.01360811 -0.0025 -0.008389728 -0.01320811 -0.0018 -0.008389728 -0.01325811 -0.0018 -0.008389728 -0.01370811 -0.00225 -0.008389728 -0.01421141 -0.002475 -0.008389728 -0.01416811 -0.0025 -0.008389728 -0.01419311 -0.002493301 -0.008389728 -0.0140063 -0.00225 -0.008389728 -0.01421811 -0.00245 -0.008389728 -0.01402867 -0.002255279 -0.008389728 -0.01402151 -0.00225237 -0.008389728 -0.014014 -0.002250596 -0.008389728 -0.01421811 -0.002380902 -0.008389728 -0.01419047 -0.002336181 -0.008389728 -0.01421474 -0.002362865 -0.008389728 -0.0142051 -0.002347258 -0.008389728 -0.01320811 -0.0012 -0.008389728 -0.01320811 -0.0016 -0.008389728 -0.01325811 -0.0016 -0.008389728 -0.01370811 -0.00145 -0.008389728 -0.01581811 -0.0012 -0.008389728 -0.01561811 -0.00145 -0.008389728 -0.01581811 -0.00135 -0.008239728 -0.01360811 -0.0025 -0.008239728 -0.01416811 -0.0025 -0.008239728 -0.01360811 -0.00285 -0.008239728 -0.01360141 -0.002875 -0.008239728 -0.01358311 -0.002893301 -0.008239728 -0.01355811 -0.0029 -0.008239728 -0.01325811 -0.0029 -0.008239728 -0.01323311 -0.002893301 -0.008239728 -0.01321481 -0.002875 -0.008239728 -0.01320811 -0.00285 -0.008239728 -0.01320811 -0.0018 -0.008239728 -0.01325811 -0.0018 -0.008239728 -0.01325811 -0.0016 -0.008239728 -0.01320811 -0.0016 -0.008239728 -0.01320811 -0.0012 -0.008239728 -0.01581811 -0.0012 -0.008239728 -0.01581811 -0.00135 -0.008239728 -0.01561811 -0.00145 -0.008239728 -0.01370811 -0.00145 -0.008239728 -0.01370811 -0.00225 -0.008239728 -0.0140063 -0.00225 -0.008239728 -0.014014 -0.002250596 -0.008239728 -0.01402151 -0.00225237 -0.008239728 -0.01402867 -0.002255279 -0.008239728 -0.01419047 -0.002336181 -0.008239728 -0.0142051 -0.002347258 -0.008239728 -0.01421474 -0.002362865 -0.008239728 -0.01421811 -0.002380902 -0.008239728 -0.01421811 -0.00245 -0.008239728 -0.01421141 -0.002475 -0.008239728 -0.01419311 -0.002493301</float_array>
          <technique_common>
            <accessor count="488" source="#pos_6-array" stride="3"><param type="float" name="X"/><param type="float" name="Y"/><param type="float" name="Z"/></accessor></technique_common>
        </source>
        <vertices id="vert_6">
          <input semantic="POSITION" source="#pos_6"/>
        </vertices>
        <triangles count="944" material="mat_5">
          <input semantic="VERTEX" source="#vert_6" offset="0"/>
          <p>0 1 2 0 2 3 4 0 3 5 4 6 5 6 7 5 0 4 8 0 5 9 0 8 10 9 8 11 10 8 12 13 14 15 8 13 15 11 8 16 13 12 17 18 19 17 19 15 17 15 13 20 13 16 21 20 22 21 17 13 21 13 20 23 21 22 24 25 26 27 26 10 27 10 11 27 24 26 28 27 29 28 29 30 28 24 27 31 32 8 8 32 13 33 31 5 5 31 8 34 5 7 34 33 5 35 7 6 35 34 7 36 6 4 36 35 6 37 36 3 3 36 4 38 3 2 38 37 3 39 2 1 39 38 2 40 1 0 40 39 1 41 40 9 9 40 0 42 41 10 10 41 9 43 42 26 26 42 10 44 43 25 25 43 26 45 44 24 24 44 25 46 45 28 28 45 24 47 46 30 30 46 28 48 47 29 29 47 30 49 48 27 27 48 29 50 49 11 11 49 27 51 50 15 15 50 11 52 15 19 52 51 15 53 19 18 53 52 19 54 18 17 54 53 18 55 17 21 55 54 17 56 21 23 56 55 21 57 23 22 57 56 23 58 22 20 58 57 22 59 58 16 16 58 20 60 16 12 60 59 16 61 12 14 61 60 12 32 14 13 32 61 14 39 40 38 38 40 37 40 36 37 36 34 35 40 33 36 36 33 34 40 31 33 40 41 31 41 42 31 42 50 31 32 60 61 31 51 32 50 51 31 32 59 60 53 54 52 52 54 51 51 54 32 32 58 59 54 55 32 32 55 58 58 56 57 55 56 58 44 45 43 43 49 42 42 49 50 45 49 43 49 46 48 48 46 47 45 46 49 62 63 64 62 64 65 66 62 65 67 68 69 67 69 66 70 66 65 71 67 66 71 66 70 72 71 70 73 72 70 74 75 76 74 76 77 78 77 79 78 74 77 80 78 79 81 80 79 82 81 79 83 84 85 83 85 86 83 86 82 83 82 79 87 79 73 87 73 70 87 83 79 88 83 87 89 87 90 89 88 87 91 92 88 91 88 89 93 89 90 93 91 89 94 90 87 94 93 90 95 94 70 70 94 87 65 95 70 96 95 65 97 96 65 97 65 64 98 64 63 98 97 64 99 63 62 99 98 63 66 99 62 100 99 66 101 100 66 101 66 69 102 69 68 102 101 69 103 68 67 103 102 68 71 103 67 104 103 71 71 72 104 104 72 105 105 73 106 72 73 105 106 79 107 73 79 106 77 107 79 108 107 77 75 74 109 75 109 110 76 110 111 76 75 110 77 111 108 77 76 111 78 109 74 112 109 78 113 114 82 82 114 81 81 115 80 114 115 81 80 112 78 115 112 80 116 113 86 86 113 82 84 83 117 84 117 118 85 118 119 85 84 118 86 119 116 86 85 119 92 117 88 88 117 83 98 99 97 97 99 96 99 100 96 102 103 101 101 103 100 100 95 96 103 104 100 100 104 95 104 105 95 105 106 95 110 109 111 111 109 108 108 112 107 109 112 108 112 115 107 115 114 107 114 113 107 119 118 116 116 117 113 113 117 107 118 117 116 107 94 106 106 94 95 117 94 107 117 92 94 94 91 93 92 91 94 120 121 122 123 121 120 124 125 126 124 126 127 128 129 121 128 121 123 130 128 131 130 131 132 133 129 128 133 128 130 134 129 133 135 127 129 135 129 134 136 127 135 137 124 127 137 127 136 138 139 140 138 140 137 141 137 136 141 138 137 142 141 136 143 142 136 144 143 136 145 144 136 146 144 145 147 145 148 147 146 145 139 138 149 139 149 150 140 150 151 140 139 150 137 151 152 137 140 151 149 141 153 138 141 149 154 155 144 144 155 143 143 156 142 155 156 143 142 153 141 156 153 142 144 146 154 154 146 157 148 145 158 148 158 159 147 159 160 147 148 159 146 160 157 146 147 160 145 136 158 158 136 161 136 135 161 161 135 162 162 134 163 135 134 162 163 133 164 134 133 163 133 130 164 164 130 165 166 165 130 166 130 132 167 132 131 167 166 132 168 131 128 168 167 131 128 123 168 168 123 169 170 169 123 170 123 120 171 120 122 171 170 120 172 122 121 172 171 122 121 129 172 172 129 173 173 127 174 129 127 173 175 174 127 175 127 126 176 126 125 176 175 126 177 125 124 177 176 125 177 137 152 124 137 177 172 170 171 172 169 170 176 177 175 175 177 174 173 168 172 172 168 169 168 165 167 167 165 166 173 164 168 168 164 165 173 163 164 174 162 173 173 162 163 174 161 162 177 152 174 174 152 161 150 149 151 151 149 152 152 153 161 149 153 152 153 156 161 156 155 161 155 154 161 154 158 161 154 157 158 158 160 159 157 160 158 178 179 180 178 180 181 182 178 181 183 182 184 183 184 185 183 178 182 186 178 183 187 178 186 188 187 186 189 188 186 190 191 192 193 186 191 193 189 186 194 191 190 195 196 197 195 197 193 195 193 191 198 191 194 199 198 200 199 195 191 199 191 198 201 199 200 202 203 204 205 204 188 205 188 189 205 202 204 206 205 207 206 207 208 206 202 205 209 210 186 186 210 191 211 209 183 183 209 186 212 183 185 212 211 183 213 185 184 213 212 185 214 184 182 214 213 184 215 214 181 181 214 182 216 181 180 216 215 181 217 180 179 217 216 180 218 179 178 218 217 179 219 218 187 187 218 178 220 219 188 188 219 187 221 220 204 204 220 188 222 221 203 203 221 204 223 222 202 202 222 203 224 223 206 206 223 202 225 224 208 208 224 206 226 225 207 207 225 208 227 226 205 205 226 207 228 227 189 189 227 205 229 228 193 193 228 189 230 193 197 230 229 193 231 197 196 231 230 197 232 196 195 232 231 196 233 195 199 233 232 195 234 199 201 234 233 199 235 201 200 235 234 201 236 200 198 236 235 200 237 236 194 194 236 198 238 194 190 238 237 194 239 190 192 239 238 190 210 192 191 210 239 192 217 218 216 216 218 215 218 214 215 214 212 213 218 211 214 214 211 212 218 209 211 218 219 209 219 220 209 220 228 209 210 238 239 209 229 210 228 229 209 210 237 238 231 232 230 230 232 229 229 232 210 210 236 237 232 233 210 210 233 236 236 234 235 233 234 236 222 223 221 221 227 220 220 227 228 223 227 221 227 224 226 226 224 225 223 224 227 240 241 242 240 242 243 244 240 243 245 244 246 245 246 247 245 240 244 248 240 245 249 240 248 250 249 248 251 250 248 252 253 254 255 248 253 255 251 248 256 253 252 257 258 259 257 259 255 257 255 253 260 253 256 261 260 262 261 257 253 261 253 260 263 261 262 264 265 266 267 266 250 267 250 251 267 264 266 268 267 269 268 269 270 268 264 267 271 272 248 248 272 253 273 271 245 245 271 248 274 245 247 274 273 245 275 247 246 275 274 247 276 246 244 276 275 246 277 276 243 243 276 244 278 243 242 278 277 243 279 242 241 279 278 242 280 241 240 280 279 241 281 280 249 249 280 240 282 281 250 250 281 249 283 282 266 266 282 250 284 283 265 265 283 266 285 284 264 264 284 265 286 285 268 268 285 264 287 286 270 270 286 268 288 287 269 269 287 270 289 288 267 267 288 269 290 289 251 251 289 267 291 290 255 255 290 251 292 255 259 292 291 255 293 259 258 293 292 259 294 258 257 294 293 258 295 257 261 295 294 257 296 261 263 296 295 261 297 263 262 297 296 263 298 262 260 298 297 262 299 298 256 256 298 260 300 256 252 300 299 256 301 252 254 301 300 252 272 254 253 272 301 254 279 280 278 278 280 277 280 276 277 276 274 275 280 273 276 276 273 274 280 271 273 280 281 271 281 282 271 282 290 271 272 300 301 271 291 272 290 291 271 272 299 300 293 294 292 292 294 291 291 294 272 272 298 299 294 295 272 272 295 298 298 296 297 295 296 298 284 285 283 283 289 282 282 289 290 285 289 283 289 286 288 288 286 287 285 286 289 302 303 304 302 304 305 306 302 305 307 306 308 307 308 309 307 302 306 310 302 307 311 302 310 312 311 310 313 312 310 314 315 316 317 310 315 317 313 310 318 315 314 319 320 321 319 321 317 319 317 315 322 315 318 323 322 324 323 319 315 323 315 322 325 323 324 326 327 328 329 328 312 329 312 313 329 326 328 330 329 331 330 331 332 330 326 329 333 334 310 310 334 315 335 333 307 307 333 310 336 307 309 336 335 307 337 309 308 337 336 309 338 308 306 338 337 308 339 338 305 305 338 306 340 305 304 340 339 305 341 304 303 341 340 304 342 303 302 342 341 303 343 342 311 311 342 302 344 343 312 312 343 311 345 344 328 328 344 312 346 345 327 327 345 328 347 346 326 326 346 327 348 347 330 330 347 326 349 348 332 332 348 330 350 349 331 331 349 332 351 350 329 329 350 331 352 351 313 313 351 329 353 352 317 317 352 313 354 317 321 354 353 317 355 321 320 355 354 321 356 320 319 356 355 320 357 319 323 357 356 319 358 323 325 358 357 323 359 325 324 359 358 325 360 324 322 360 359 324 361 360 318 318 360 322 362 318 314 362 361 318 363 314 316 363 362 314 334 316 315 334 363 316 341 342 340 340 342 339 342 338 339 338 336 337 342 335 338 338 335 336 342 333 335 342 343 333 343 344 333 344 352 333 334 362 363 333 353 334 352 353 333 334 361 362 355 356 354 354 356 353 353 356 334 334 360 361 356 357 334 334 357 360 360 358 359 357 358 360 346 347 345 345 351 344 344 351 352 347 351 345 351 348 350 350 348 349 347 348 351 364 365 366 364 366 367 368 364 367 369 368 370 369 370 371 369 364 368 372 364 369 373 364 372 374 373 372 375 374 372 376 377 378 379 372 377 379 375 372 380 377 376 381 382 383 381 383 379 381 379 377 384 377 380 385 384 386 385 381 377 385 377 384 387 385 386 388 389 390 391 390 374 391 374 375 391 388 390 392 391 393 392 393 394 392 388 391 395 396 372 372 396 377 397 395 369 369 395 372 398 369 371 398 397 369 399 371 370 399 398 371 400 370 368 400 399 370 401 400 367 367 400 368 402 367 366 402 401 367 403 366 365 403 402 366 404 365 364 404 403 365 405 404 373 373 404 364 406 405 374 374 405 373 407 406 390 390 406 374 408 407 389 389 407 390 409 408 388 388 408 389 410 409 392 392 409 388 411 410 394 394 410 392 412 411 393 393 411 394 413 412 391 391 412 393 414 413 375 375 413 391 415 414 379 379 414 375 416 379 383 416 415 379 417 383 382 417 416 383 418 382 381 418 417 382 419 381 385 419 418 381 420 385 387 420 419 385 421 387 386 421 420 387 422 386 384 422 421 386 423 422 380 380 422 384 424 380 376 424 423 380 425 376 378 425 424 376 396 378 377 396 425 378 403 404 402 402 404 401 404 400 401 400 398 399 404 397 400 400 397 398 404 395 397 404 405 395 405 406 395 406 414 395 396 424 425 395 415 396 414 415 395 396 423 424 417 418 416 416 418 415 415 418 396 396 422 423 418 419 396 396 419 422 422 420 421 419 420 422 408 409 407 407 413 406 406 413 414 409 413 407 413 410 412 412 410 411 409 410 413 426 427 428 426 428 429 430 426 429 431 430 432 431 432 433 431 426 430 434 426 431 435 426 434 436 435 434 437 436 434 438 439 440 441 434 439 441 437 434 442 439 438 443 444 445 443 445 441 443 441 439 446 439 442 447 446 448 447 443 439 447 439 446 449 447 448 450 451 452 453 452 436 453 436 437 453 450 452 454 453 455 454 455 456 454 450 453 457 458 434 434 458 439 459 457 431 431 457 434 460 431 433 460 459 431 461 433 432 461 460 433 462 432 430 462 461 432 463 462 429 429 462 430 464 429 428 464 463 429 465 428 427 465 464 428 466 427 426 466 465 427 467 466 435 435 466 426 468 467 436 436 467 435 469 468 452 452 468 436 470 469 451 451 469 452 471 470 450 450 470 451 472 471 454 454 471 450 473 472 456 456 472 454 474 473 455 455 473 456 475 474 453 453 474 455 476 475 437 437 475 453 477 476 441 441 476 437 478 441 445 478 477 441 479 445 444 479 478 445 480 444 443 480 479 444 481 443 447 481 480 443 482 447 449 482 481 447 483 449 448 483 482 449 484 448 446 484 483 448 485 484 442 442 484 446 486 442 438 486 485 442 487 438 440 487 486 438 458 440 439 458 487 440 465 466 464 464 466 463 466 462 463 462 460 461 466 459 462 462 459 460 466 457 459 466 467 457 467 468 457 468 476 457 458 486 487 457 477 458 476 477 457 458 485 486 479 480 478 478 480 477 477 480 458 458 484 485 480 481 458 458 481 484 484 482 483 481 482 484 470 471 469 469 475 468 468 475 476 471 475 469 475 472 474 474 472 473 471 472 475</p>
        </triangles>
      </mesh>
    </geometry>
    <geometry id="geometry_7c0ac7b7_d008_4715_af8e_994f89d835a0" name="">
      <mesh>
        <source id="pos_7">
          <float_array id="pos_7-array" count="834">0.01124246 0.01174749 -0.0002 0.01074749 0.01224246 -0.0002 0.0125 0.0135 -0.0002 0.007747488 0.01224246 -0.0002 0.01074749 0.009242463 -0.0002 0.01025251 0.01075754 -0.0002 0.01124246 0.008747487 -0.0002 0.008242463 0.01174749 -0.0002 0.009757538 0.01125251 -0.0002 0.008242463 0.008747487 -0.0002 0.009757538 0.008252514 -0.0002 0.005242462 0.01174749 -0.0002 0.006757538 0.01125251 -0.0002 0.004747488 0.01224246 -0.0002 0.01124246 0.005747488 -0.0002 0.007747488 0.009242463 -0.0002 0.007252513 0.01075754 -0.0002 0.01074749 0.006242462 -0.0002 0.01025251 0.007757538 -0.0002 0.004252512 0.01075754 -0.0002 0.005242462 0.008747487 -0.0002 0.006757538 0.008252514 -0.0002 0.001747487 0.01224246 -0.0002 0.01124246 0.002747488 -0.0002 0.01074749 0.003242462 -0.0002 0.01025251 0.004757538 -0.0002 0.008242463 0.005747488 -0.0002 0.009757538 0.005252513 -0.0002 0.004747488 0.009242463 -0.0002 0.007747488 0.006242462 -0.0002 0.007252513 0.007757538 -0.0002 0.002242462 0.01174749 -0.0002 0.003757538 0.01125251 -0.0002 0.004252512 0.007757538 -0.0002 0.001252513 0.01075754 -0.0002 -0.000757538 0.01174749 -0.0002 0.000757538 0.01125251 -0.0002 -0.001252513 0.01224246 -0.0002 0.008242463 0.002747488 -0.0002 0.009757538 0.002252513 -0.0002 0.01124246 -0.0002525126 -0.0002 0.001747487 0.009242463 -0.0002 0.01074749 0.0002424621 -0.0002 0.01025251 0.001757538 -0.0002 0.005242462 0.005747488 -0.0002 0.006757538 0.005252513 -0.0002 0.007747488 0.003242462 -0.0002 0.007252513 0.004757538 -0.0002 0.004747488 0.006242462 -0.0002 0.002242462 0.008747487 -0.0002 0.003757538 0.008252514 -0.0002 0.004252512 0.004757538 -0.0002 0.008242463 -0.0002525126 -0.0002 0.009757538 -0.0007474874 -0.0002 -0.001252513 0.009242463 -0.0002 -0.001747487 0.01075754 -0.0002 -0.003757538 0.01174749 -0.0002 -0.002242462 0.01125251 -0.0002 0.002242462 0.005747488 -0.0002 0.003757538 0.005252513 -0.0002 -0.004252512 0.01224246 -0.0002 0.005242462 0.002747488 -0.0002 0.006757538 0.002252513 -0.0002 -0.000757538 0.008747487 -0.0002 0.000757538 0.008252514 -0.0002 0.001747487 0.006242462 -0.0002 0.001252513 0.007757538 -0.0002 0.004747488 0.003242462 -0.0002 0.007747488 0.0002424621 -0.0002 0.007252513 0.001757538 -0.0002 0.01074749 -0.002757538 -0.0002 0.01025251 -0.001242462 -0.0002 0.01124246 -0.003252513 -0.0002 -0.002242462 0.008252514 -0.0002 -0.001747487 0.007757538 -0.0002 0.006757538 -0.0007474874 -0.0002 0.007252513 -0.001242462 -0.0002 0.01074749 -0.005757538 -0.0002 0.01124246 -0.006252513 -0.0002 0.01025251 -0.004242463 -0.0002 -0.001252513 0.006242462 -0.0002 -0.006757538 0.01174749 -0.0002 -0.005242462 0.01125251 -0.0002 -0.004252512 0.009242463 -0.0002 -0.004747488 0.01075754 -0.0002 0.005242462 -0.0002525126 -0.0002 0.008242463 -0.003252513 -0.0002 0.009757538 -0.003747487 -0.0002 -0.007252513 0.01224246 -0.0002 0.001747487 0.003242462 -0.0002 0.001252513 0.004757538 -0.0002 0.004747488 0.0002424621 -0.0002 0.004252512 0.001757538 -0.0002 0.007747488 -0.002757538 -0.0002 -0.000757538 0.005747488 -0.0002 0.000757538 0.005252513 -0.0002 0.002242462 0.002747488 -0.0002 0.003757538 0.002252513 -0.0002 -0.003757538 0.008747487 -0.0002 0.006757538 -0.003747487 -0.0002 0.009757538 -0.006747488 -0.0002 0.003757538 -0.0007474874 -0.0002 0.001252513 0.001757538 -0.0002 0.004252512 -0.001242462 -0.0002 -0.001747487 0.004757538 -0.0002 -0.000757538 0.002747488 -0.0002 0.000757538 0.002252513 -0.0002 0.008242463 -0.006252513 -0.0002 0.007747488 -0.005757538 -0.0002 0.007252513 -0.004242463 -0.0002 -0.001252513 0.003242462 -0.0002 -0.003757538 0.005747488 -0.0002 -0.002242462 0.005252513 -0.0002 -0.009757538 0.01174749 -0.0002 -0.008242463 0.01125251 -0.0002 0.01074749 -0.008757538 -0.0002 0.01025251 -0.007242463 -0.0002 0.01124246 -0.009252514 -0.0002 0.004747488 -0.002757538 -0.0002 -0.006757538 0.008747487 -0.0002 -0.005242462 0.008252514 -0.0002 0.001747487 0.0002424621 -0.0002 -0.01025251 0.01224246 -0.0002 -0.007252513 0.009242463 -0.0002 -0.007747488 0.01075754 -0.0002 0.002242462 -0.0002525126 -0.0002 -0.004252512 0.006242462 -0.0002 -0.004747488 0.007757538 -0.0002 0.005242462 -0.003252513 -0.0002 -0.0125 0.0135 -0.0002 0.001252513 -0.001242462 -0.0002 -0.01074749 0.01075754 -0.0002 -0.01124246 0.01125251 -0.0002 0.000757538 -0.0007474874 -0.0002 0.001747487 -0.002757538 -0.0002 0.008242463 -0.009252514 -0.0002 0.009757538 -0.009747487 -0.0002 0.007747488 -0.008757538 -0.0002 0.007252513 -0.007242463 -0.0002 -0.000757538 -0.0002525126 -0.0002 -0.001252513 0.0002424621 -0.0002 -0.001747487 0.001757538 -0.0002 -0.006757538 0.005747488 -0.0002 -0.005242462 0.005252513 -0.0002 -0.003757538 0.002747488 -0.0002 -0.002242462 0.002252513 -0.0002 -0.004252512 0.003242462 -0.0002 -0.004747488 0.004757538 -0.0002 0.004747488 -0.005757538 -0.0002 0.004252512 -0.004242463 -0.0002 -0.007252513 0.006242462 -0.0002 -0.007747488 0.007757538 -0.0002 -0.01025251 0.009242463 -0.0002 -0.009757538 0.008747487 -0.0002 -0.008242463 0.008252514 -0.0002 0.005242462 -0.006252513 -0.0002 0.006757538 -0.006747488 -0.0002 0.002242462 -0.003252513 -0.0002 0.003757538 -0.003747487 -0.0002 0.007252513 -0.01024246 -0.0002 0.01025251 -0.01024246 -0.0002 -0.001747487 -0.001242462 -0.0002 -0.002242462 -0.0007474874 -0.0002 -0.005242462 0.002252513 -0.0002 -0.01124246 0.008252514 -0.0002 0.0125 -0.0165 -0.0002 0.001747487 -0.005757538 -0.0002 0.001252513 -0.004242463 -0.0002 -0.000757538 -0.003252513 -0.0002 0.000757538 -0.003747487 -0.0002 -0.001252513 -0.002757538 -0.0002 -0.003757538 -0.0002525126 -0.0002 -0.004252512 0.0002424621 -0.0002 -0.004747488 0.001757538 -0.0002 -0.009757538 0.005747488 -0.0002 -0.008242463 0.005252513 -0.0002 0.004747488 -0.008757538 -0.0002 0.004252512 -0.007242463 -0.0002 -0.007252513 0.003242462 -0.0002 -0.007747488 0.004757538 -0.0002 -0.006757538 0.002747488 -0.0002 -0.01025251 0.006242462 -0.0002 -0.01074749 0.007757538 -0.0002 0.002242462 -0.006252513 -0.0002 0.003757538 -0.006747488 -0.0002 0.005242462 -0.009252514 -0.0002 0.006757538 -0.009747487 -0.0002 -0.002242462 -0.003747487 -0.0002 0.003757538 -0.009747487 -0.0002 -0.007747488 0.001757538 -0.0002 0.001252513 -0.007242463 -0.0002 0.004252512 -0.01024246 -0.0002 -0.008242463 0.002252513 -0.0002 -0.01124246 0.005252513 -0.0002 0.001747487 -0.008757538 -0.0002 -0.000757538 -0.006252513 -0.0002 0.000757538 -0.006747488 -0.0002 -0.001252513 -0.005757538 -0.0002 -0.001747487 -0.004242463 -0.0002 -0.006757538 -0.0002525126 -0.0002 -0.005242462 -0.0007474874 -0.0002 -0.007252513 0.0002424621 -0.0002 -0.01025251 0.003242462 -0.0002 -0.01074749 0.004757538 -0.0002 -0.009757538 0.002747488 -0.0002 0.002242462 -0.009252514 -0.0002 -0.003757538 -0.003252513 -0.0002 -0.004252512 -0.002757538 -0.0002 -0.004747488 -0.001242462 -0.0002 -0.005242462 -0.003747487 -0.0002 -0.01074749 0.001757538 -0.0002 0.001252513 -0.01024246 -0.0002 -0.01124246 0.002252513 -0.0002 -0.009757538 -0.0002525126 -0.0002 -0.008242463 -0.0007474874 -0.0002 -0.000757538 -0.009252514 -0.0002 0.000757538 -0.009747487 -0.0002 -0.001252513 -0.008757538 -0.0002 -0.001747487 -0.007242463 -0.0002 -0.01025251 0.0002424621 -0.0002 -0.003757538 -0.006252513 -0.0002 -0.002242462 -0.006747488 -0.0002 -0.004252512 -0.005757538 -0.0002 -0.004747488 -0.004242463 -0.0002 -0.006757538 -0.003252513 -0.0002 -0.007252513 -0.002757538 -0.0002 -0.007747488 -0.001242462 -0.0002 -0.01124246 -0.0007474874 -0.0002 -0.001319557 -0.01127738 -0.0002 -0.001747487 -0.01024246 -0.0002 -0.007252513 -0.005757538 -0.0002 -0.007747488 -0.004242463 -0.0002 -0.009757538 -0.003252513 -0.0002 -0.008242463 -0.003747487 -0.0002 -0.003757538 -0.009252514 -0.0002 -0.002242462 -0.009747487 -0.0002 -0.004252512 -0.008757538 -0.0002 -0.004747488 -0.007242463 -0.0002 -0.006757538 -0.006252513 -0.0002 -0.005242462 -0.006747488 -0.0002 -0.01025251 -0.002757538 -0.0002 -0.01074749 -0.001242462 -0.0002 -0.005242462 -0.009747487 -0.0002 -0.004747488 -0.01024246 -0.0002 -0.008242463 -0.006747488 -0.0002 -0.01124246 -0.003747487 -0.0002 -0.009757538 -0.006252513 -0.0002 -0.01025251 -0.005757538 -0.0002 -0.01074749 -0.004242463 -0.0002 -0.007252513 -0.008757538 -0.0002 -0.007747488 -0.007242463 -0.0002 -0.006757538 -0.009252514 -0.0002 -0.001319557 -0.01495012 -0.0002 -0.00038661 -0.0165 -0.0002 -0.01124246 -0.006747488 -0.0002 -0.007747488 -0.01024246 -0.0002 -0.009757538 -0.009252514 -0.0002 -0.008242463 -0.009747487 -0.0002 -0.01025251 -0.008757538 -0.0002 -0.01074749 -0.007242463 -0.0002 -0.01074749 -0.01024246 -0.0002 -0.01124246 -0.009747487 -0.0002 -0.0125 -0.01127738 -0.0002 -0.00038661 -0.0165 0 0.0125 -0.0165 0 -0.0125 0.0135 0 -0.0125 -0.01127738 0 0.0125 0.0135 0 -0.001319557 -0.01127738 0 -0.001319557 -0.01495012 0 0.01025251 0.01075754 -0.0004 0.01124246 0.01174749 -0.0004 0.01032972 0.01083475 -0.0007 0.01116525 0.01167028 -0.0007 0.009757538 0.01125251 -0.0004 0.01074749 0.01224246 -0.0004 0.01067028 0.01216525 -0.0007 0.009834748 0.01132972 -0.0007</float_array>
          <technique_common>
            <accessor count="278" source="#pos_7-array" stride="3"><param type="float" name="X"/><param type="float" name="Y"/><param type="float" name="Z"/></accessor></technique_common>
        </source>
        <vertices id="vert_7">
          <input semantic="POSITION" source="#pos_7"/>
        </vertices>
        <triangles count="420" material="mat_8">
          <input semantic="VERTEX" source="#vert_7" offset="0"/>
          <p>0 1 2 3 2 1 4 5 0 6 0 2 6 4 0 7 1 8 7 3 1 9 4 10 9 5 4 11 3 12 13 2 3 13 3 11 14 6 2 15 8 5 15 16 7 15 5 9 15 7 8 17 18 6 17 6 14 19 11 12 20 15 21 20 16 15 22 2 13 23 14 2 24 14 23 24 25 14 26 17 27 26 18 17 28 19 12 28 16 20 28 12 16 29 10 18 29 30 9 29 9 10 29 18 26 31 22 13 31 13 32 33 20 21 34 31 32 35 22 36 35 37 22 38 24 39 38 25 24 40 23 2 41 34 32 41 32 19 42 23 40 42 43 23 44 30 29 44 29 45 46 27 25 46 26 27 46 25 38 46 47 26 48 30 44 48 33 21 48 21 30 49 19 28 49 41 19 49 28 50 51 44 45 52 42 53 52 43 42 54 55 35 54 35 36 56 37 57 58 33 48 58 48 59 60 37 56 61 46 62 61 47 46 63 36 34 63 41 64 63 34 41 63 54 36 65 66 49 65 49 50 65 50 33 65 33 58 67 51 45 67 45 47 67 47 61 68 38 39 68 39 43 68 43 52 68 69 38 70 71 40 70 40 72 73 55 54 74 63 64 75 69 68 76 52 53 77 72 78 77 79 72 80 64 66 80 74 64 81 60 82 83 56 57 83 84 56 85 69 75 85 62 69 86 70 87 86 71 70 88 60 81 89 90 58 89 58 59 91 62 85 91 61 62 91 92 61 93 76 53 93 53 71 93 71 86 94 80 66 94 65 95 94 66 65 96 51 67 96 89 59 96 59 51 96 67 97 98 83 57 98 57 55 98 55 73 99 76 93 100 79 77 101 92 91 102 96 97 103 85 75 104 94 95 105 90 89 105 89 106 107 87 79 107 79 100 108 86 87 108 109 86 108 87 107 110 95 90 110 90 105 110 104 95 111 74 80 111 80 112 113 88 114 115 116 78 115 78 117 118 103 75 119 84 83 119 82 84 119 83 120 121 102 97 122 88 113 123 82 119 123 81 82 123 124 81 125 121 97 125 92 101 125 97 92 126 74 111 126 73 74 126 98 73 126 127 98 128 118 75 128 76 99 128 75 76 129 37 60 129 88 122 129 60 88 130 125 101 131 113 114 132 129 122 133 102 121 134 130 101 135 115 136 135 116 115 137 116 135 137 100 116 137 138 107 137 107 100 139 102 133 140 106 102 140 105 106 140 102 139 140 141 105 142 127 126 142 126 143 144 110 145 144 104 110 146 112 104 146 104 144 146 111 112 146 147 111 148 128 99 148 99 109 148 149 128 150 151 119 150 127 142 150 119 120 150 120 127 152 131 114 153 123 154 153 124 123 153 152 114 153 114 124 155 108 156 155 148 109 155 109 108 157 103 118 157 134 101 157 101 103 157 118 158 159 136 160 159 135 136 161 139 133 162 141 140 163 147 146 164 132 131 164 131 152 164 129 132 165 78 72 165 159 160 165 40 2 165 160 117 165 72 40 165 117 78 166 167 157 166 157 158 166 158 149 168 134 169 168 130 134 170 133 130 170 161 133 170 130 168 171 141 162 172 141 171 172 145 141 172 144 145 172 173 144 174 150 175 174 151 150 176 155 156 176 177 155 178 179 142 178 142 143 180 178 143 180 143 147 180 147 163 181 154 151 181 182 153 181 153 154 181 151 174 183 166 149 183 149 148 183 148 184 185 138 137 185 156 138 185 137 186 185 176 156 187 161 170 188 177 176 189 180 163 190 183 184 191 185 186 191 186 159 192 179 178 193 164 182 193 182 181 194 190 184 195 166 196 195 167 166 197 168 169 197 169 167 197 198 168 197 167 195 199 173 172 199 172 200 201 189 163 201 173 199 201 163 173 202 203 174 202 174 175 204 175 179 204 202 175 204 179 192 205 177 188 205 194 184 205 184 177 206 161 187 207 161 206 207 171 162 207 162 161 207 208 171 209 208 207 210 204 192 211 205 188 211 188 191 212 193 203 212 203 202 213 201 214 213 189 201 215 194 216 215 190 194 217 196 190 217 195 196 217 218 195 217 190 215 219 192 189 219 210 192 219 189 213 220 187 198 220 197 221 220 198 197 222 206 187 222 187 220 222 223 206 224 208 209 225 226 199 225 208 224 225 199 200 225 200 208 227 210 219 227 212 210 228 216 211 228 229 215 228 215 216 230 231 224 230 209 223 230 224 209 232 225 233 232 226 225 234 218 217 234 217 235 236 220 221 236 218 234 236 221 218 236 237 220 238 223 222 238 230 223 238 222 239 240 214 226 240 226 232 240 241 213 240 213 214 242 237 236 243 229 228 243 234 235 243 235 229 244 231 230 245 227 241 245 241 240 246 231 244 247 232 233 247 233 231 247 231 246 247 248 232 249 238 239 249 250 238 249 239 237 251 249 237 251 237 242 252 228 211 253 211 191 253 191 159 253 252 211 253 159 165 254 245 248 254 248 247 255 251 242 255 242 243 256 249 257 256 250 249 258 244 250 258 250 256 258 246 244 258 259 246 260 257 255 260 256 257 261 254 259 261 259 258 262 261 260 262 245 254 262 260 255 262 254 261 228 262 255 228 255 243 262 129 164 262 164 193 262 193 212 262 212 227 262 227 245 129 2 22 129 22 37 253 165 263 263 165 264 129 262 265 265 262 266 2 265 267 2 129 265 165 267 264 165 2 267 265 268 267 267 268 264 269 263 268 268 263 264 265 266 268 270 0 5 270 271 0 272 273 270 270 273 271 8 270 5 274 270 8 275 8 1 275 274 8 276 277 275 275 277 274 0 275 1 271 275 0 277 276 272 272 276 273 270 277 272 270 274 277 275 273 276 275 271 273</p>
        </triangles>
      </mesh>
    </geometry>
    <geometry id="geometry_81312aae_4a26_4389_bf0d_2687e8199466" name="">
      <mesh>
        <source id="pos_8">
          <float_array id="pos_8-array" count="4590">0.002900573 -0.01303269 -0.002255 0.002919671 -0.01309147 -0.002255 0.00292369 -0.01309147 -0.00224 0.002934671 -0.01309147 -0.002229019 0.002912619 -0.01300056 -0.002225 0.002949671 -0.01309147 -0.002225 0.002819671 -0.01296147 -0.002225 0.00278877 -0.01299636 -0.002255 0.002850573 -0.01299636 -0.002255 0.002715652 -0.01309147 -0.00224 0.002719671 -0.01309147 -0.002255 0.00273877 -0.01303269 -0.002255 0.002704671 -0.01309147 -0.002229019 0.002689671 -0.01309147 -0.002225 0.002728621 -0.01299866 -0.002225 0.00288197 -0.0130084 -0.002240329 0.002888869 -0.0129992 -0.002228832 0.002757372 -0.0130084 -0.002240329 0.002750474 -0.0129992 -0.002228832 0.00273877 -0.01315024 -0.002255 0.002723691 -0.01309147 -0.00227 0.002734671 -0.01309147 -0.002280981 0.002749671 -0.01309147 -0.002285 0.002850573 -0.01318657 -0.002255 0.002820293 -0.01316147 -0.002285 0.00278877 -0.01318657 -0.002255 0.002915652 -0.01309147 -0.00227 0.002900573 -0.01315024 -0.002255 0.002904671 -0.01309147 -0.002280981 0.002889671 -0.01309147 -0.002285 0.002761971 -0.0131684 -0.002269671 0.002768869 -0.0131592 -0.002281168 0.002877372 -0.0131684 -0.002269671 0.002870474 -0.0131592 -0.002281168 0.002989671 -0.01282147 -0.002225 0.001049671 -0.01282147 -0.002225 0.002726724 -0.01318238 -0.002225 0.002989671 -0.01576147 -0.002225 0.002910722 -0.01318427 -0.002225 0.002819671 -0.01322147 -0.002225 0.001049671 -0.01576147 -0.002225 0.002757372 -0.01317453 -0.002240329 0.002750474 -0.01318373 -0.002228832 0.00288197 -0.01317453 -0.002240329 0.002888869 -0.01318373 -0.002228832 0.002989671 -0.01279549 -0.00224 0.002989671 -0.01279147 -0.002255 0.001049671 -0.01279147 -0.002255 0.001049671 -0.01279549 -0.00224 0.002989671 -0.01280647 -0.002229019 0.001049671 -0.01280647 -0.002229019 0.003015652 -0.01576147 -0.00224 0.003019671 -0.01576147 -0.002255 0.003019671 -0.01282147 -0.002255 0.003015652 -0.01282147 -0.00224 0.003004671 -0.01576147 -0.002229019 0.003004671 -0.01282147 -0.002229019 0.001049671 -0.01578745 -0.00224 0.001049671 -0.01579147 -0.002255 0.002989671 -0.01579147 -0.002255 0.002989671 -0.01578745 -0.00224 0.001049671 -0.01577647 -0.002229019 0.002989671 -0.01577647 -0.002229019 0.001023691 -0.01282147 -0.00224 0.001019671 -0.01282147 -0.002255 0.001019671 -0.01576147 -0.002255 0.001023691 -0.01576147 -0.00224 0.001034671 -0.01282147 -0.002229019 0.001034671 -0.01576147 -0.002229019 0.002819049 -0.01302146 -0.002285 0.002877372 -0.01301453 -0.002269671 0.002870474 -0.01302373 -0.002281168 0.002761971 -0.01301453 -0.002269671 0.002768869 -0.01302373 -0.002281168 0.003004671 -0.01279549 -0.002255 0.003012496 -0.0128068 -0.002242203 0.003015652 -0.01280647 -0.002255 0.001023691 -0.01280647 -0.002255 0.001034671 -0.01279549 -0.002255 0.001036874 -0.0128068 -0.002232175 0.001049671 -0.01279147 -0.00277 0.001144671 -0.01279147 -0.002698 0.001144671 -0.01279147 -0.00277 0.001394671 -0.01279147 -0.002698 0.001644671 -0.01279147 -0.002698 0.001394671 -0.01279147 -0.00277 0.001644671 -0.01279147 -0.00277 0.001894671 -0.01279147 -0.002698 0.001894671 -0.01279147 -0.00277 0.002144671 -0.01279147 -0.002698 0.002144671 -0.01279147 -0.00277 0.002394671 -0.01279147 -0.002698 0.002989671 -0.01279147 -0.00277 0.002394671 -0.01279147 -0.00277 0.003015652 -0.01577647 -0.002255 0.003002468 -0.01578763 -0.002247825 0.003004671 -0.01578745 -0.002255 0.003019671 -0.01282147 -0.00277 0.003019671 -0.01576147 -0.00277 0.002989671 -0.01579147 -0.00277 0.002894671 -0.01579147 -0.002698 0.002894671 -0.01579147 -0.00277 0.002644671 -0.01579147 -0.002698 0.002394671 -0.01579147 -0.002698 0.002644671 -0.01579147 -0.00277 0.002394671 -0.01579147 -0.00277 0.002144671 -0.01579147 -0.002698 0.001894671 -0.01579147 -0.002698 0.002144671 -0.01579147 -0.00277 0.001894671 -0.01579147 -0.00277 0.001644671 -0.01579147 -0.00277 0.001394671 -0.01579147 -0.002698 0.001394671 -0.01579147 -0.00277 0.001644671 -0.01579147 -0.002698 0.001144671 -0.01579147 -0.002698 0.001049671 -0.01579147 -0.00277 0.001144671 -0.01579147 -0.00277 0.001023691 -0.01577647 -0.002255 0.001042496 -0.01578763 -0.002242203 0.001034671 -0.01578745 -0.002255 0.001019671 -0.01576147 -0.00277 0.001019671 -0.01282147 -0.00277 0.003004671 -0.01279549 -0.00277 0.003015652 -0.01280647 -0.00277 0.001023691 -0.01280647 -0.00277 0.001034671 -0.01279549 -0.00277 0.001894671 -0.01279549 -0.002785 0.002144671 -0.01279549 -0.002785 0.001894671 -0.01280647 -0.002795981 0.002144671 -0.01280647 -0.002795981 0.001894671 -0.01282147 -0.0028 0.002144671 -0.01282147 -0.0028 0.001394671 -0.01279549 -0.002785 0.001644671 -0.01279549 -0.002785 0.001394671 -0.01280647 -0.002795981 0.001644671 -0.01280647 -0.002795981 0.001394671 -0.01282147 -0.0028 0.001644671 -0.01282147 -0.0028 0.001049671 -0.01279549 -0.002785 0.001144671 -0.01279549 -0.002785 0.001049671 -0.01280647 -0.002795981 0.001144671 -0.01280647 -0.002795981 0.001049671 -0.01282147 -0.0028 0.001144671 -0.01282147 -0.0028 0.002394671 -0.01279549 -0.002785 0.002989671 -0.01279549 -0.002785 0.002394671 -0.01280647 -0.002795981 0.002989671 -0.01280647 -0.002795981 0.002394671 -0.01282147 -0.0028 0.002989671 -0.01282147 -0.0028 0.003015652 -0.01577647 -0.00277 0.003004671 -0.01578745 -0.00277 0.003015652 -0.01282147 -0.002785 0.003015652 -0.01576147 -0.002785 0.003004671 -0.01282147 -0.002795981 0.003004671 -0.01576147 -0.002795981 0.002989671 -0.01576147 -0.0028 0.001644671 -0.01578745 -0.002785 0.001394671 -0.01578745 -0.002785 0.001644671 -0.01577647 -0.002795981 0.001394671 -0.01577647 -0.002795981 0.001644671 -0.01576147 -0.0028 0.001394671 -0.01576147 -0.0028 0.002144671 -0.01578745 -0.002785 0.001894671 -0.01578745 -0.002785 0.002144671 -0.01577647 -0.002795981 0.001894671 -0.01577647 -0.002795981 0.002144671 -0.01576147 -0.0028 0.001894671 -0.01576147 -0.0028 0.002644671 -0.01578745 -0.002785 0.002394671 -0.01578745 -0.002785 0.002644671 -0.01577647 -0.002795981 0.002394671 -0.01577647 -0.002795981 0.002644671 -0.01576147 -0.0028 0.002394671 -0.01576147 -0.0028 0.002989671 -0.01578745 -0.002785 0.002894671 -0.01578745 -0.002785 0.002989671 -0.01577647 -0.002795981 0.002894671 -0.01577647 -0.002795981 0.002894671 -0.01576147 -0.0028 0.001034671 -0.01578745 -0.00277 0.001023691 -0.01577647 -0.00277 0.001144671 -0.01578745 -0.002785 0.001049671 -0.01578745 -0.002785 0.001144671 -0.01577647 -0.002795981 0.001049671 -0.01577647 -0.002795981 0.001144671 -0.01576147 -0.0028 0.001049671 -0.01576147 -0.0028 0.001023691 -0.01576147 -0.002785 0.001023691 -0.01282147 -0.002785 0.001034671 -0.01576147 -0.002795981 0.001034671 -0.01282147 -0.002795981 0.003002468 -0.0128068 -0.002792825 0.001026846 -0.0128068 -0.002782797 0.002996846 -0.01578763 -0.002782797 0.002394671 -0.01310647 -0.0028 0.002377925 -0.01316897 -0.0028 0.001894671 -0.01310647 -0.0028 0.002144671 -0.01310647 -0.0028 0.001877924 -0.01316897 -0.0028 0.002161418 -0.01316897 -0.0028 0.002819671 -0.01419147 -0.0028 0.001832171 -0.01321472 -0.0028 0.002207171 -0.01321472 -0.0028 0.002719671 -0.01419147 -0.0028 0.002332171 -0.01321472 -0.0028 0.002519671 -0.01419147 -0.0028 0.001769671 -0.01323147 -0.0028 0.002269671 -0.01323147 -0.0028 0.00253877 -0.01425024 -0.0028 0.00258877 -0.01428657 -0.0028 0.002650573 -0.01428657 -0.0028 0.002700573 -0.01425024 -0.0028 0.001661418 -0.01316897 -0.0028 0.001394671 -0.01310647 -0.0028 0.001644671 -0.01310647 -0.0028 0.001377924 -0.01316897 -0.0028 0.001707171 -0.01321472 -0.0028 0.001332171 -0.01321472 -0.0028 0.001144671 -0.01310647 -0.0028 0.002819671 -0.01439147 -0.0028 0.002877925 -0.01541397 -0.0028 0.002832171 -0.01536821 -0.0028 0.002769671 -0.01535147 -0.0028 0.002894671 -0.01547647 -0.0028 0.002707171 -0.01536821 -0.0028 0.001219671 -0.01419147 -0.0028 0.001269671 -0.01323147 -0.0028 0.001207171 -0.01321472 -0.0028 0.001161418 -0.01316897 -0.0028 0.002332171 -0.01536821 -0.0028 0.002644671 -0.01547647 -0.0028 0.002377925 -0.01541397 -0.0028 0.002661418 -0.01541397 -0.0028 0.002394671 -0.01547647 -0.0028 0.002161418 -0.01541397 -0.0028 0.001877924 -0.01541397 -0.0028 0.002207171 -0.01536821 -0.0028 0.001832171 -0.01536821 -0.0028 0.002144671 -0.01547647 -0.0028 0.001894671 -0.01547647 -0.0028 0.001769671 -0.01535147 -0.0028 0.001707171 -0.01536821 -0.0028 0.001219671 -0.01439147 -0.0028 0.001332171 -0.01536821 -0.0028 0.001661418 -0.01541397 -0.0028 0.001377924 -0.01541397 -0.0028 0.001269671 -0.01535147 -0.0028 0.001394671 -0.01547647 -0.0028 0.001644671 -0.01547647 -0.0028 0.001207171 -0.01536821 -0.0028 0.001161418 -0.01541397 -0.0028 0.001144671 -0.01547647 -0.0028 0.002269671 -0.01535147 -0.0028 0.001036874 -0.01578763 -0.002777175 0.01098897 -0.01303269 -0.002255 0.01100807 -0.01309147 -0.002255 0.01101209 -0.01309147 -0.00224 0.01102307 -0.01309147 -0.002229019 0.01100102 -0.01300056 -0.002225 0.01103807 -0.01309147 -0.002225 0.01090807 -0.01296147 -0.002225 0.01087717 -0.01299636 -0.002255 0.01093897 -0.01299636 -0.002255 0.01080405 -0.01309147 -0.00224 0.01080807 -0.01309147 -0.002255 0.01082717 -0.01303269 -0.002255 0.01079307 -0.01309147 -0.002229019 0.01077807 -0.01309147 -0.002225 0.01081702 -0.01299866 -0.002225 0.01097037 -0.0130084 -0.002240329 0.01097726 -0.0129992 -0.002228832 0.01084577 -0.0130084 -0.002240329 0.01083887 -0.0129992 -0.002228832 0.01082717 -0.01315024 -0.002255 0.01081209 -0.01309147 -0.00227 0.01082307 -0.01309147 -0.002280981 0.01083807 -0.01309147 -0.002285 0.01093897 -0.01318657 -0.002255 0.01090869 -0.01316147 -0.002285 0.01087717 -0.01318657 -0.002255 0.01100405 -0.01309147 -0.00227 0.01098897 -0.01315024 -0.002255 0.01099307 -0.01309147 -0.002280981 0.01097807 -0.01309147 -0.002285 0.01085037 -0.0131684 -0.002269671 0.01085727 -0.0131592 -0.002281168 0.01096577 -0.0131684 -0.002269671 0.01095887 -0.0131592 -0.002281168 0.01107807 -0.01282147 -0.002225 0.009138067 -0.01282147 -0.002225 0.01081512 -0.01318238 -0.002225 0.01107807 -0.01576147 -0.002225 0.01099912 -0.01318427 -0.002225 0.01090807 -0.01322147 -0.002225 0.009138067 -0.01576147 -0.002225 0.01084577 -0.01317453 -0.002240329 0.01083887 -0.01318373 -0.002228832 0.01097037 -0.01317453 -0.002240329 0.01097726 -0.01318373 -0.002228832 0.01107807 -0.01279549 -0.00224 0.01107807 -0.01279147 -0.002255 0.009138067 -0.01279147 -0.002255 0.009138067 -0.01279549 -0.00224 0.01107807 -0.01280647 -0.002229019 0.009138067 -0.01280647 -0.002229019 0.01110405 -0.01576147 -0.00224 0.01110807 -0.01576147 -0.002255 0.01110807 -0.01282147 -0.002255 0.01110405 -0.01282147 -0.00224 0.01109307 -0.01576147 -0.002229019 0.01109307 -0.01282147 -0.002229019 0.009138067 -0.01578745 -0.00224 0.009138067 -0.01579147 -0.002255 0.01107807 -0.01579147 -0.002255 0.01107807 -0.01578745 -0.00224 0.009138067 -0.01577647 -0.002229019 0.01107807 -0.01577647 -0.002229019 0.009112087 -0.01282147 -0.00224 0.009108067 -0.01282147 -0.002255 0.009108067 -0.01576147 -0.002255 0.009112087 -0.01576147 -0.00224 0.009123068 -0.01282147 -0.002229019 0.009123068 -0.01576147 -0.002229019 0.01090745 -0.01302146 -0.002285 0.01096577 -0.01301453 -0.002269671 0.01095887 -0.01302373 -0.002281168 0.01085037 -0.01301453 -0.002269671 0.01085727 -0.01302373 -0.002281168 0.01109307 -0.01279549 -0.002255 0.01110089 -0.0128068 -0.002242203 0.01110405 -0.01280647 -0.002255 0.009112087 -0.01280647 -0.002255 0.009123068 -0.01279549 -0.002255 0.00912527 -0.0128068 -0.002232175 0.009138067 -0.01279147 -0.00277 0.009233068 -0.01279147 -0.002698 0.009233068 -0.01279147 -0.00277 0.009483068 -0.01279147 -0.002698 0.009733068 -0.01279147 -0.002698 0.009483068 -0.01279147 -0.00277 0.009733068 -0.01279147 -0.00277 0.009983068 -0.01279147 -0.002698 0.009983068 -0.01279147 -0.00277 0.01023307 -0.01279147 -0.002698 0.01023307 -0.01279147 -0.00277 0.01048307 -0.01279147 -0.002698 0.01107807 -0.01279147 -0.00277 0.01048307 -0.01279147 -0.00277 0.01110405 -0.01577647 -0.002255 0.01109086 -0.01578763 -0.002247825 0.01109307 -0.01578745 -0.002255 0.01110807 -0.01282147 -0.00277 0.01110807 -0.01576147 -0.00277 0.01107807 -0.01579147 -0.00277 0.01098307 -0.01579147 -0.002698 0.01098307 -0.01579147 -0.00277 0.01073307 -0.01579147 -0.002698 0.01048307 -0.01579147 -0.002698 0.01073307 -0.01579147 -0.00277 0.01048307 -0.01579147 -0.00277 0.01023307 -0.01579147 -0.002698 0.009983068 -0.01579147 -0.002698 0.01023307 -0.01579147 -0.00277 0.009983068 -0.01579147 -0.00277 0.009733068 -0.01579147 -0.00277 0.009483068 -0.01579147 -0.002698 0.009483068 -0.01579147 -0.00277 0.009733068 -0.01579147 -0.002698 0.009233068 -0.01579147 -0.002698 0.009138067 -0.01579147 -0.00277 0.009233068 -0.01579147 -0.00277 0.009112087 -0.01577647 -0.002255 0.009130893 -0.01578763 -0.002242203 0.009123068 -0.01578745 -0.002255 0.009108067 -0.01576147 -0.00277 0.009108067 -0.01282147 -0.00277 0.01109307 -0.01279549 -0.00277 0.01110405 -0.01280647 -0.00277 0.009112087 -0.01280647 -0.00277 0.009123068 -0.01279549 -0.00277 0.009983068 -0.01279549 -0.002785 0.01023307 -0.01279549 -0.002785 0.009983068 -0.01280647 -0.002795981 0.01023307 -0.01280647 -0.002795981 0.009983068 -0.01282147 -0.0028 0.01023307 -0.01282147 -0.0028 0.009483068 -0.01279549 -0.002785 0.009733068 -0.01279549 -0.002785 0.009483068 -0.01280647 -0.002795981 0.009733068 -0.01280647 -0.002795981 0.009483068 -0.01282147 -0.0028 0.009733068 -0.01282147 -0.0028 0.009138067 -0.01279549 -0.002785 0.009233068 -0.01279549 -0.002785 0.009138067 -0.01280647 -0.002795981 0.009233068 -0.01280647 -0.002795981 0.009138067 -0.01282147 -0.0028 0.009233068 -0.01282147 -0.0028 0.01048307 -0.01279549 -0.002785 0.01107807 -0.01279549 -0.002785 0.01048307 -0.01280647 -0.002795981 0.01107807 -0.01280647 -0.002795981 0.01048307 -0.01282147 -0.0028 0.01107807 -0.01282147 -0.0028 0.01110405 -0.01577647 -0.00277 0.01109307 -0.01578745 -0.00277 0.01110405 -0.01282147 -0.002785 0.01110405 -0.01576147 -0.002785 0.01109307 -0.01282147 -0.002795981 0.01109307 -0.01576147 -0.002795981 0.01107807 -0.01576147 -0.0028 0.009733068 -0.01578745 -0.002785 0.009483068 -0.01578745 -0.002785 0.009733068 -0.01577647 -0.002795981 0.009483068 -0.01577647 -0.002795981 0.009733068 -0.01576147 -0.0028 0.009483068 -0.01576147 -0.0028 0.01023307 -0.01578745 -0.002785 0.009983068 -0.01578745 -0.002785 0.01023307 -0.01577647 -0.002795981 0.009983068 -0.01577647 -0.002795981 0.01023307 -0.01576147 -0.0028 0.009983068 -0.01576147 -0.0028 0.01073307 -0.01578745 -0.002785 0.01048307 -0.01578745 -0.002785 0.01073307 -0.01577647 -0.002795981 0.01048307 -0.01577647 -0.002795981 0.01073307 -0.01576147 -0.0028 0.01048307 -0.01576147 -0.0028 0.01107807 -0.01578745 -0.002785 0.01098307 -0.01578745 -0.002785 0.01107807 -0.01577647 -0.002795981 0.01098307 -0.01577647 -0.002795981 0.01098307 -0.01576147 -0.0028 0.009123068 -0.01578745 -0.00277 0.009112087 -0.01577647 -0.00277 0.009233068 -0.01578745 -0.002785 0.009138067 -0.01578745 -0.002785 0.009233068 -0.01577647 -0.002795981 0.009138067 -0.01577647 -0.002795981 0.009233068 -0.01576147 -0.0028 0.009138067 -0.01576147 -0.0028 0.009112087 -0.01576147 -0.002785 0.009112087 -0.01282147 -0.002785 0.009123068 -0.01576147 -0.002795981 0.009123068 -0.01282147 -0.002795981 0.01109086 -0.0128068 -0.002792825 0.009115242 -0.0128068 -0.002782797 0.01108524 -0.01578763 -0.002782797 0.01048307 -0.01310647 -0.0028 0.01046632 -0.01316897 -0.0028 0.009983068 -0.01310647 -0.0028 0.01023307 -0.01310647 -0.0028 0.009966321 -0.01316897 -0.0028 0.01024981 -0.01316897 -0.0028 0.01090807 -0.01419147 -0.0028 0.009920568 -0.01321472 -0.0028 0.01029557 -0.01321472 -0.0028 0.01080807 -0.01419147 -0.0028 0.01042057 -0.01321472 -0.0028 0.01060807 -0.01419147 -0.0028 0.009858068 -0.01323147 -0.0028 0.01035807 -0.01323147 -0.0028 0.01062717 -0.01425024 -0.0028 0.01067717 -0.01428657 -0.0028 0.01073897 -0.01428657 -0.0028 0.01078897 -0.01425024 -0.0028 0.009749815 -0.01316897 -0.0028 0.009483068 -0.01310647 -0.0028 0.009733068 -0.01310647 -0.0028 0.009466321 -0.01316897 -0.0028 0.009795568 -0.01321472 -0.0028 0.009420568 -0.01321472 -0.0028 0.009233068 -0.01310647 -0.0028 0.01090807 -0.01439147 -0.0028 0.01096632 -0.01541397 -0.0028 0.01092057 -0.01536821 -0.0028 0.01085807 -0.01535147 -0.0028 0.01098307 -0.01547647 -0.0028 0.01079557 -0.01536821 -0.0028 0.009308068 -0.01419147 -0.0028 0.009358068 -0.01323147 -0.0028 0.009295568 -0.01321472 -0.0028 0.009249815 -0.01316897 -0.0028 0.01042057 -0.01536821 -0.0028 0.01073307 -0.01547647 -0.0028 0.01046632 -0.01541397 -0.0028 0.01074981 -0.01541397 -0.0028 0.01048307 -0.01547647 -0.0028 0.01024981 -0.01541397 -0.0028 0.009966321 -0.01541397 -0.0028 0.01029557 -0.01536821 -0.0028 0.009920568 -0.01536821 -0.0028 0.01023307 -0.01547647 -0.0028 0.009983068 -0.01547647 -0.0028 0.009858068 -0.01535147 -0.0028 0.009795568 -0.01536821 -0.0028 0.009308068 -0.01439147 -0.0028 0.009420568 -0.01536821 -0.0028 0.009749815 -0.01541397 -0.0028 0.009466321 -0.01541397 -0.0028 0.009358068 -0.01535147 -0.0028 0.009483068 -0.01547647 -0.0028 0.009733068 -0.01547647 -0.0028 0.009295568 -0.01536821 -0.0028 0.009249815 -0.01541397 -0.0028 0.009233068 -0.01547647 -0.0028 0.01035807 -0.01535147 -0.0028 0.00912527 -0.01578763 -0.002777175 0.0006608918 -0.01281016 -0.000745 0.0006417935 -0.01286893 -0.000745 0.0006377742 -0.01286893 -0.00076 0.0006267935 -0.01286893 -0.0007709808 0.0006488456 -0.01277803 -0.000775 0.0006117935 -0.01286893 -0.000775 0.0007417935 -0.01273893 -0.000775 0.0007726952 -0.01277383 -0.000745 0.0007108918 -0.01277383 -0.000745 0.0008458128 -0.01286893 -0.00076 0.0008417935 -0.01286893 -0.000745 0.0008226953 -0.01281016 -0.000745 0.0008567935 -0.01286893 -0.0007709808 0.0008717935 -0.01286893 -0.000775 0.0008328442 -0.01277613 -0.000775 0.0006794942 -0.01278587 -0.0007596713 0.0006725963 -0.01277667 -0.0007711679 0.0008040929 -0.01278587 -0.0007596713 0.0008109908 -0.01277667 -0.0007711679 0.0008226953 -0.01292771 -0.000745 0.0008377743 -0.01286893 -0.00073 0.0008267935 -0.01286893 -0.0007190193 0.0008117936 -0.01286893 -0.000715 0.0007108918 -0.01296404 -0.000745 0.0007411717 -0.01293894 -0.000715 0.0007726952 -0.01296404 -0.000745 0.0006458128 -0.01286893 -0.00073 0.0006608918 -0.01292771 -0.000745 0.0006567935 -0.01286893 -0.0007190193 0.0006717935 -0.01286893 -0.000715 0.0007994943 -0.01294587 -0.0007303288 0.0007925963 -0.01293667 -0.0007188322 0.0006840929 -0.01294587 -0.0007303288 0.0006909908 -0.01293667 -0.0007188322 0.0005717935 -0.01259893 -0.000775 0.002511794 -0.01259893 -0.000775 0.0008347414 -0.01295984 -0.000775 0.0005717935 -0.01553893 -0.000775 0.0006507428 -0.01296174 -0.000775 0.0007417935 -0.01299893 -0.000775 0.002511794 -0.01553893 -0.000775 0.0008040929 -0.012952 -0.0007596713 0.0008109908 -0.0129612 -0.0007711679 0.0006794942 -0.012952 -0.0007596713 0.0006725963 -0.0129612 -0.0007711679 0.0005717935 -0.01257295 -0.00076 0.0005717935 -0.01256893 -0.000745 0.002511794 -0.01256893 -0.000745 0.002511794 -0.01257295 -0.00076 0.0005717935 -0.01258393 -0.0007709808 0.002511794 -0.01258393 -0.0007709808 0.0005458128 -0.01553893 -0.00076 0.0005417935 -0.01553893 -0.000745 0.0005417935 -0.01259893 -0.000745 0.0005458128 -0.01259893 -0.00076 0.0005567935 -0.01553893 -0.0007709808 0.0005567935 -0.01259893 -0.0007709808 0.002511794 -0.01556491 -0.00076 0.002511794 -0.01556893 -0.000745 0.0005717935 -0.01556893 -0.000745 0.0005717935 -0.01556491 -0.00076 0.002511794 -0.01555393 -0.0007709808 0.0005717935 -0.01555393 -0.0007709808 0.002537774 -0.01259893 -0.00076 0.002541794 -0.01259893 -0.000745 0.002541794 -0.01553893 -0.000745 0.002537774 -0.01553893 -0.00076 0.002526794 -0.01259893 -0.0007709808 0.002526794 -0.01553893 -0.0007709808 0.0007424155 -0.01279893 -0.000715 0.0006840929 -0.012792 -0.0007303288 0.0006909908 -0.0128012 -0.0007188322 0.0007994943 -0.012792 -0.0007303288 0.0007925963 -0.0128012 -0.0007188322 0.0005567935 -0.01257295 -0.000745 0.0005489684 -0.01258426 -0.0007577972 0.0005458128 -0.01258393 -0.000745 0.002537774 -0.01258393 -0.000745 0.002526794 -0.01257295 -0.000745 0.002524591 -0.01258426 -0.0007678252 0.002511794 -0.01256893 -0.00023 0.002416794 -0.01256893 -0.000302 0.002416794 -0.01256893 -0.00023 0.002166794 -0.01256893 -0.000302 0.001916794 -0.01256893 -0.000302 0.002166794 -0.01256893 -0.00023 0.001916794 -0.01256893 -0.00023 0.001666794 -0.01256893 -0.000302 0.001666794 -0.01256893 -0.00023 0.001416794 -0.01256893 -0.000302 0.001416794 -0.01256893 -0.00023 0.001166794 -0.01256893 -0.000302 0.0005717935 -0.01256893 -0.00023 0.001166794 -0.01256893 -0.00023 0.0005458128 -0.01555393 -0.000745 0.0005589963 -0.0155651 -0.0007521749 0.0005567935 -0.01556491 -0.000745 0.0005417935 -0.01259893 -0.00023 0.0005417935 -0.01553893 -0.00023 0.0005717935 -0.01556893 -0.00023 0.0006667935 -0.01556893 -0.000302 0.0006667935 -0.01556893 -0.00023 0.0009167935 -0.01556893 -0.000302 0.001166794 -0.01556893 -0.000302 0.0009167935 -0.01556893 -0.00023 0.001166794 -0.01556893 -0.00023 0.001416794 -0.01556893 -0.000302 0.001666794 -0.01556893 -0.000302 0.001416794 -0.01556893 -0.00023 0.001666794 -0.01556893 -0.00023 0.001916794 -0.01556893 -0.00023 0.002166794 -0.01556893 -0.000302 0.002166794 -0.01556893 -0.00023 0.001916794 -0.01556893 -0.000302 0.002416794 -0.01556893 -0.000302 0.002511794 -0.01556893 -0.00023 0.002416794 -0.01556893 -0.00023 0.002537774 -0.01555393 -0.000745 0.002518968 -0.0155651 -0.0007577972 0.002526794 -0.01556491 -0.000745 0.002541794 -0.01553893 -0.00023 0.002541794 -0.01259893 -0.00023 0.0005567935 -0.01257295 -0.00023 0.0005458128 -0.01258393 -0.00023 0.002537774 -0.01258393 -0.00023 0.002526794 -0.01257295 -0.00023 0.001666794 -0.01257295 -0.000215 0.001416794 -0.01257295 -0.000215 0.001666794 -0.01258393 -0.0002040192 0.001416794 -0.01258393 -0.0002040192 0.001666794 -0.01259893 -0.0002 0.001416794 -0.01259893 -0.0002 0.002166794 -0.01257295 -0.000215 0.001916794 -0.01257295 -0.000215 0.002166794 -0.01258393 -0.0002040192 0.001916794 -0.01258393 -0.0002040192 0.002166794 -0.01259893 -0.0002 0.001916794 -0.01259893 -0.0002 0.002511794 -0.01257295 -0.000215 0.002416794 -0.01257295 -0.000215 0.002511794 -0.01258393 -0.0002040192 0.002416794 -0.01258393 -0.0002040192 0.002511794 -0.01259893 -0.0002 0.002416794 -0.01259893 -0.0002 0.001166794 -0.01257295 -0.000215 0.0005717935 -0.01257295 -0.000215 0.001166794 -0.01258393 -0.0002040192 0.0005717935 -0.01258393 -0.0002040192 0.001166794 -0.01259893 -0.0002 0.0005717935 -0.01259893 -0.0002 0.0005458128 -0.01555393 -0.00023 0.0005567935 -0.01556491 -0.00023 0.0005458128 -0.01259893 -0.000215 0.0005458128 -0.01553893 -0.000215 0.0005567935 -0.01259893 -0.0002040192 0.0005567935 -0.01553893 -0.0002040192 0.0005717935 -0.01553893 -0.0002 0.001916794 -0.01556491 -0.000215 0.002166794 -0.01556491 -0.000215 0.001916794 -0.01555393 -0.0002040192 0.002166794 -0.01555393 -0.0002040192 0.001916794 -0.01553893 -0.0002 0.002166794 -0.01553893 -0.0002 0.001416794 -0.01556491 -0.000215 0.001666794 -0.01556491 -0.000215 0.001416794 -0.01555393 -0.0002040192 0.001666794 -0.01555393 -0.0002040192 0.001416794 -0.01553893 -0.0002 0.001666794 -0.01553893 -0.0002 0.0009167935 -0.01556491 -0.000215 0.001166794 -0.01556491 -0.000215 0.0009167935 -0.01555393 -0.0002040192 0.001166794 -0.01555393 -0.0002040192 0.0009167935 -0.01553893 -0.0002 0.001166794 -0.01553893 -0.0002 0.0005717935 -0.01556491 -0.000215 0.0006667935 -0.01556491 -0.000215 0.0005717935 -0.01555393 -0.0002040192 0.0006667935 -0.01555393 -0.0002040192 0.0006667935 -0.01553893 -0.0002 0.002526794 -0.01556491 -0.00023 0.002537774 -0.01555393 -0.00023 0.002416794 -0.01556491 -0.000215 0.002511794 -0.01556491 -0.000215 0.002416794 -0.01555393 -0.0002040192 0.002511794 -0.01555393 -0.0002040192 0.002416794 -0.01553893 -0.0002 0.002511794 -0.01553893 -0.0002 0.002537774 -0.01553893 -0.000215 0.002537774 -0.01259893 -0.000215 0.002526794 -0.01553893 -0.0002040192 0.002526794 -0.01259893 -0.0002040192 0.0005589963 -0.01258426 -0.0002071749 0.002534619 -0.01258426 -0.0002172028 0.0005646187 -0.0155651 -0.0002172028 0.001166794 -0.01288393 -0.0002 0.00118354 -0.01294643 -0.0002 0.001666794 -0.01288393 -0.0002 0.001416794 -0.01288393 -0.0002 0.00168354 -0.01294643 -0.0002 0.001400047 -0.01294643 -0.0002 0.0007417935 -0.01396893 -0.0002 0.001729293 -0.01299219 -0.0002 0.001354294 -0.01299219 -0.0002 0.0008417935 -0.01396893 -0.0002 0.001229294 -0.01299219 -0.0002 0.001041793 -0.01396893 -0.0002 0.001791794 -0.01300893 -0.0002 0.001291794 -0.01300893 -0.0002 0.001022695 -0.01402771 -0.0002 0.0009726952 -0.01406404 -0.0002 0.0009108918 -0.01406404 -0.0002 0.0008608919 -0.01402771 -0.0002 0.001900047 -0.01294643 -0.0002 0.002166794 -0.01288393 -0.0002 0.001916794 -0.01288393 -0.0002 0.00218354 -0.01294643 -0.0002 0.001854294 -0.01299219 -0.0002 0.002229294 -0.01299219 -0.0002 0.002416794 -0.01288393 -0.0002 0.0007417935 -0.01416893 -0.0002 0.0006835404 -0.01519143 -0.0002 0.0007292935 -0.01514568 -0.0002 0.0007917935 -0.01512893 -0.0002 0.0006667935 -0.01525394 -0.0002 0.0008542935 -0.01514568 -0.0002 0.002341794 -0.01396893 -0.0002 0.002291794 -0.01300893 -0.0002 0.002354294 -0.01299219 -0.0002 0.002400047 -0.01294643 -0.0002 0.001229294 -0.01514568 -0.0002 0.0009167935 -0.01525394 -0.0002 0.00118354 -0.01519143 -0.0002 0.0009000467 -0.01519143 -0.0002 0.001166794 -0.01525394 -0.0002 0.001400047 -0.01519143 -0.0002 0.00168354 -0.01519143 -0.0002 0.001354294 -0.01514568 -0.0002 0.001729293 -0.01514568 -0.0002 0.001416794 -0.01525394 -0.0002 0.001666794 -0.01525394 -0.0002 0.001791794 -0.01512893 -0.0002 0.001854294 -0.01514568 -0.0002 0.002341794 -0.01416893 -0.0002 0.002229294 -0.01514568 -0.0002 0.001900047 -0.01519143 -0.0002 0.00218354 -0.01519143 -0.0002 0.002291794 -0.01512893 -0.0002 0.002166794 -0.01525394 -0.0002 0.001916794 -0.01525394 -0.0002 0.002354294 -0.01514568 -0.0002 0.002400047 -0.01519143 -0.0002 0.002416794 -0.01525394 -0.0002 0.001291794 -0.01512893 -0.0002 0.002524591 -0.0155651 -0.0002228252 0.004840849 -0.01343375 -0.002255 0.004899627 -0.01341465 -0.002255 0.004899627 -0.01341064 -0.00224 0.004899627 -0.01339965 -0.002229019 0.004808718 -0.01342171 -0.002225 0.004899627 -0.01338466 -0.002225 0.004769627 -0.01351465 -0.002225 0.004804521 -0.01354556 -0.002255 0.004804521 -0.01348375 -0.002255 0.004899627 -0.01361867 -0.00224 0.004899627 -0.01361465 -0.002255 0.004840849 -0.01359556 -0.002255 0.004899627 -0.01362965 -0.002229019 0.004899627 -0.01364465 -0.002225 0.004806822 -0.0136057 -0.002225 0.004816561 -0.01345235 -0.002240329 0.004807364 -0.01344546 -0.002228832 0.004816561 -0.01357695 -0.002240329 0.004807364 -0.01358385 -0.002228832 0.004958406 -0.01359556 -0.002255 0.004899627 -0.01361064 -0.00227 0.004899627 -0.01359965 -0.002280981 0.004899627 -0.01358465 -0.002285 0.004994733 -0.01348375 -0.002255 0.004969629 -0.01351403 -0.002285 0.004994733 -0.01354556 -0.002255 0.004899627 -0.01341867 -0.00227 0.004958406 -0.01343375 -0.002255 0.004899627 -0.01342965 -0.002280981 0.004899627 -0.01344465 -0.002285 0.004976561 -0.01357235 -0.002269671 0.004967364 -0.01356546 -0.002281168 0.004976561 -0.01345695 -0.002269671 0.004967364 -0.01346385 -0.002281168 0.004629627 -0.01334465 -0.002225 0.004629627 -0.01528465 -0.002225 0.004990536 -0.0136076 -0.002225 0.007569627 -0.01334465 -0.002225 0.004992432 -0.0134236 -0.002225 0.005029627 -0.01351465 -0.002225 0.007569627 -0.01528465 -0.002225 0.004982693 -0.01357695 -0.002240329 0.00499189 -0.01358385 -0.002228832 0.004982693 -0.01345235 -0.002240329 0.00499189 -0.01344546 -0.002228832 0.004603647 -0.01334465 -0.00224 0.004599627 -0.01334465 -0.002255 0.004599627 -0.01528465 -0.002255 0.004603647 -0.01528465 -0.00224 0.004614627 -0.01334465 -0.002229019 0.004614627 -0.01528465 -0.002229019 0.007569627 -0.01331867 -0.00224 0.007569627 -0.01331465 -0.002255 0.004629627 -0.01331465 -0.002255 0.004629627 -0.01331867 -0.00224 0.007569627 -0.01332965 -0.002229019 0.004629627 -0.01332965 -0.002229019 0.007595608 -0.01528465 -0.00224 0.007599628 -0.01528465 -0.002255 0.007599628 -0.01334465 -0.002255 0.007595608 -0.01334465 -0.00224 0.007584628 -0.01528465 -0.002229019 0.007584628 -0.01334465 -0.002229019 0.004629627 -0.01531064 -0.00224 0.004629627 -0.01531465 -0.002255 0.007569627 -0.01531465 -0.002255 0.007569627 -0.01531064 -0.00224 0.004629627 -0.01529965 -0.002229019 0.007569627 -0.01529965 -0.002229019 0.004829625 -0.01351528 -0.002285 0.004822693 -0.01345695 -0.002269671 0.00483189 -0.01346385 -0.002281168 0.004822693 -0.01357235 -0.002269671 0.00483189 -0.01356546 -0.002281168 0.004603647 -0.01332965 -0.002255 0.004614956 -0.01332183 -0.002242203 0.004614627 -0.01331867 -0.002255 0.004614627 -0.01531064 -0.002255 0.004603647 -0.01529965 -0.002255 0.004614956 -0.01529745 -0.002232175 0.004599627 -0.01528465 -0.00277 0.004599627 -0.01518965 -0.002698 0.004599627 -0.01518965 -0.00277 0.004599627 -0.01493965 -0.002698 0.004599627 -0.01468965 -0.002698 0.004599627 -0.01493965 -0.00277 0.004599627 -0.01468965 -0.00277 0.004599627 -0.01443965 -0.002698 0.004599627 -0.01443965 -0.00277 0.004599627 -0.01418965 -0.002698 0.004599627 -0.01418965 -0.00277 0.004599627 -0.01393965 -0.002698 0.004599627 -0.01334465 -0.00277 0.004599627 -0.01393965 -0.00277 0.007584628 -0.01331867 -0.002255 0.007595795 -0.01333186 -0.002247825 0.007595608 -0.01332965 -0.002255 0.004629627 -0.01331465 -0.00277 0.007569627 -0.01331465 -0.00277 0.007599628 -0.01334465 -0.00277 0.007599628 -0.01343965 -0.002698 0.007599628 -0.01343965 -0.00277 0.007599628 -0.01368965 -0.002698 0.007599628 -0.01393965 -0.002698 0.007599628 -0.01368965 -0.00277 0.007599628 -0.01393965 -0.00277 0.007599628 -0.01418965 -0.002698 0.007599628 -0.01443965 -0.002698 0.007599628 -0.01418965 -0.00277 0.007599628 -0.01443965 -0.00277 0.007599628 -0.01468965 -0.00277 0.007599628 -0.01493965 -0.002698 0.007599628 -0.01493965 -0.00277 0.007599628 -0.01468965 -0.002698 0.007599628 -0.01518965 -0.002698 0.007599628 -0.01528465 -0.00277 0.007599628 -0.01518965 -0.00277 0.007584628 -0.01531064 -0.002255 0.007595795 -0.01529183 -0.002242203 0.007595608 -0.01529965 -0.002255 0.007569627 -0.01531465 -0.00277 0.004629627 -0.01531465 -0.00277 0.004603647 -0.01332965 -0.00277 0.004614627 -0.01331867 -0.00277 0.004614627 -0.01531064 -0.00277 0.004603647 -0.01529965 -0.00277 0.004603647 -0.01443965 -0.002785 0.004603647 -0.01418965 -0.002785 0.004614627 -0.01443965 -0.002795981 0.004614627 -0.01418965 -0.002795981 0.004629627 -0.01443965 -0.0028 0.004629627 -0.01418965 -0.0028 0.004603647 -0.01493965 -0.002785 0.004603647 -0.01468965 -0.002785 0.004614627 -0.01493965 -0.002795981 0.004614627 -0.01468965 -0.002795981 0.004629627 -0.01493965 -0.0028 0.004629627 -0.01468965 -0.0028 0.004603647 -0.01528465 -0.002785 0.004603647 -0.01518965 -0.002785 0.004614627 -0.01528465 -0.002795981 0.004614627 -0.01518965 -0.002795981 0.004629627 -0.01528465 -0.0028 0.004629627 -0.01518965 -0.0028 0.004603647 -0.01393965 -0.002785 0.004603647 -0.01334465 -0.002785 0.004614627 -0.01393965 -0.002795981 0.004614627 -0.01334465 -0.002795981 0.004629627 -0.01393965 -0.0028 0.004629627 -0.01334465 -0.0028 0.007584628 -0.01331867 -0.00277 0.007595608 -0.01332965 -0.00277 0.004629627 -0.01331867 -0.002785 0.007569627 -0.01331867 -0.002785 0.004629627 -0.01332965 -0.002795981 0.007569627 -0.01332965 -0.002795981 0.007569627 -0.01334465 -0.0028 0.007595608 -0.01468965 -0.002785 0.007595608 -0.01493965 -0.002785 0.007584628 -0.01468965 -0.002795981 0.007584628 -0.01493965 -0.002795981 0.007569627 -0.01468965 -0.0028 0.007569627 -0.01493965 -0.0028 0.007595608 -0.01418965 -0.002785 0.007595608 -0.01443965 -0.002785 0.007584628 -0.01418965 -0.002795981 0.007584628 -0.01443965 -0.002795981 0.007569627 -0.01418965 -0.0028 0.007569627 -0.01443965 -0.0028 0.007595608 -0.01368965 -0.002785 0.007595608 -0.01393965 -0.002785 0.007584628 -0.01368965 -0.002795981 0.007584628 -0.01393965 -0.002795981 0.007569627 -0.01368965 -0.0028 0.007569627 -0.01393965 -0.0028 0.007595608 -0.01334465 -0.002785 0.007595608 -0.01343965 -0.002785 0.007584628 -0.01334465 -0.002795981 0.007584628 -0.01343965 -0.002795981 0.007569627 -0.01343965 -0.0028 0.007595608 -0.01529965 -0.00277 0.007584628 -0.01531064 -0.00277 0.007595608 -0.01518965 -0.002785 0.007595608 -0.01528465 -0.002785 0.007584628 -0.01518965 -0.002795981 0.007584628 -0.01528465 -0.002795981 0.007569627 -0.01518965 -0.0028 0.007569627 -0.01528465 -0.0028 0.007569627 -0.01531064 -0.002785 0.004629627 -0.01531064 -0.002785 0.007569627 -0.01529965 -0.002795981 0.004629627 -0.01529965 -0.002795981 0.004614956 -0.01333186 -0.002792825 0.004614956 -0.01530748 -0.002782797 0.007595795 -0.01333748 -0.002782797 0.004914627 -0.01393965 -0.0028 0.004977128 -0.0139564 -0.0028 0.004914627 -0.01443965 -0.0028 0.004914627 -0.01418965 -0.0028 0.004977128 -0.0144564 -0.0028 0.004977128 -0.01417291 -0.0028 0.005999628 -0.01351465 -0.0028 0.00502288 -0.01450215 -0.0028 0.00502288 -0.01412715 -0.0028 0.005999628 -0.01361465 -0.0028 0.00502288 -0.01400215 -0.0028 0.005999628 -0.01381465 -0.0028 0.005039627 -0.01456465 -0.0028 0.005039627 -0.01406465 -0.0028 0.006058406 -0.01379556 -0.0028 0.006094733 -0.01374556 -0.0028 0.006094733 -0.01368375 -0.0028 0.006058406 -0.01363375 -0.0028 0.004977128 -0.01467291 -0.0028 0.004914627 -0.01493965 -0.0028 0.004914627 -0.01468965 -0.0028 0.004977128 -0.0149564 -0.0028 0.00502288 -0.01462715 -0.0028 0.00502288 -0.01500215 -0.0028 0.004914627 -0.01518965 -0.0028 0.006199627 -0.01351465 -0.0028 0.007222127 -0.0134564 -0.0028 0.007176374 -0.01350215 -0.0028 0.007159628 -0.01356465 -0.0028 0.007284627 -0.01343965 -0.0028 0.007176374 -0.01362715 -0.0028 0.005999628 -0.01511465 -0.0028 0.005039627 -0.01506465 -0.0028 0.00502288 -0.01512715 -0.0028 0.004977128 -0.01517291 -0.0028 0.007176374 -0.01400215 -0.0028 0.007284627 -0.01368965 -0.0028 0.007222127 -0.0139564 -0.0028 0.007222127 -0.01367291 -0.0028 0.007284627 -0.01393965 -0.0028 0.007222127 -0.01417291 -0.0028 0.007222127 -0.0144564 -0.0028 0.007176374 -0.01412715 -0.0028 0.007176374 -0.01450215 -0.0028 0.007284627 -0.01418965 -0.0028 0.007284627 -0.01443965 -0.0028 0.007159628 -0.01456465 -0.0028 0.007176374 -0.01462715 -0.0028 0.006199627 -0.01511465 -0.0028 0.007176374 -0.01500215 -0.0028 0.007222127 -0.01467291 -0.0028 0.007222127 -0.0149564 -0.0028 0.007159628 -0.01506465 -0.0028 0.007284627 -0.01493965 -0.0028 0.007284627 -0.01468965 -0.0028 0.007176374 -0.01512715 -0.0028 0.007222127 -0.01517291 -0.0028 0.007284627 -0.01518965 -0.0028 0.007159628 -0.01406465 -0.0028 0.007595795 -0.01529745 -0.002777175 0.004377459 -0.01544984 -0.000745 0.004436238 -0.01546893 -0.000745 0.004436238 -0.01547295 -0.00076 0.004436238 -0.01548393 -0.0007709808 0.004345329 -0.01546188 -0.000775 0.004436238 -0.01549893 -0.000775 0.004306237 -0.01536893 -0.000775 0.004341132 -0.01533803 -0.000745 0.004341132 -0.01539984 -0.000745 0.004436238 -0.01526492 -0.00076 0.004436238 -0.01526893 -0.000745 0.004377459 -0.01528803 -0.000745 0.004436238 -0.01525394 -0.0007709808 0.004436238 -0.01523893 -0.000775 0.004343432 -0.01527788 -0.000775 0.004353172 -0.01543123 -0.0007596713 0.004343974 -0.01543813 -0.0007711679 0.004353172 -0.01530663 -0.0007596713 0.004343974 -0.01529974 -0.0007711679 0.004495016 -0.01528803 -0.000745 0.004436238 -0.01527295 -0.00073 0.004436238 -0.01528393 -0.0007190193 0.004436238 -0.01529893 -0.000715 0.004531343 -0.01539984 -0.000745 0.00450624 -0.01536956 -0.000715 0.004531343 -0.01533803 -0.000745 0.004436238 -0.01546491 -0.00073 0.004495016 -0.01544984 -0.000745 0.004436238 -0.01545393 -0.0007190193 0.004436238 -0.01543893 -0.000715 0.004513172 -0.01531123 -0.0007303288 0.004503974 -0.01531813 -0.0007188322 0.004513172 -0.01542663 -0.0007303288 0.004503974 -0.01541974 -0.0007188322 0.004166238 -0.01553893 -0.000775 0.004166238 -0.01359893 -0.000775 0.004527146 -0.01527599 -0.000775 0.007106238 -0.01553893 -0.000775 0.004529043 -0.01545998 -0.000775 0.004566237 -0.01536893 -0.000775 0.007106238 -0.01359893 -0.000775 0.004519303 -0.01530663 -0.0007596713 0.0045285 -0.01529974 -0.0007711679 0.004519303 -0.01543123 -0.0007596713 0.0045285 -0.01543813 -0.0007711679 0.004140256 -0.01553893 -0.00076 0.004136237 -0.01553893 -0.000745 0.004136237 -0.01359893 -0.000745 0.004140256 -0.01359893 -0.00076 0.004151237 -0.01553893 -0.0007709808 0.004151237 -0.01359893 -0.0007709808 0.007106238 -0.01556491 -0.00076 0.007106238 -0.01556893 -0.000745 0.004166238 -0.01556893 -0.000745 0.004166238 -0.01556491 -0.00076 0.007106238 -0.01555393 -0.0007709808 0.004166238 -0.01555393 -0.0007709808 0.007132218 -0.01359893 -0.00076 0.007136237 -0.01359893 -0.000745 0.007136237 -0.01553893 -0.000745 0.007132218 -0.01553893 -0.00076 0.007121237 -0.01359893 -0.0007709808 0.007121237 -0.01553893 -0.0007709808 0.004166238 -0.01357295 -0.00076 0.004166238 -0.01356893 -0.000745 0.007106238 -0.01356893 -0.000745 0.007106238 -0.01357295 -0.00076 0.004166238 -0.01358393 -0.0007709808 0.007106238 -0.01358393 -0.0007709808 0.004366235 -0.01536831 -0.000715 0.004359303 -0.01542663 -0.0007303288 0.0043685 -0.01541974 -0.0007188322 0.004359303 -0.01531123 -0.0007303288 0.0043685 -0.01531813 -0.0007188322 0.004140256 -0.01555393 -0.000745 0.004151566 -0.01556176 -0.0007577972 0.004151237 -0.01556491 -0.000745 0.004151237 -0.01357295 -0.000745 0.004140256 -0.01358393 -0.000745 0.004151566 -0.01358614 -0.0007678252 0.004136237 -0.01359893 -0.00023 0.004136237 -0.01369393 -0.000302 0.004136237 -0.01369393 -0.00023 0.004136237 -0.01394393 -0.000302 0.004136237 -0.01419393 -0.000302 0.004136237 -0.01394393 -0.00023 0.004136237 -0.01419393 -0.00023 0.004136237 -0.01444393 -0.000302 0.004136237 -0.01444393 -0.00023 0.004136237 -0.01469393 -0.000302 0.004136237 -0.01469393 -0.00023 0.004136237 -0.01494393 -0.000302 0.004136237 -0.01553893 -0.00023 0.004136237 -0.01494393 -0.00023 0.007121237 -0.01556491 -0.000745 0.007132405 -0.01555173 -0.0007521749 0.007132218 -0.01555393 -0.000745 0.004166238 -0.01556893 -0.00023 0.007106238 -0.01556893 -0.00023 0.007136237 -0.01553893 -0.00023 0.007136237 -0.01544393 -0.000302 0.007136237 -0.01544393 -0.00023 0.007136237 -0.01519393 -0.000302 0.007136237 -0.01494393 -0.000302 0.007136237 -0.01519393 -0.00023 0.007136237 -0.01494393 -0.00023 0.007136237 -0.01469393 -0.000302 0.007136237 -0.01444393 -0.000302 0.007136237 -0.01469393 -0.00023 0.007136237 -0.01444393 -0.00023 0.007136237 -0.01419393 -0.00023 0.007136237 -0.01394393 -0.000302 0.007136237 -0.01394393 -0.00023 0.007136237 -0.01419393 -0.000302 0.007136237 -0.01369393 -0.000302 0.007136237 -0.01359893 -0.00023 0.007136237 -0.01369393 -0.00023 0.007121237 -0.01357295 -0.000745 0.007132405 -0.01359176 -0.0007577972 0.007132218 -0.01358393 -0.000745 0.007106238 -0.01356893 -0.00023 0.004166238 -0.01356893 -0.00023 0.004140256 -0.01555393 -0.00023 0.004151237 -0.01556491 -0.00023 0.004151237 -0.01357295 -0.00023 0.004140256 -0.01358393 -0.00023 0.004140256 -0.01444393 -0.000215 0.004140256 -0.01469393 -0.000215 0.004151237 -0.01444393 -0.0002040192 0.004151237 -0.01469393 -0.0002040192 0.004166238 -0.01444393 -0.0002 0.004166238 -0.01469393 -0.0002 0.004140256 -0.01394393 -0.000215 0.004140256 -0.01419393 -0.000215 0.004151237 -0.01394393 -0.0002040192 0.004151237 -0.01419393 -0.0002040192 0.004166238 -0.01394393 -0.0002 0.004166238 -0.01419393 -0.0002 0.004140256 -0.01359893 -0.000215 0.004140256 -0.01369393 -0.000215 0.004151237 -0.01359893 -0.0002040192 0.004151237 -0.01369393 -0.0002040192 0.004166238 -0.01359893 -0.0002 0.004166238 -0.01369393 -0.0002 0.004140256 -0.01494393 -0.000215 0.004140256 -0.01553893 -0.000215 0.004151237 -0.01494393 -0.0002040192 0.004151237 -0.01553893 -0.0002040192 0.004166238 -0.01494393 -0.0002 0.004166238 -0.01553893 -0.0002 0.007121237 -0.01556491 -0.00023 0.007132218 -0.01555393 -0.00023 0.004166238 -0.01556491 -0.000215 0.007106238 -0.01556491 -0.000215 0.004166238 -0.01555393 -0.0002040192 0.007106238 -0.01555393 -0.0002040192 0.007106238 -0.01553893 -0.0002 0.007132218 -0.01419393 -0.000215 0.007132218 -0.01394393 -0.000215 0.007121237 -0.01419393 -0.0002040192 0.007121237 -0.01394393 -0.0002040192 0.007106238 -0.01419393 -0.0002 0.007106238 -0.01394393 -0.0002 0.007132218 -0.01469393 -0.000215 0.007132218 -0.01444393 -0.000215 0.007121237 -0.01469393 -0.0002040192 0.007121237 -0.01444393 -0.0002040192 0.007106238 -0.01469393 -0.0002 0.007106238 -0.01444393 -0.0002 0.007132218 -0.01519393 -0.000215 0.007132218 -0.01494393 -0.000215 0.007121237 -0.01519393 -0.0002040192 0.007121237 -0.01494393 -0.0002040192 0.007106238 -0.01519393 -0.0002 0.007106238 -0.01494393 -0.0002 0.007132218 -0.01553893 -0.000215 0.007132218 -0.01544393 -0.000215 0.007121237 -0.01553893 -0.0002040192 0.007121237 -0.01544393 -0.0002040192 0.007106238 -0.01544393 -0.0002 0.007132218 -0.01358393 -0.00023 0.007121237 -0.01357295 -0.00023 0.007132218 -0.01369393 -0.000215 0.007132218 -0.01359893 -0.000215 0.007121237 -0.01369393 -0.0002040192 0.007121237 -0.01359893 -0.0002040192 0.007106238 -0.01369393 -0.0002 0.007106238 -0.01359893 -0.0002 0.007106238 -0.01357295 -0.000215 0.004166238 -0.01357295 -0.000215 0.007106238 -0.01358393 -0.0002040192 0.004166238 -0.01358393 -0.0002040192 0.004151566 -0.01555173 -0.0002071749 0.004151566 -0.01357611 -0.0002172028 0.007132405 -0.01554611 -0.0002172028 0.004451238 -0.01494393 -0.0002 0.004513737 -0.01492719 -0.0002 0.004451238 -0.01444393 -0.0002 0.004451238 -0.01469393 -0.0002 0.004513737 -0.01442719 -0.0002 0.004513737 -0.01471068 -0.0002 0.005536238 -0.01536893 -0.0002 0.00455949 -0.01438143 -0.0002 0.00455949 -0.01475643 -0.0002 0.005536238 -0.01526893 -0.0002 0.00455949 -0.01488143 -0.0002 0.005536238 -0.01506893 -0.0002 0.004576237 -0.01431893 -0.0002 0.004576237 -0.01481893 -0.0002 0.005595016 -0.01508803 -0.0002 0.005631343 -0.01513803 -0.0002 0.005631343 -0.01519984 -0.0002 0.005595016 -0.01524984 -0.0002 0.004513737 -0.01421068 -0.0002 0.004451238 -0.01394393 -0.0002 0.004451238 -0.01419393 -0.0002 0.004513737 -0.01392719 -0.0002 0.00455949 -0.01425643 -0.0002 0.00455949 -0.01388143 -0.0002 0.004451238 -0.01369393 -0.0002 0.005736237 -0.01536893 -0.0002 0.006758737 -0.01542719 -0.0002 0.006712984 -0.01538143 -0.0002 0.006696237 -0.01531893 -0.0002 0.006821238 -0.01544393 -0.0002 0.006712984 -0.01525643 -0.0002 0.005536238 -0.01376893 -0.0002 0.004576237 -0.01381893 -0.0002 0.00455949 -0.01375643 -0.0002 0.004513737 -0.01371068 -0.0002 0.006712984 -0.01488143 -0.0002 0.006821238 -0.01519393 -0.0002 0.006758737 -0.01492719 -0.0002 0.006758737 -0.01521068 -0.0002 0.006821238 -0.01494393 -0.0002 0.006758737 -0.01471068 -0.0002 0.006758737 -0.01442719 -0.0002 0.006712984 -0.01475643 -0.0002 0.006712984 -0.01438143 -0.0002 0.006821238 -0.01469393 -0.0002 0.006821238 -0.01444393 -0.0002 0.006696237 -0.01431893 -0.0002 0.006712984 -0.01425643 -0.0002 0.005736237 -0.01376893 -0.0002 0.006712984 -0.01388143 -0.0002 0.006758737 -0.01421068 -0.0002 0.006758737 -0.01392719 -0.0002 0.006696237 -0.01381893 -0.0002 0.006821238 -0.01394393 -0.0002 0.006821238 -0.01419393 -0.0002 0.006712984 -0.01375643 -0.0002 0.006758737 -0.01371068 -0.0002 0.006821238 -0.01369393 -0.0002 0.006696237 -0.01481893 -0.0002 0.007132405 -0.01358614 -0.0002228252 0.008988163 -0.01281016 -0.000745 0.008969065 -0.01286893 -0.000745 0.008965046 -0.01286893 -0.00076 0.008954065 -0.01286893 -0.0007709808 0.008976118 -0.01277803 -0.000775 0.008939065 -0.01286893 -0.000775 0.009069066 -0.01273893 -0.000775 0.009099967 -0.01277383 -0.000745 0.009038163 -0.01277383 -0.000745 0.009173085 -0.01286893 -0.00076 0.009169065 -0.01286893 -0.000745 0.009149967 -0.01281016 -0.000745 0.009184065 -0.01286893 -0.0007709808 0.009199065 -0.01286893 -0.000775 0.009160115 -0.01277613 -0.000775 0.009006766 -0.01278587 -0.0007596713 0.008999868 -0.01277667 -0.0007711679 0.009131365 -0.01278587 -0.0007596713 0.009138262 -0.01277667 -0.0007711679 0.009149967 -0.01292771 -0.000745 0.009165046 -0.01286893 -0.00073 0.009154066 -0.01286893 -0.0007190193 0.009139066 -0.01286893 -0.000715 0.009038163 -0.01296404 -0.000745 0.009068443 -0.01293894 -0.000715 0.009099967 -0.01296404 -0.000745 0.008973083 -0.01286893 -0.00073 0.008988163 -0.01292771 -0.000745 0.008984066 -0.01286893 -0.0007190193 0.008999065 -0.01286893 -0.000715 0.009126766 -0.01294587 -0.0007303288 0.009119867 -0.01293667 -0.0007188322 0.009011365 -0.01294587 -0.0007303288 0.009018262 -0.01293667 -0.0007188322 0.008899066 -0.01259893 -0.000775 0.01083907 -0.01259893 -0.000775 0.009162013 -0.01295984 -0.000775 0.008899066 -0.01553893 -0.000775 0.008978015 -0.01296174 -0.000775 0.009069066 -0.01299893 -0.000775 0.01083907 -0.01553893 -0.000775 0.009131365 -0.012952 -0.0007596713 0.009138262 -0.0129612 -0.0007711679 0.009006766 -0.012952 -0.0007596713 0.008999868 -0.0129612 -0.0007711679 0.008899066 -0.01257295 -0.00076 0.008899066 -0.01256893 -0.000745 0.01083907 -0.01256893 -0.000745 0.01083907 -0.01257295 -0.00076 0.008899066 -0.01258393 -0.0007709808 0.01083907 -0.01258393 -0.0007709808 0.008873085 -0.01553893 -0.00076 0.008869065 -0.01553893 -0.000745 0.008869065 -0.01259893 -0.000745 0.008873085 -0.01259893 -0.00076 0.008884065 -0.01553893 -0.0007709808 0.008884065 -0.01259893 -0.0007709808 0.01083907 -0.01556491 -0.00076 0.01083907 -0.01556893 -0.000745 0.008899066 -0.01556893 -0.000745 0.008899066 -0.01556491 -0.00076 0.01083907 -0.01555393 -0.0007709808 0.008899066 -0.01555393 -0.0007709808 0.01086505 -0.01259893 -0.00076 0.01086907 -0.01259893 -0.000745 0.01086907 -0.01553893 -0.000745 0.01086505 -0.01553893 -0.00076 0.01085407 -0.01259893 -0.0007709808 0.01085407 -0.01553893 -0.0007709808 0.009069688 -0.01279893 -0.000715 0.009011365 -0.012792 -0.0007303288 0.009018262 -0.0128012 -0.0007188322 0.009126766 -0.012792 -0.0007303288 0.009119867 -0.0128012 -0.0007188322 0.008884065 -0.01257295 -0.000745 0.00887624 -0.01258426 -0.0007577972 0.008873085 -0.01258393 -0.000745 0.01086505 -0.01258393 -0.000745 0.01085407 -0.01257295 -0.000745 0.01085186 -0.01258426 -0.0007678252 0.01083907 -0.01256893 -0.00023 0.01074407 -0.01256893 -0.000302 0.01074407 -0.01256893 -0.00023 0.01049406 -0.01256893 -0.000302 0.01024406 -0.01256893 -0.000302 0.01049406 -0.01256893 -0.00023 0.01024406 -0.01256893 -0.00023 0.009994064 -0.01256893 -0.000302 0.009994064 -0.01256893 -0.00023 0.009744065 -0.01256893 -0.000302 0.009744065 -0.01256893 -0.00023 0.009494064 -0.01256893 -0.000302 0.008899066 -0.01256893 -0.00023 0.009494064 -0.01256893 -0.00023 0.008873085 -0.01555393 -0.000745 0.008886268 -0.0155651 -0.0007521749 0.008884065 -0.01556491 -0.000745 0.008869065 -0.01259893 -0.00023 0.008869065 -0.01553893 -0.00023 0.008899066 -0.01556893 -0.00023 0.008994064 -0.01556893 -0.000302 0.008994064 -0.01556893 -0.00023 0.009244065 -0.01556893 -0.000302 0.009494064 -0.01556893 -0.000302 0.009244065 -0.01556893 -0.00023 0.009494064 -0.01556893 -0.00023 0.009744065 -0.01556893 -0.000302 0.009994064 -0.01556893 -0.000302 0.009744065 -0.01556893 -0.00023 0.009994064 -0.01556893 -0.00023 0.01024406 -0.01556893 -0.00023 0.01049406 -0.01556893 -0.000302 0.01049406 -0.01556893 -0.00023 0.01024406 -0.01556893 -0.000302 0.01074407 -0.01556893 -0.000302 0.01083907 -0.01556893 -0.00023 0.01074407 -0.01556893 -0.00023 0.01086505 -0.01555393 -0.000745 0.01084624 -0.0155651 -0.0007577972 0.01085407 -0.01556491 -0.000745 0.01086907 -0.01553893 -0.00023 0.01086907 -0.01259893 -0.00023 0.008884065 -0.01257295 -0.00023 0.008873085 -0.01258393 -0.00023 0.01086505 -0.01258393 -0.00023 0.01085407 -0.01257295 -0.00023 0.009994064 -0.01257295 -0.000215 0.009744065 -0.01257295 -0.000215 0.009994064 -0.01258393 -0.0002040192 0.009744065 -0.01258393 -0.0002040192 0.009994064 -0.01259893 -0.0002 0.009744065 -0.01259893 -0.0002 0.01049406 -0.01257295 -0.000215 0.01024406 -0.01257295 -0.000215 0.01049406 -0.01258393 -0.0002040192 0.01024406 -0.01258393 -0.0002040192 0.01049406 -0.01259893 -0.0002 0.01024406 -0.01259893 -0.0002 0.01083907 -0.01257295 -0.000215 0.01074407 -0.01257295 -0.000215 0.01083907 -0.01258393 -0.0002040192 0.01074407 -0.01258393 -0.0002040192 0.01083907 -0.01259893 -0.0002 0.01074407 -0.01259893 -0.0002 0.009494064 -0.01257295 -0.000215 0.008899066 -0.01257295 -0.000215 0.009494064 -0.01258393 -0.0002040192 0.008899066 -0.01258393 -0.0002040192 0.009494064 -0.01259893 -0.0002 0.008899066 -0.01259893 -0.0002 0.008873085 -0.01555393 -0.00023 0.008884065 -0.01556491 -0.00023 0.008873085 -0.01259893 -0.000215 0.008873085 -0.01553893 -0.000215 0.008884065 -0.01259893 -0.0002040192 0.008884065 -0.01553893 -0.0002040192 0.008899066 -0.01553893 -0.0002 0.01024406 -0.01556491 -0.000215 0.01049406 -0.01556491 -0.000215 0.01024406 -0.01555393 -0.0002040192 0.01049406 -0.01555393 -0.0002040192 0.01024406 -0.01553893 -0.0002 0.01049406 -0.01553893 -0.0002 0.009744065 -0.01556491 -0.000215 0.009994064 -0.01556491 -0.000215 0.009744065 -0.01555393 -0.0002040192 0.009994064 -0.01555393 -0.0002040192 0.009744065 -0.01553893 -0.0002 0.009994064 -0.01553893 -0.0002 0.009244065 -0.01556491 -0.000215 0.009494064 -0.01556491 -0.000215 0.009244065 -0.01555393 -0.0002040192 0.009494064 -0.01555393 -0.0002040192 0.009244065 -0.01553893 -0.0002 0.009494064 -0.01553893 -0.0002 0.008899066 -0.01556491 -0.000215 0.008994064 -0.01556491 -0.000215 0.008899066 -0.01555393 -0.0002040192 0.008994064 -0.01555393 -0.0002040192 0.008994064 -0.01553893 -0.0002 0.01085407 -0.01556491 -0.00023 0.01086505 -0.01555393 -0.00023 0.01074407 -0.01556491 -0.000215 0.01083907 -0.01556491 -0.000215 0.01074407 -0.01555393 -0.0002040192 0.01083907 -0.01555393 -0.0002040192 0.01074407 -0.01553893 -0.0002 0.01083907 -0.01553893 -0.0002 0.01086505 -0.01553893 -0.000215 0.01086505 -0.01259893 -0.000215 0.01085407 -0.01553893 -0.0002040192 0.01085407 -0.01259893 -0.0002040192 0.008886268 -0.01258426 -0.0002071749 0.01086189 -0.01258426 -0.0002172028 0.00889189 -0.0155651 -0.0002172028 0.009494064 -0.01288393 -0.0002 0.009510812 -0.01294643 -0.0002 0.009994064 -0.01288393 -0.0002 0.009744065 -0.01288393 -0.0002 0.01001081 -0.01294643 -0.0002 0.009727318 -0.01294643 -0.0002 0.009069066 -0.01396893 -0.0002 0.01005656 -0.01299219 -0.0002 0.009681565 -0.01299219 -0.0002 0.009169065 -0.01396893 -0.0002 0.009556565 -0.01299219 -0.0002 0.009369065 -0.01396893 -0.0002 0.01011906 -0.01300893 -0.0002 0.009619065 -0.01300893 -0.0002 0.009349966 -0.01402771 -0.0002 0.009299967 -0.01406404 -0.0002 0.009238163 -0.01406404 -0.0002 0.009188163 -0.01402771 -0.0002 0.01022732 -0.01294643 -0.0002 0.01049406 -0.01288393 -0.0002 0.01024406 -0.01288393 -0.0002 0.01051081 -0.01294643 -0.0002 0.01018156 -0.01299219 -0.0002 0.01055656 -0.01299219 -0.0002 0.01074407 -0.01288393 -0.0002 0.009069066 -0.01416893 -0.0002 0.009010812 -0.01519143 -0.0002 0.009056564 -0.01514568 -0.0002 0.009119065 -0.01512893 -0.0002 0.008994064 -0.01525394 -0.0002 0.009181565 -0.01514568 -0.0002 0.01066906 -0.01396893 -0.0002 0.01061906 -0.01300893 -0.0002 0.01068156 -0.01299219 -0.0002 0.01072732 -0.01294643 -0.0002 0.009556565 -0.01514568 -0.0002 0.009244065 -0.01525394 -0.0002 0.009510812 -0.01519143 -0.0002 0.009227319 -0.01519143 -0.0002 0.009494064 -0.01525394 -0.0002 0.009727318 -0.01519143 -0.0002 0.01001081 -0.01519143 -0.0002 0.009681565 -0.01514568 -0.0002 0.01005656 -0.01514568 -0.0002 0.009744065 -0.01525394 -0.0002 0.009994064 -0.01525394 -0.0002 0.01011906 -0.01512893 -0.0002 0.01018156 -0.01514568 -0.0002 0.01066906 -0.01416893 -0.0002 0.01055656 -0.01514568 -0.0002 0.01022732 -0.01519143 -0.0002 0.01051081 -0.01519143 -0.0002 0.01061906 -0.01512893 -0.0002 0.01049406 -0.01525394 -0.0002 0.01024406 -0.01525394 -0.0002 0.01068156 -0.01514568 -0.0002 0.01072732 -0.01519143 -0.0002 0.01074407 -0.01525394 -0.0002 0.009619065 -0.01512893 -0.0002 0.01085186 -0.0155651 -0.0002228252</float_array>
          <technique_common>
            <accessor count="1530" source="#pos_8-array" stride="3"><param type="float" name="X"/><param type="float" name="Y"/><param type="float" name="Z"/></accessor></technique_common>
        </source>
        <vertices id="vert_8">
          <input semantic="POSITION" source="#pos_8"/>
        </vertices>
        <triangles count="2358" material="mat_9">
          <input semantic="VERTEX" source="#vert_8" offset="0"/>
          <p>0 1 2 0 2 3 4 3 5 4 0 3 6 7 8 9 10 11 12 9 11 13 11 14 13 12 11 15 8 0 16 4 6 16 0 4 16 15 0 16 6 8 16 8 15 17 11 7 18 6 14 18 11 17 18 7 6 18 14 11 18 17 7 10 19 20 20 19 21 21 19 22 23 24 25 1 26 27 26 28 27 28 29 27 25 30 19 22 31 24 19 31 22 24 31 25 25 31 30 30 31 19 27 32 23 24 33 29 27 33 32 32 33 23 23 33 24 29 33 27 6 4 34 5 34 4 14 6 34 35 36 13 35 13 14 35 14 34 37 5 38 37 38 39 37 39 36 40 36 35 40 37 36 37 34 5 19 10 9 19 9 12 36 12 13 36 19 12 39 23 25 2 1 27 3 2 27 5 27 38 5 3 27 41 25 19 42 36 39 42 19 36 42 39 25 42 25 41 42 41 19 43 27 23 44 39 38 44 43 23 44 23 39 44 27 43 44 38 27 45 46 47 45 47 48 49 48 50 49 45 48 34 50 35 34 49 50 51 52 53 51 53 54 55 54 56 55 51 54 37 56 34 37 55 56 57 58 59 57 59 60 61 60 62 61 57 60 40 62 37 40 61 62 63 64 65 63 65 66 67 66 68 67 63 66 35 68 40 35 67 68 1 0 26 26 0 28 28 0 29 7 69 8 10 20 11 20 21 11 21 22 11 8 70 0 29 71 69 0 71 29 69 71 8 70 71 0 8 71 70 11 72 7 69 73 22 11 73 72 72 73 7 7 73 69 22 73 11 49 34 56 46 45 74 75 45 49 75 54 53 75 56 54 75 53 76 75 76 74 75 49 56 75 74 45 77 64 63 47 78 48 79 67 35 79 63 67 79 50 48 79 35 50 79 78 77 79 77 63 79 48 78 80 81 82 81 47 83 80 47 81 83 84 85 85 84 86 47 84 83 47 87 84 88 89 90 87 89 88 91 92 93 89 46 91 91 46 92 47 46 87 87 46 89 51 94 52 55 62 94 55 94 51 37 62 55 95 60 59 95 62 60 95 59 96 95 96 94 95 94 62 53 52 97 97 52 98 99 100 101 100 59 102 99 59 100 102 103 104 104 103 105 59 103 102 59 106 103 106 107 108 108 107 109 110 111 112 113 111 110 114 115 116 111 58 114 107 58 113 113 58 111 114 58 115 59 58 106 106 58 107 68 61 40 66 117 61 66 61 68 65 117 66 118 117 119 118 119 58 118 57 61 118 58 57 118 61 117 65 64 120 120 64 121 22 29 69 22 24 29 122 92 46 122 46 74 123 74 76 123 122 74 97 76 53 97 123 76 124 121 64 124 64 77 125 77 78 125 124 77 80 78 47 80 125 78 126 88 90 126 90 127 128 127 129 128 126 127 130 129 131 130 128 129 132 85 86 132 86 133 134 133 135 134 132 133 136 135 137 136 134 135 138 80 82 138 82 139 140 139 141 140 138 139 142 141 143 142 140 141 144 93 92 144 92 145 146 145 147 146 144 145 148 147 149 148 146 147 150 98 52 150 52 94 151 94 96 151 150 94 99 96 59 99 151 96 152 97 98 152 98 153 154 153 155 154 152 153 149 155 156 149 154 155 157 110 112 157 112 158 159 158 160 159 157 158 161 160 162 161 159 160 163 108 109 163 109 164 165 164 166 165 163 164 167 166 168 167 165 166 169 104 105 169 105 170 171 170 172 171 169 170 173 172 174 173 171 172 175 99 101 175 101 176 177 176 178 177 175 176 156 178 179 156 177 178 180 115 58 180 58 119 181 119 117 181 180 119 120 117 65 120 181 117 182 116 115 182 115 183 184 183 185 184 182 183 186 185 187 186 184 185 188 120 121 188 121 189 190 189 191 190 188 189 187 191 142 187 190 191 123 97 152 92 122 145 192 122 123 192 154 149 192 152 154 192 147 145 192 149 147 192 123 152 192 145 122 140 142 191 80 138 125 193 124 125 193 121 124 193 138 140 193 189 121 193 191 189 193 140 191 193 125 138 155 177 156 153 150 177 153 177 155 98 150 153 194 151 99 194 150 151 194 175 177 194 99 175 194 177 150 149 195 148 149 196 195 131 197 130 198 197 131 198 199 197 200 199 198 149 201 196 200 202 199 203 202 200 196 204 205 201 204 196 202 206 207 203 206 202 204 206 205 205 206 208 208 206 203 204 209 206 210 209 211 211 209 212 212 209 204 213 214 215 215 214 137 137 214 136 213 216 214 217 218 213 213 218 216 143 219 142 220 221 222 222 223 220 220 224 221 223 225 220 220 156 224 156 179 224 207 226 217 218 226 227 227 226 228 228 226 229 229 226 219 219 226 142 217 226 218 206 226 207 225 230 220 231 232 233 233 232 225 225 232 230 231 234 232 173 174 231 231 174 234 235 236 237 237 236 238 239 240 235 235 240 236 241 242 243 167 168 239 239 168 240 242 244 243 245 244 242 245 246 244 244 247 243 245 248 246 249 248 245 247 250 243 250 251 243 251 252 243 249 162 248 161 162 249 186 187 252 252 187 243 187 142 243 243 142 226 149 156 201 201 156 220 243 220 241 241 220 238 238 220 237 237 220 253 253 220 230 188 181 120 190 185 181 190 181 188 187 185 190 254 180 181 254 115 180 254 183 115 254 185 183 254 181 185 255 256 257 255 257 258 259 258 260 259 255 258 261 262 263 264 265 266 267 264 266 268 266 269 268 267 266 270 263 255 271 259 261 271 255 259 271 270 255 271 261 263 271 263 270 272 266 262 273 261 269 273 266 272 273 262 261 273 269 266 273 272 262 265 274 275 275 274 276 276 274 277 278 279 280 256 281 282 281 283 282 283 284 282 280 285 274 277 286 279 274 286 277 279 286 280 280 286 285 285 286 274 282 287 278 279 288 284 282 288 287 287 288 278 278 288 279 284 288 282 261 259 289 260 289 259 269 261 289 290 291 268 290 268 269 290 269 289 292 260 293 292 293 294 292 294 291 295 291 290 295 292 291 292 289 260 274 265 264 274 264 267 291 267 268 291 274 267 294 278 280 257 256 282 258 257 282 260 282 293 260 258 282 296 280 274 297 291 294 297 274 291 297 294 280 297 280 296 297 296 274 298 282 278 299 294 293 299 298 278 299 278 294 299 282 298 299 293 282 300 301 302 300 302 303 304 303 305 304 300 303 289 305 290 289 304 305 306 307 308 306 308 309 310 309 311 310 306 309 292 311 289 292 310 311 312 313 314 312 314 315 316 315 317 316 312 315 295 317 292 295 316 317 318 319 320 318 320 321 322 321 323 322 318 321 290 323 295 290 322 323 256 255 281 281 255 283 283 255 284 262 324 263 265 275 266 275 276 266 276 277 266 263 325 255 284 326 324 255 326 284 324 326 263 325 326 255 263 326 325 266 327 262 324 328 277 266 328 327 327 328 262 262 328 324 277 328 266 304 289 311 301 300 329 330 300 304 330 309 308 330 311 309 330 308 331 330 331 329 330 304 311 330 329 300 332 319 318 302 333 303 334 322 290 334 318 322 334 305 303 334 290 305 334 333 332 334 332 318 334 303 333 335 336 337 336 302 338 335 302 336 338 339 340 340 339 341 302 339 338 302 342 339 343 344 345 342 344 343 346 347 348 344 301 346 346 301 347 302 301 342 342 301 344 306 349 307 310 317 349 310 349 306 292 317 310 350 315 314 350 317 315 350 314 351 350 351 349 350 349 317 308 307 352 352 307 353 354 355 356 355 314 357 354 314 355 357 358 359 359 358 360 314 358 357 314 361 358 361 362 363 363 362 364 365 366 367 368 366 365 369 370 371 366 313 369 362 313 368 368 313 366 369 313 370 314 313 361 361 313 362 323 316 295 321 372 316 321 316 323 320 372 321 373 372 374 373 374 313 373 312 316 373 313 312 373 316 372 320 319 375 375 319 376 277 284 324 277 279 284 377 347 301 377 301 329 378 329 331 378 377 329 352 331 308 352 378 331 379 376 319 379 319 332 380 332 333 380 379 332 335 333 302 335 380 333 381 343 345 381 345 382 383 382 384 383 381 382 385 384 386 385 383 384 387 340 341 387 341 388 389 388 390 389 387 388 391 390 392 391 389 390 393 335 337 393 337 394 395 394 396 395 393 394 397 396 398 397 395 396 399 348 347 399 347 400 401 400 402 401 399 400 403 402 404 403 401 402 405 353 307 405 307 349 406 349 351 406 405 349 354 351 314 354 406 351 407 352 353 407 353 408 409 408 410 409 407 408 404 410 411 404 409 410 412 365 367 412 367 413 414 413 415 414 412 413 416 415 417 416 414 415 418 363 364 418 364 419 420 419 421 420 418 419 422 421 423 422 420 421 424 359 360 424 360 425 426 425 427 426 424 425 428 427 429 428 426 427 430 354 356 430 356 431 432 431 433 432 430 431 411 433 434 411 432 433 435 370 313 435 313 374 436 374 372 436 435 374 375 372 320 375 436 372 437 371 370 437 370 438 439 438 440 439 437 438 441 440 442 441 439 440 443 375 376 443 376 444 445 444 446 445 443 444 442 446 397 442 445 446 378 352 407 347 377 400 447 377 378 447 409 404 447 407 409 447 402 400 447 404 402 447 378 407 447 400 377 395 397 446 335 393 380 448 379 380 448 376 379 448 393 395 448 444 376 448 446 444 448 395 446 448 380 393 410 432 411 408 405 432 408 432 410 353 405 408 449 406 354 449 405 406 449 430 432 449 354 430 449 432 405 404 450 403 404 451 450 386 452 385 453 452 386 453 454 452 455 454 453 404 456 451 455 457 454 458 457 455 451 459 460 456 459 451 457 461 462 458 461 457 459 461 460 460 461 463 463 461 458 459 464 461 465 464 466 466 464 467 467 464 459 468 469 470 470 469 392 392 469 391 468 471 469 472 473 468 468 473 471 398 474 397 475 476 477 477 478 475 475 479 476 478 480 475 475 411 479 411 434 479 462 481 472 473 481 482 482 481 483 483 481 484 484 481 474 474 481 397 472 481 473 461 481 462 480 485 475 486 487 488 488 487 480 480 487 485 486 489 487 428 429 486 486 429 489 490 491 492 492 491 493 494 495 490 490 495 491 496 497 498 422 423 494 494 423 495 497 499 498 500 499 497 500 501 499 499 502 498 500 503 501 504 503 500 502 505 498 505 506 498 506 507 498 504 417 503 416 417 504 441 442 507 507 442 498 442 397 498 498 397 481 404 411 456 456 411 475 498 475 496 496 475 493 493 475 492 492 475 508 508 475 485 443 436 375 445 440 436 445 436 443 442 440 445 509 435 436 509 370 435 509 438 370 509 440 438 509 436 440 510 511 512 510 512 513 514 513 515 514 510 513 516 517 518 519 520 521 522 519 521 523 521 524 523 522 521 525 518 510 526 514 516 526 510 514 526 525 510 526 516 518 526 518 525 527 521 517 528 516 524 528 521 527 528 517 516 528 524 521 528 527 517 520 529 530 530 529 531 531 529 532 533 534 535 511 536 537 536 538 537 538 539 537 535 540 529 532 541 534 529 541 532 534 541 535 535 541 540 540 541 529 537 542 533 534 543 539 537 543 542 542 543 533 533 543 534 539 543 537 516 514 544 515 544 514 524 516 544 545 546 523 545 523 524 545 524 544 547 515 548 547 548 549 547 549 546 550 546 545 550 547 546 547 544 515 529 520 519 529 519 522 546 522 523 546 529 522 549 533 535 512 511 537 513 512 537 515 537 548 515 513 537 551 535 529 552 546 549 552 529 546 552 549 535 552 535 551 552 551 529 553 537 533 554 549 548 554 553 533 554 533 549 554 537 553 554 548 537 555 556 557 555 557 558 559 558 560 559 555 558 544 560 545 544 559 560 561 562 563 561 563 564 565 564 566 565 561 564 547 566 544 547 565 566 567 568 569 567 569 570 571 570 572 571 567 570 550 572 547 550 571 572 573 574 575 573 575 576 577 576 578 577 573 576 545 578 550 545 577 578 511 510 536 536 510 538 538 510 539 517 579 518 520 530 521 530 531 521 531 532 521 518 580 510 539 581 579 510 581 539 579 581 518 580 581 510 518 581 580 521 582 517 579 583 532 521 583 582 582 583 517 517 583 579 532 583 521 559 544 566 556 555 584 585 555 559 585 564 563 585 566 564 585 563 586 585 586 584 585 559 566 585 584 555 587 574 573 557 588 558 589 577 545 589 573 577 589 560 558 589 545 560 589 588 587 589 587 573 589 558 588 590 591 592 591 557 593 590 557 591 593 594 595 595 594 596 557 594 593 557 597 594 598 599 600 597 599 598 601 602 603 599 556 601 601 556 602 557 556 597 597 556 599 561 604 562 565 572 604 565 604 561 547 572 565 605 570 569 605 572 570 605 569 606 605 606 604 605 604 572 563 562 607 607 562 608 609 610 611 610 569 612 609 569 610 612 613 614 614 613 615 569 613 612 569 616 613 616 617 618 618 617 619 620 621 622 623 621 620 624 625 626 621 568 624 617 568 623 623 568 621 624 568 625 569 568 616 616 568 617 578 571 550 576 627 571 576 571 578 575 627 576 628 627 629 628 629 568 628 567 571 628 568 567 628 571 627 575 574 630 630 574 631 532 539 579 532 534 539 632 602 556 632 556 584 633 584 586 633 632 584 607 586 563 607 633 586 634 631 574 634 574 587 635 587 588 635 634 587 590 588 557 590 635 588 636 598 600 636 600 637 638 637 639 638 636 637 640 639 641 640 638 639 642 595 596 642 596 643 644 643 645 644 642 643 646 645 647 646 644 645 648 590 592 648 592 649 650 649 651 650 648 649 652 651 653 652 650 651 654 603 602 654 602 655 656 655 657 656 654 655 658 657 659 658 656 657 660 608 562 660 562 604 661 604 606 661 660 604 609 606 569 609 661 606 662 607 608 662 608 663 664 663 665 664 662 663 659 665 666 659 664 665 667 620 622 667 622 668 669 668 670 669 667 668 671 670 672 671 669 670 673 618 619 673 619 674 675 674 676 675 673 674 677 676 678 677 675 676 679 614 615 679 615 680 681 680 682 681 679 680 683 682 684 683 681 682 685 609 611 685 611 686 687 686 688 687 685 686 666 688 689 666 687 688 690 625 568 690 568 629 691 629 627 691 690 629 630 627 575 630 691 627 692 626 625 692 625 693 694 693 695 694 692 693 696 695 697 696 694 695 698 630 631 698 631 699 700 699 701 700 698 699 697 701 652 697 700 701 633 607 662 602 632 655 702 632 633 702 664 659 702 662 664 702 657 655 702 659 657 702 633 662 702 655 632 650 652 701 590 648 635 703 634 635 703 631 634 703 648 650 703 699 631 703 701 699 703 650 701 703 635 648 665 687 666 663 660 687 663 687 665 608 660 663 704 661 609 704 660 661 704 685 687 704 609 685 704 687 660 659 705 658 659 706 705 641 707 640 708 707 641 708 709 707 710 709 708 659 711 706 710 712 709 713 712 710 706 714 715 711 714 706 712 716 717 713 716 712 714 716 715 715 716 718 718 716 713 714 719 716 720 719 721 721 719 722 722 719 714 723 724 725 725 724 647 647 724 646 723 726 724 727 728 723 723 728 726 653 729 652 730 731 732 732 733 730 730 734 731 733 735 730 730 666 734 666 689 734 717 736 727 728 736 737 737 736 738 738 736 739 739 736 729 729 736 652 727 736 728 716 736 717 735 740 730 741 742 743 743 742 735 735 742 740 741 744 742 683 684 741 741 684 744 745 746 747 747 746 748 749 750 745 745 750 746 751 752 753 677 678 749 749 678 750 752 754 753 755 754 752 755 756 754 754 757 753 755 758 756 759 758 755 757 760 753 760 761 753 761 762 753 759 672 758 671 672 759 696 697 762 762 697 753 697 652 753 753 652 736 659 666 711 711 666 730 753 730 751 751 730 748 748 730 747 747 730 763 763 730 740 698 691 630 700 695 691 700 691 698 697 695 700 764 690 691 764 625 690 764 693 625 764 695 693 764 691 695 765 766 767 765 767 768 769 768 770 769 765 768 771 772 773 774 775 776 777 774 776 778 776 779 778 777 776 780 773 765 781 769 771 781 765 769 781 780 765 781 771 773 781 773 780 782 776 772 783 771 779 783 776 782 783 772 771 783 779 776 783 782 772 775 784 785 785 784 786 786 784 787 788 789 790 766 791 792 791 793 792 793 794 792 790 795 784 787 796 789 784 796 787 789 796 790 790 796 795 795 796 784 792 797 788 789 798 794 792 798 797 797 798 788 788 798 789 794 798 792 771 769 799 770 799 769 779 771 799 800 801 778 800 778 779 800 779 799 802 770 803 802 803 804 802 804 801 805 801 800 805 802 801 802 799 770 784 775 774 784 774 777 801 777 778 801 784 777 804 788 790 767 766 792 768 767 792 770 792 803 770 768 792 806 790 784 807 801 804 807 784 801 807 804 790 807 790 806 807 806 784 808 792 788 809 804 803 809 808 788 809 788 804 809 792 808 809 803 792 810 811 812 810 812 813 814 813 815 814 810 813 799 815 800 799 814 815 816 817 818 816 818 819 820 819 821 820 816 819 802 821 799 802 820 821 822 823 824 822 824 825 826 825 827 826 822 825 805 827 802 805 826 827 828 829 830 828 830 831 832 831 833 832 828 831 800 833 805 800 832 833 766 765 791 791 765 793 793 765 794 772 834 773 775 785 776 785 786 776 786 787 776 773 835 765 794 836 834 765 836 794 834 836 773 835 836 765 773 836 835 776 837 772 834 838 787 776 838 837 837 838 772 772 838 834 787 838 776 814 799 821 811 810 839 840 810 814 840 819 818 840 821 819 840 818 841 840 841 839 840 814 821 840 839 810 842 829 828 812 843 813 844 832 800 844 828 832 844 815 813 844 800 815 844 843 842 844 842 828 844 813 843 845 846 847 846 812 848 845 812 846 848 849 850 850 849 851 812 849 848 812 852 849 853 854 855 852 854 853 856 857 858 854 811 856 856 811 857 812 811 852 852 811 854 816 859 817 820 827 859 820 859 816 802 827 820 860 825 824 860 827 825 860 824 861 860 861 859 860 859 827 818 817 862 862 817 863 864 865 866 865 824 867 864 824 865 867 868 869 869 868 870 824 868 867 824 871 868 871 872 873 873 872 874 875 876 877 878 876 875 879 880 881 876 823 879 872 823 878 878 823 876 879 823 880 824 823 871 871 823 872 833 826 805 831 882 826 831 826 833 830 882 831 883 882 884 883 884 823 883 822 826 883 823 822 883 826 882 830 829 885 885 829 886 787 794 834 787 789 794 887 857 811 887 811 839 888 839 841 888 887 839 862 841 818 862 888 841 889 886 829 889 829 842 890 842 843 890 889 842 845 843 812 845 890 843 891 853 855 891 855 892 893 892 894 893 891 892 895 894 896 895 893 894 897 850 851 897 851 898 899 898 900 899 897 898 901 900 902 901 899 900 903 845 847 903 847 904 905 904 906 905 903 904 907 906 908 907 905 906 909 858 857 909 857 910 911 910 912 911 909 910 913 912 914 913 911 912 915 863 817 915 817 859 916 859 861 916 915 859 864 861 824 864 916 861 917 862 863 917 863 918 919 918 920 919 917 918 914 920 921 914 919 920 922 875 877 922 877 923 924 923 925 924 922 923 926 925 927 926 924 925 928 873 874 928 874 929 930 929 931 930 928 929 932 931 933 932 930 931 934 869 870 934 870 935 936 935 937 936 934 935 938 937 939 938 936 937 940 864 866 940 866 941 942 941 943 942 940 941 921 943 944 921 942 943 945 880 823 945 823 884 946 884 882 946 945 884 885 882 830 885 946 882 947 881 880 947 880 948 949 948 950 949 947 948 951 950 952 951 949 950 953 885 886 953 886 954 955 954 956 955 953 954 952 956 907 952 955 956 888 862 917 857 887 910 957 887 888 957 919 914 957 917 919 957 912 910 957 914 912 957 888 917 957 910 887 905 907 956 845 903 890 958 889 890 958 886 889 958 903 905 958 954 886 958 956 954 958 905 956 958 890 903 920 942 921 918 915 942 918 942 920 863 915 918 959 916 864 959 915 916 959 940 942 959 864 940 959 942 915 914 960 913 914 961 960 896 962 895 963 962 896 963 964 962 965 964 963 914 966 961 965 967 964 968 967 965 961 969 970 966 969 961 967 971 972 968 971 967 969 971 970 970 971 973 973 971 968 969 974 971 975 974 976 976 974 977 977 974 969 978 979 980 980 979 902 902 979 901 978 981 979 982 983 978 978 983 981 908 984 907 985 986 987 987 988 985 985 989 986 988 990 985 985 921 989 921 944 989 972 991 982 983 991 992 992 991 993 993 991 994 994 991 984 984 991 907 982 991 983 971 991 972 990 995 985 996 997 998 998 997 990 990 997 995 996 999 997 938 939 996 996 939 999 1000 1001 1002 1002 1001 1003 1004 1005 1000 1000 1005 1001 1006 1007 1008 932 933 1004 1004 933 1005 1007 1009 1008 1010 1009 1007 1010 1011 1009 1009 1012 1008 1010 1013 1011 1014 1013 1010 1012 1015 1008 1015 1016 1008 1016 1017 1008 1014 927 1013 926 927 1014 951 952 1017 1017 952 1008 952 907 1008 1008 907 991 914 921 966 966 921 985 1008 985 1006 1006 985 1003 1003 985 1002 1002 985 1018 1018 985 995 953 946 885 955 950 946 955 946 953 952 950 955 1019 945 946 1019 880 945 1019 948 880 1019 950 948 1019 946 950 1020 1021 1022 1020 1022 1023 1024 1023 1025 1024 1020 1023 1026 1027 1028 1029 1030 1031 1032 1029 1031 1033 1031 1034 1033 1032 1031 1035 1028 1020 1036 1024 1026 1036 1020 1024 1036 1035 1020 1036 1026 1028 1036 1028 1035 1037 1031 1027 1038 1026 1034 1038 1031 1037 1038 1027 1026 1038 1034 1031 1038 1037 1027 1030 1039 1040 1040 1039 1041 1041 1039 1042 1043 1044 1045 1021 1046 1047 1046 1048 1047 1048 1049 1047 1045 1050 1039 1042 1051 1044 1039 1051 1042 1044 1051 1045 1045 1051 1050 1050 1051 1039 1047 1052 1043 1044 1053 1049 1047 1053 1052 1052 1053 1043 1043 1053 1044 1049 1053 1047 1026 1024 1054 1025 1054 1024 1034 1026 1054 1055 1056 1033 1055 1033 1034 1055 1034 1054 1057 1025 1058 1057 1058 1059 1057 1059 1056 1060 1056 1055 1060 1057 1056 1057 1054 1025 1039 1030 1029 1039 1029 1032 1056 1032 1033 1056 1039 1032 1059 1043 1045 1022 1021 1047 1023 1022 1047 1025 1047 1058 1025 1023 1047 1061 1045 1039 1062 1056 1059 1062 1039 1056 1062 1059 1045 1062 1045 1061 1062 1061 1039 1063 1047 1043 1064 1059 1058 1064 1063 1043 1064 1043 1059 1064 1047 1063 1064 1058 1047 1065 1066 1067 1065 1067 1068 1069 1068 1070 1069 1065 1068 1054 1070 1055 1054 1069 1070 1071 1072 1073 1071 1073 1074 1075 1074 1076 1075 1071 1074 1057 1076 1054 1057 1075 1076 1077 1078 1079 1077 1079 1080 1081 1080 1082 1081 1077 1080 1060 1082 1057 1060 1081 1082 1083 1084 1085 1083 1085 1086 1087 1086 1088 1087 1083 1086 1055 1088 1060 1055 1087 1088 1021 1020 1046 1046 1020 1048 1048 1020 1049 1027 1089 1028 1030 1040 1031 1040 1041 1031 1041 1042 1031 1028 1090 1020 1049 1091 1089 1020 1091 1049 1089 1091 1028 1090 1091 1020 1028 1091 1090 1031 1092 1027 1089 1093 1042 1031 1093 1092 1092 1093 1027 1027 1093 1089 1042 1093 1031 1069 1054 1076 1066 1065 1094 1095 1065 1069 1095 1074 1073 1095 1076 1074 1095 1073 1096 1095 1096 1094 1095 1069 1076 1095 1094 1065 1097 1084 1083 1067 1098 1068 1099 1087 1055 1099 1083 1087 1099 1070 1068 1099 1055 1070 1099 1098 1097 1099 1097 1083 1099 1068 1098 1100 1101 1102 1101 1067 1103 1100 1067 1101 1103 1104 1105 1105 1104 1106 1067 1104 1103 1067 1107 1104 1108 1109 1110 1107 1109 1108 1111 1112 1113 1109 1066 1111 1111 1066 1112 1067 1066 1107 1107 1066 1109 1071 1114 1072 1075 1082 1114 1075 1114 1071 1057 1082 1075 1115 1080 1079 1115 1082 1080 1115 1079 1116 1115 1116 1114 1115 1114 1082 1073 1072 1117 1117 1072 1118 1119 1120 1121 1120 1079 1122 1119 1079 1120 1122 1123 1124 1124 1123 1125 1079 1123 1122 1079 1126 1123 1126 1127 1128 1128 1127 1129 1130 1131 1132 1133 1131 1130 1134 1135 1136 1131 1078 1134 1127 1078 1133 1133 1078 1131 1134 1078 1135 1079 1078 1126 1126 1078 1127 1088 1081 1060 1086 1137 1081 1086 1081 1088 1085 1137 1086 1138 1137 1139 1138 1139 1078 1138 1077 1081 1138 1078 1077 1138 1081 1137 1085 1084 1140 1140 1084 1141 1042 1049 1089 1042 1044 1049 1142 1112 1066 1142 1066 1094 1143 1094 1096 1143 1142 1094 1117 1096 1073 1117 1143 1096 1144 1141 1084 1144 1084 1097 1145 1097 1098 1145 1144 1097 1100 1098 1067 1100 1145 1098 1146 1108 1110 1146 1110 1147 1148 1147 1149 1148 1146 1147 1150 1149 1151 1150 1148 1149 1152 1105 1106 1152 1106 1153 1154 1153 1155 1154 1152 1153 1156 1155 1157 1156 1154 1155 1158 1100 1102 1158 1102 1159 1160 1159 1161 1160 1158 1159 1162 1161 1163 1162 1160 1161 1164 1113 1112 1164 1112 1165 1166 1165 1167 1166 1164 1165 1168 1167 1169 1168 1166 1167 1170 1118 1072 1170 1072 1114 1171 1114 1116 1171 1170 1114 1119 1116 1079 1119 1171 1116 1172 1117 1118 1172 1118 1173 1174 1173 1175 1174 1172 1173 1169 1175 1176 1169 1174 1175 1177 1130 1132 1177 1132 1178 1179 1178 1180 1179 1177 1178 1181 1180 1182 1181 1179 1180 1183 1128 1129 1183 1129 1184 1185 1184 1186 1185 1183 1184 1187 1186 1188 1187 1185 1186 1189 1124 1125 1189 1125 1190 1191 1190 1192 1191 1189 1190 1193 1192 1194 1193 1191 1192 1195 1119 1121 1195 1121 1196 1197 1196 1198 1197 1195 1196 1176 1198 1199 1176 1197 1198 1200 1135 1078 1200 1078 1139 1201 1139 1137 1201 1200 1139 1140 1137 1085 1140 1201 1137 1202 1136 1135 1202 1135 1203 1204 1203 1205 1204 1202 1203 1206 1205 1207 1206 1204 1205 1208 1140 1141 1208 1141 1209 1210 1209 1211 1210 1208 1209 1207 1211 1162 1207 1210 1211 1143 1117 1172 1112 1142 1165 1212 1142 1143 1212 1174 1169 1212 1172 1174 1212 1167 1165 1212 1169 1167 1212 1143 1172 1212 1165 1142 1160 1162 1211 1100 1158 1145 1213 1144 1145 1213 1141 1144 1213 1158 1160 1213 1209 1141 1213 1211 1209 1213 1160 1211 1213 1145 1158 1175 1197 1176 1173 1170 1197 1173 1197 1175 1118 1170 1173 1214 1171 1119 1214 1170 1171 1214 1195 1197 1214 1119 1195 1214 1197 1170 1169 1215 1168 1169 1216 1215 1151 1217 1150 1218 1217 1151 1218 1219 1217 1220 1219 1218 1169 1221 1216 1220 1222 1219 1223 1222 1220 1216 1224 1225 1221 1224 1216 1222 1226 1227 1223 1226 1222 1224 1226 1225 1225 1226 1228 1228 1226 1223 1224 1229 1226 1230 1229 1231 1231 1229 1232 1232 1229 1224 1233 1234 1235 1235 1234 1157 1157 1234 1156 1233 1236 1234 1237 1238 1233 1233 1238 1236 1163 1239 1162 1240 1241 1242 1242 1243 1240 1240 1244 1241 1243 1245 1240 1240 1176 1244 1176 1199 1244 1227 1246 1237 1238 1246 1247 1247 1246 1248 1248 1246 1249 1249 1246 1239 1239 1246 1162 1237 1246 1238 1226 1246 1227 1245 1250 1240 1251 1252 1253 1253 1252 1245 1245 1252 1250 1251 1254 1252 1193 1194 1251 1251 1194 1254 1255 1256 1257 1257 1256 1258 1259 1260 1255 1255 1260 1256 1261 1262 1263 1187 1188 1259 1259 1188 1260 1262 1264 1263 1265 1264 1262 1265 1266 1264 1264 1267 1263 1265 1268 1266 1269 1268 1265 1267 1270 1263 1270 1271 1263 1271 1272 1263 1269 1182 1268 1181 1182 1269 1206 1207 1272 1272 1207 1263 1207 1162 1263 1263 1162 1246 1169 1176 1221 1221 1176 1240 1263 1240 1261 1261 1240 1258 1258 1240 1257 1257 1240 1273 1273 1240 1250 1208 1201 1140 1210 1205 1201 1210 1201 1208 1207 1205 1210 1274 1200 1201 1274 1135 1200 1274 1203 1135 1274 1205 1203 1274 1201 1205 1275 1276 1277 1275 1277 1278 1279 1278 1280 1279 1275 1278 1281 1282 1283 1284 1285 1286 1287 1284 1286 1288 1286 1289 1288 1287 1286 1290 1283 1275 1291 1279 1281 1291 1275 1279 1291 1290 1275 1291 1281 1283 1291 1283 1290 1292 1286 1282 1293 1281 1289 1293 1286 1292 1293 1282 1281 1293 1289 1286 1293 1292 1282 1285 1294 1295 1295 1294 1296 1296 1294 1297 1298 1299 1300 1276 1301 1302 1301 1303 1302 1303 1304 1302 1300 1305 1294 1297 1306 1299 1294 1306 1297 1299 1306 1300 1300 1306 1305 1305 1306 1294 1302 1307 1298 1299 1308 1304 1302 1308 1307 1307 1308 1298 1298 1308 1299 1304 1308 1302 1281 1279 1309 1280 1309 1279 1289 1281 1309 1310 1311 1288 1310 1288 1289 1310 1289 1309 1312 1280 1313 1312 1313 1314 1312 1314 1311 1315 1311 1310 1315 1312 1311 1312 1309 1280 1294 1285 1284 1294 1284 1287 1311 1287 1288 1311 1294 1287 1314 1298 1300 1277 1276 1302 1278 1277 1302 1280 1302 1313 1280 1278 1302 1316 1300 1294 1317 1311 1314 1317 1294 1311 1317 1314 1300 1317 1300 1316 1317 1316 1294 1318 1302 1298 1319 1314 1313 1319 1318 1298 1319 1298 1314 1319 1302 1318 1319 1313 1302 1320 1321 1322 1320 1322 1323 1324 1323 1325 1324 1320 1323 1309 1325 1310 1309 1324 1325 1326 1327 1328 1326 1328 1329 1330 1329 1331 1330 1326 1329 1312 1331 1309 1312 1330 1331 1332 1333 1334 1332 1334 1335 1336 1335 1337 1336 1332 1335 1315 1337 1312 1315 1336 1337 1338 1339 1340 1338 1340 1341 1342 1341 1343 1342 1338 1341 1310 1343 1315 1310 1342 1343 1276 1275 1301 1301 1275 1303 1303 1275 1304 1282 1344 1283 1285 1295 1286 1295 1296 1286 1296 1297 1286 1283 1345 1275 1304 1346 1344 1275 1346 1304 1344 1346 1283 1345 1346 1275 1283 1346 1345 1286 1347 1282 1344 1348 1297 1286 1348 1347 1347 1348 1282 1282 1348 1344 1297 1348 1286 1324 1309 1331 1321 1320 1349 1350 1320 1324 1350 1329 1328 1350 1331 1329 1350 1328 1351 1350 1351 1349 1350 1324 1331 1350 1349 1320 1352 1339 1338 1322 1353 1323 1354 1342 1310 1354 1338 1342 1354 1325 1323 1354 1310 1325 1354 1353 1352 1354 1352 1338 1354 1323 1353 1355 1356 1357 1356 1322 1358 1355 1322 1356 1358 1359 1360 1360 1359 1361 1322 1359 1358 1322 1362 1359 1363 1364 1365 1362 1364 1363 1366 1367 1368 1364 1321 1366 1366 1321 1367 1322 1321 1362 1362 1321 1364 1326 1369 1327 1330 1337 1369 1330 1369 1326 1312 1337 1330 1370 1335 1334 1370 1337 1335 1370 1334 1371 1370 1371 1369 1370 1369 1337 1328 1327 1372 1372 1327 1373 1374 1375 1376 1375 1334 1377 1374 1334 1375 1377 1378 1379 1379 1378 1380 1334 1378 1377 1334 1381 1378 1381 1382 1383 1383 1382 1384 1385 1386 1387 1388 1386 1385 1389 1390 1391 1386 1333 1389 1382 1333 1388 1388 1333 1386 1389 1333 1390 1334 1333 1381 1381 1333 1382 1343 1336 1315 1341 1392 1336 1341 1336 1343 1340 1392 1341 1393 1392 1394 1393 1394 1333 1393 1332 1336 1393 1333 1332 1393 1336 1392 1340 1339 1395 1395 1339 1396 1297 1304 1344 1297 1299 1304 1397 1367 1321 1397 1321 1349 1398 1349 1351 1398 1397 1349 1372 1351 1328 1372 1398 1351 1399 1396 1339 1399 1339 1352 1400 1352 1353 1400 1399 1352 1355 1353 1322 1355 1400 1353 1401 1363 1365 1401 1365 1402 1403 1402 1404 1403 1401 1402 1405 1404 1406 1405 1403 1404 1407 1360 1361 1407 1361 1408 1409 1408 1410 1409 1407 1408 1411 1410 1412 1411 1409 1410 1413 1355 1357 1413 1357 1414 1415 1414 1416 1415 1413 1414 1417 1416 1418 1417 1415 1416 1419 1368 1367 1419 1367 1420 1421 1420 1422 1421 1419 1420 1423 1422 1424 1423 1421 1422 1425 1373 1327 1425 1327 1369 1426 1369 1371 1426 1425 1369 1374 1371 1334 1374 1426 1371 1427 1372 1373 1427 1373 1428 1429 1428 1430 1429 1427 1428 1424 1430 1431 1424 1429 1430 1432 1385 1387 1432 1387 1433 1434 1433 1435 1434 1432 1433 1436 1435 1437 1436 1434 1435 1438 1383 1384 1438 1384 1439 1440 1439 1441 1440 1438 1439 1442 1441 1443 1442 1440 1441 1444 1379 1380 1444 1380 1445 1446 1445 1447 1446 1444 1445 1448 1447 1449 1448 1446 1447 1450 1374 1376 1450 1376 1451 1452 1451 1453 1452 1450 1451 1431 1453 1454 1431 1452 1453 1455 1390 1333 1455 1333 1394 1456 1394 1392 1456 1455 1394 1395 1392 1340 1395 1456 1392 1457 1391 1390 1457 1390 1458 1459 1458 1460 1459 1457 1458 1461 1460 1462 1461 1459 1460 1463 1395 1396 1463 1396 1464 1465 1464 1466 1465 1463 1464 1462 1466 1417 1462 1465 1466 1398 1372 1427 1367 1397 1420 1467 1397 1398 1467 1429 1424 1467 1427 1429 1467 1422 1420 1467 1424 1422 1467 1398 1427 1467 1420 1397 1415 1417 1466 1355 1413 1400 1468 1399 1400 1468 1396 1399 1468 1413 1415 1468 1464 1396 1468 1466 1464 1468 1415 1466 1468 1400 1413 1430 1452 1431 1428 1425 1452 1428 1452 1430 1373 1425 1428 1469 1426 1374 1469 1425 1426 1469 1450 1452 1469 1374 1450 1469 1452 1425 1424 1470 1423 1424 1471 1470 1406 1472 1405 1473 1472 1406 1473 1474 1472 1475 1474 1473 1424 1476 1471 1475 1477 1474 1478 1477 1475 1471 1479 1480 1476 1479 1471 1477 1481 1482 1478 1481 1477 1479 1481 1480 1480 1481 1483 1483 1481 1478 1479 1484 1481 1485 1484 1486 1486 1484 1487 1487 1484 1479 1488 1489 1490 1490 1489 1412 1412 1489 1411 1488 1491 1489 1492 1493 1488 1488 1493 1491 1418 1494 1417 1495 1496 1497 1497 1498 1495 1495 1499 1496 1498 1500 1495 1495 1431 1499 1431 1454 1499 1482 1501 1492 1493 1501 1502 1502 1501 1503 1503 1501 1504 1504 1501 1494 1494 1501 1417 1492 1501 1493 1481 1501 1482 1500 1505 1495 1506 1507 1508 1508 1507 1500 1500 1507 1505 1506 1509 1507 1448 1449 1506 1506 1449 1509 1510 1511 1512 1512 1511 1513 1514 1515 1510 1510 1515 1511 1516 1517 1518 1442 1443 1514 1514 1443 1515 1517 1519 1518 1520 1519 1517 1520 1521 1519 1519 1522 1518 1520 1523 1521 1524 1523 1520 1522 1525 1518 1525 1526 1518 1526 1527 1518 1524 1437 1523 1436 1437 1524 1461 1462 1527 1527 1462 1518 1462 1417 1518 1518 1417 1501 1424 1431 1476 1476 1431 1495 1518 1495 1516 1516 1495 1513 1513 1495 1512 1512 1495 1528 1528 1495 1505 1463 1456 1395 1465 1460 1456 1465 1456 1463 1462 1460 1465 1529 1455 1456 1529 1390 1455 1529 1458 1390 1529 1460 1458 1529 1456 1460</p>
        </triangles>
      </mesh>
    </geometry>
    <geometry id="geometry_82fa5b33_02dd_42a6_9e2f_f687d017321c" name="">
      <mesh>
        <source id="pos_9">
          <float_array id="pos_9-array" count="672">-0.004114334 -0.01213469 -0.00279 -0.004089333 -0.01213469 -0.002765 -0.004092683 -0.01213469 -0.0027775 -0.004101833 -0.01213469 -0.002786651 -0.004365984 -0.01213469 -0.0027775 -0.004344333 -0.01213469 -0.00279 -0.004356833 -0.01213469 -0.002786651 -0.004369333 -0.01213469 -0.002765 -0.004114334 -0.01213469 -0.00251 -0.004101833 -0.01213469 -0.00251335 -0.004092683 -0.01213469 -0.0025225 -0.004089333 -0.01213469 -0.002535 -0.004344333 -0.01213469 -0.00251 -0.004369333 -0.01213469 -0.002535 -0.004356833 -0.01213469 -0.00251335 -0.004365984 -0.01213469 -0.0025225 -0.004101833 -0.01243469 -0.002786651 -0.004114334 -0.01243469 -0.00279 -0.004092683 -0.01243469 -0.0027775 -0.004089333 -0.01243469 -0.002765 -0.004089333 -0.01243469 -0.002535 -0.004092683 -0.01243469 -0.0025225 -0.004101833 -0.01243469 -0.00251335 -0.004114334 -0.01243469 -0.00251 -0.004344333 -0.01243469 -0.00251 -0.004369333 -0.01243469 -0.002535 -0.004365984 -0.01243469 -0.0025225 -0.004356833 -0.01243469 -0.00251335 -0.004369333 -0.01243469 -0.002765 -0.004344333 -0.01243469 -0.00279 -0.004356833 -0.01243469 -0.002786651 -0.004365984 -0.01243469 -0.0027775 -0.002007507 -0.01439766 -0.002765 -0.002007507 -0.01442266 -0.00279 -0.002007507 -0.01441016 -0.002786651 -0.002007507 -0.01440101 -0.0027775 -0.002007507 -0.01441016 -0.00251335 -0.002007507 -0.01439766 -0.002535 -0.002007507 -0.01440101 -0.0025225 -0.002007507 -0.01442266 -0.00251 -0.002007507 -0.01467766 -0.002765 -0.002007507 -0.01467432 -0.0027775 -0.002007507 -0.01466516 -0.002786651 -0.002007507 -0.01465266 -0.00279 -0.002007507 -0.01467766 -0.002535 -0.002007507 -0.01465266 -0.00251 -0.002007507 -0.01467432 -0.0025225 -0.002007507 -0.01466516 -0.00251335 -0.002307507 -0.01440101 -0.0027775 -0.002307507 -0.01439766 -0.002765 -0.002307507 -0.01441016 -0.002786651 -0.002307507 -0.01442266 -0.00279 -0.002307507 -0.01465266 -0.00279 -0.002307507 -0.01466516 -0.002786651 -0.002307507 -0.01467432 -0.0027775 -0.002307507 -0.01467766 -0.002765 -0.002307507 -0.01467766 -0.002535 -0.002307507 -0.01465266 -0.00251 -0.002307507 -0.01466516 -0.00251335 -0.002307507 -0.01467432 -0.0025225 -0.002307507 -0.01442266 -0.00251 -0.002307507 -0.01439766 -0.002535 -0.002307507 -0.01440101 -0.0025225 -0.002307507 -0.01441016 -0.00251335 -0.004820379 -0.01213813 -0.00252 -0.004845379 -0.01213813 -0.002545 -0.00484203 -0.01213813 -0.0025325 -0.004832879 -0.01213813 -0.002523349 -0.004568729 -0.01213813 -0.0025325 -0.00459038 -0.01213813 -0.00252 -0.00457788 -0.01213813 -0.002523349 -0.00456538 -0.01213813 -0.002545 -0.004820379 -0.01213813 -0.0028 -0.004832879 -0.01213813 -0.002796651 -0.00484203 -0.01213813 -0.0027875 -0.004845379 -0.01213813 -0.002775 -0.00459038 -0.01213813 -0.0028 -0.00456538 -0.01213813 -0.002775 -0.00457788 -0.01213813 -0.002796651 -0.004568729 -0.01213813 -0.0027875 -0.004832879 -0.01243812 -0.002523349 -0.004820379 -0.01243812 -0.00252 -0.00484203 -0.01243812 -0.0025325 -0.004845379 -0.01243812 -0.002545 -0.004845379 -0.01243812 -0.002775 -0.00484203 -0.01243812 -0.0027875 -0.004832879 -0.01243812 -0.002796651 -0.004820379 -0.01243812 -0.0028 -0.00459038 -0.01243812 -0.0028 -0.00456538 -0.01243812 -0.002775 -0.004568729 -0.01243812 -0.0027875 -0.00457788 -0.01243812 -0.002796651 -0.00456538 -0.01243812 -0.002545 -0.00459038 -0.01243812 -0.00252 -0.00457788 -0.01243812 -0.002523349 -0.004568729 -0.01243812 -0.0025325 -0.001995791 -0.01523468 -0.0028 -0.001995791 -0.01525968 -0.002775 -0.001995791 -0.01525633 -0.0027875 -0.001995791 -0.01524718 -0.002796651 -0.001995791 -0.01498303 -0.0027875 -0.001995791 -0.01500468 -0.0028 -0.001995791 -0.01499218 -0.002796651 -0.001995791 -0.01497968 -0.002775 -0.001995791 -0.01523468 -0.00252 -0.001995791 -0.01524718 -0.002523349 -0.001995791 -0.01525633 -0.0025325 -0.001995791 -0.01525968 -0.002545 -0.001995791 -0.01500468 -0.00252 -0.001995791 -0.01497968 -0.002545 -0.001995791 -0.01499218 -0.002523349 -0.001995791 -0.01498303 -0.0025325 -0.002295791 -0.01524718 -0.002796651 -0.002295791 -0.01523468 -0.0028 -0.002295791 -0.01525633 -0.0027875 -0.002295791 -0.01525968 -0.002775 -0.002295791 -0.01525968 -0.002545 -0.002295791 -0.01525633 -0.0025325 -0.002295791 -0.01524718 -0.002523349 -0.002295791 -0.01523468 -0.00252 -0.002295791 -0.01500468 -0.00252 -0.002295791 -0.01497968 -0.002545 -0.002295791 -0.01498303 -0.0025325 -0.002295791 -0.01499218 -0.002523349 -0.002295791 -0.01497968 -0.002775 -0.002295791 -0.01500468 -0.0028 -0.002295791 -0.01499218 -0.002796651 -0.002295791 -0.01498303 -0.0027875 -0.0009620716 -0.01528521 -0.00279 -0.0009620716 -0.01531021 -0.002765 -0.0009620716 -0.01530686 -0.0027775 -0.0009620716 -0.01529771 -0.002786651 -0.0009620716 -0.01503356 -0.0027775 -0.0009620716 -0.01505521 -0.00279 -0.0009620716 -0.01504271 -0.002786651 -0.0009620716 -0.01503021 -0.002765 -0.0009620716 -0.01528521 -0.00251 -0.0009620716 -0.01529771 -0.00251335 -0.0009620716 -0.01530686 -0.0025225 -0.0009620716 -0.01531021 -0.002535 -0.0009620716 -0.01505521 -0.00251 -0.0009620716 -0.01503021 -0.002535 -0.0009620716 -0.01504271 -0.00251335 -0.0009620716 -0.01503356 -0.0025225 -0.001262072 -0.01529771 -0.002786651 -0.001262072 -0.01528521 -0.00279 -0.001262072 -0.01530686 -0.0027775 -0.001262072 -0.01531021 -0.002765 -0.001262072 -0.01531021 -0.002535 -0.001262072 -0.01530686 -0.0025225 -0.001262072 -0.01529771 -0.00251335 -0.001262072 -0.01528521 -0.00251 -0.001262072 -0.01505521 -0.00251 -0.001262072 -0.01503021 -0.002535 -0.001262072 -0.01503356 -0.0025225 -0.001262072 -0.01504271 -0.00251335 -0.001262072 -0.01503021 -0.002765 -0.001262072 -0.01505521 -0.00279 -0.001262072 -0.01504271 -0.002786651 -0.001262072 -0.01503356 -0.0027775 0.0001156713 -0.01465111 -0.000225 0.0001156713 -0.01462611 -0.0002 0.0001156713 -0.01463861 -0.0002033494 0.0001156713 -0.01464777 -0.0002125 0.0001156713 -0.01463861 -0.0004766507 0.0001156713 -0.01465111 -0.000455 0.0001156713 -0.01464777 -0.0004675 0.0001156713 -0.01462611 -0.00048 0.0001156713 -0.01437111 -0.000225 0.0001156713 -0.01437446 -0.0002125 0.0001156713 -0.01438361 -0.0002033494 0.0001156713 -0.01439611 -0.0002 0.0001156713 -0.01437111 -0.000455 0.0001156713 -0.01439611 -0.00048 0.0001156713 -0.01437446 -0.0004675 0.0001156713 -0.01438361 -0.0004766507 -0.0001843287 -0.01464777 -0.0002125 -0.0001843287 -0.01465111 -0.000225 -0.0001843287 -0.01463861 -0.0002033494 -0.0001843287 -0.01462611 -0.0002 -0.0001843287 -0.01439611 -0.0002 -0.0001843287 -0.01438361 -0.0002033494 -0.0001843287 -0.01437446 -0.0002125 -0.0001843287 -0.01437111 -0.000225 -0.0001843287 -0.01437111 -0.000455 -0.0001843287 -0.01439611 -0.00048 -0.0001843287 -0.01438361 -0.0004766507 -0.0001843287 -0.01437446 -0.0004675 -0.0001843287 -0.01462611 -0.00048 -0.0001843287 -0.01465111 -0.000455 -0.0001843287 -0.01464777 -0.0004675 -0.0001843287 -0.01463861 -0.0004766507 0.007893446 -0.01371835 -0.00048 0.007893446 -0.01374335 -0.000455 0.007893446 -0.01374 -0.0004675 0.007893446 -0.01373085 -0.0004766507 0.007893446 -0.0134667 -0.0004675 0.007893446 -0.01348835 -0.00048 0.007893446 -0.01347585 -0.0004766507 0.007893446 -0.01346335 -0.000455 0.007893446 -0.01371835 -0.0002 0.007893446 -0.01373085 -0.0002033494 0.007893446 -0.01374 -0.0002125 0.007893446 -0.01374335 -0.000225 0.007893446 -0.01348835 -0.0002 0.007893446 -0.01346335 -0.000225 0.007893446 -0.01347585 -0.0002033494 0.007893446 -0.0134667 -0.0002125 0.007593446 -0.01373085 -0.0004766507 0.007593446 -0.01371835 -0.00048 0.007593446 -0.01374 -0.0004675 0.007593446 -0.01374335 -0.000455 0.007593446 -0.01374335 -0.000225 0.007593446 -0.01374 -0.0002125 0.007593446 -0.01373085 -0.0002033494 0.007593446 -0.01371835 -0.0002 0.007593446 -0.01348835 -0.0002 0.007593446 -0.01346335 -0.000225 0.007593446 -0.0134667 -0.0002125 0.007593446 -0.01347585 -0.0002033494 0.007593446 -0.01346335 -0.000455 0.007593446 -0.01348835 -0.00048 0.007593446 -0.01347585 -0.0004766507 0.007593446 -0.0134667 -0.0004675</float_array>
          <technique_common>
            <accessor count="224" source="#pos_9-array" stride="3"><param type="float" name="X"/><param type="float" name="Y"/><param type="float" name="Z"/></accessor></technique_common>
        </source>
        <vertices id="vert_9">
          <input semantic="POSITION" source="#pos_9"/>
        </vertices>
        <triangles count="420" material="mat_10">
          <input semantic="VERTEX" source="#vert_9" offset="0"/>
          <p>0 1 2 0 2 3 4 5 6 7 5 4 8 9 10 8 10 11 12 11 1 12 0 5 12 7 13 12 1 0 12 5 7 12 8 11 14 13 15 14 12 13 16 17 0 16 0 3 18 3 2 18 16 3 19 2 1 19 18 2 11 20 19 11 19 1 21 20 11 21 11 10 22 10 9 22 21 10 23 9 8 23 22 9 8 24 23 8 12 24 15 13 25 15 25 26 14 26 27 14 15 26 12 27 24 12 14 27 25 13 7 25 7 28 6 5 29 6 29 30 4 30 31 4 6 30 7 31 28 7 4 31 5 0 29 29 0 17 28 30 29 28 31 30 19 29 17 19 16 18 19 17 16 24 26 25 24 27 26 20 23 24 20 25 28 20 28 29 20 24 25 20 29 19 22 20 21 22 23 20 32 33 34 32 34 35 36 37 38 39 37 36 40 41 42 40 42 43 44 43 33 44 32 37 44 39 45 44 33 32 44 37 39 44 40 43 46 45 47 46 44 45 48 49 32 48 32 35 50 35 34 50 48 35 51 34 33 51 50 34 43 52 51 43 51 33 53 52 43 53 43 42 54 42 41 54 53 42 55 41 40 55 54 41 40 56 55 40 44 56 47 45 57 47 57 58 46 58 59 46 47 58 44 59 56 44 46 59 57 45 39 57 39 60 38 37 61 38 61 62 36 62 63 36 38 62 39 63 60 39 36 63 37 32 61 61 32 49 60 62 61 60 63 62 51 61 49 51 48 50 51 49 48 56 58 57 56 59 58 52 55 56 52 57 60 52 60 61 52 56 57 52 61 51 54 52 53 54 55 52 64 65 66 64 66 67 68 69 70 71 69 68 72 73 74 72 74 75 76 75 65 76 64 69 76 71 77 76 65 64 76 69 71 76 72 75 78 77 79 78 76 77 80 81 64 80 64 67 82 67 66 82 80 67 83 66 65 83 82 66 75 84 83 75 83 65 85 84 75 85 75 74 86 74 73 86 85 74 87 73 72 87 86 73 72 88 87 72 76 88 79 77 89 79 89 90 78 90 91 78 79 90 76 91 88 76 78 91 89 77 71 89 71 92 70 69 93 70 93 94 68 94 95 68 70 94 71 95 92 71 68 95 69 64 93 93 64 81 92 94 93 92 95 94 83 93 81 83 80 82 83 81 80 88 90 89 88 91 90 84 87 88 84 89 92 84 92 93 84 88 89 84 93 83 86 84 85 86 87 84 96 97 98 96 98 99 100 101 102 103 101 100 104 105 106 104 106 107 108 107 97 108 96 101 108 103 109 108 97 96 108 101 103 108 104 107 110 109 111 110 108 109 112 113 96 112 96 99 114 99 98 114 112 99 115 98 97 115 114 98 107 116 115 107 115 97 117 116 107 117 107 106 118 106 105 118 117 106 119 105 104 119 118 105 104 120 119 104 108 120 111 109 121 111 121 122 110 122 123 110 111 122 108 123 120 108 110 123 121 109 103 121 103 124 102 101 125 102 125 126 100 126 127 100 102 126 103 127 124 103 100 127 101 96 125 125 96 113 124 126 125 124 127 126 115 125 113 115 112 114 115 113 112 120 122 121 120 123 122 116 119 120 116 121 124 116 124 125 116 120 121 116 125 115 118 116 117 118 119 116 128 129 130 128 130 131 132 133 134 135 133 132 136 137 138 136 138 139 140 139 129 140 128 133 140 135 141 140 129 128 140 133 135 140 136 139 142 141 143 142 140 141 144 145 128 144 128 131 146 131 130 146 144 131 147 130 129 147 146 130 139 148 147 139 147 129 149 148 139 149 139 138 150 138 137 150 149 138 151 137 136 151 150 137 136 152 151 136 140 152 143 141 153 143 153 154 142 154 155 142 143 154 140 155 152 140 142 155 153 141 135 153 135 156 134 133 157 134 157 158 132 158 159 132 134 158 135 159 156 135 132 159 133 128 157 157 128 145 156 158 157 156 159 158 147 157 145 147 144 146 147 145 144 152 154 153 152 155 154 148 151 152 148 153 156 148 156 157 148 152 153 148 157 147 150 148 149 150 151 148 160 161 162 160 162 163 164 165 166 167 165 164 168 169 170 168 170 171 172 171 161 172 160 165 172 167 173 172 161 160 172 165 167 172 168 171 174 173 175 174 172 173 176 177 160 176 160 163 178 163 162 178 176 163 179 162 161 179 178 162 171 180 179 171 179 161 181 180 171 181 171 170 182 170 169 182 181 170 183 169 168 183 182 169 168 184 183 168 172 184 175 173 185 175 185 186 174 186 187 174 175 186 172 187 184 172 174 187 185 173 167 185 167 188 166 165 189 166 189 190 164 190 191 164 166 190 167 191 188 167 164 191 165 160 189 189 160 177 188 190 189 188 191 190 179 189 177 179 176 178 179 177 176 184 186 185 184 187 186 180 183 184 180 185 188 180 188 189 180 184 185 180 189 179 182 180 181 182 183 180 192 193 194 192 194 195 196 197 198 199 197 196 200 201 202 200 202 203 204 203 193 204 192 197 204 199 205 204 193 192 204 197 199 204 200 203 206 205 207 206 204 205 208 209 192 208 192 195 210 195 194 210 208 195 211 194 193 211 210 194 203 212 211 203 211 193 213 212 203 213 203 202 214 202 201 214 213 202 215 201 200 215 214 201 200 216 215 200 204 216 207 205 217 207 217 218 206 218 219 206 207 218 204 219 216 204 206 219 217 205 199 217 199 220 198 197 221 198 221 222 196 222 223 196 198 222 199 223 220 199 196 223 197 192 221 221 192 209 220 222 221 220 223 222 211 221 209 211 208 210 211 209 208 216 218 217 216 219 218 212 215 216 212 217 220 212 220 221 212 216 217 212 221 211 214 212 213 214 215 212</p>
        </triangles>
      </mesh>
    </geometry>
    <geometry id="geometry_1981e99e_6e10_4d46_8b90_3a38c6c83c62" name="">
      <mesh>
        <source id="pos_10">
          <float_array id="pos_10-array" count="1152">-0.002514113 -0.01295586 -0.002515 -0.002214113 -0.01295586 -0.002785 -0.002514113 -0.01295586 -0.002785 -0.002214113 -0.01295586 -0.002515 -0.002514113 -0.01296086 -0.0025 -0.002514113 -0.01296086 -0.00250634 -0.002514113 -0.01295586 -0.00250134 -0.002514113 -0.0129572 -0.00251 -0.002514113 -0.0129522 -0.002505 -0.002514113 -0.01295086 -0.00251 -0.002514113 -0.01296586 -0.002505 -0.002514113 -0.01295086 -0.00279 -0.002514113 -0.01324086 -0.0025 -0.002514113 -0.01323586 -0.002505 -0.002514113 -0.0129572 -0.00279 -0.002514113 -0.0129522 -0.002795 -0.002514113 -0.01324086 -0.00250634 -0.002514113 -0.01324586 -0.00250134 -0.002514113 -0.01296086 -0.00279366 -0.002514113 -0.01295586 -0.00279866 -0.002514113 -0.01324952 -0.002505 -0.002514113 -0.01324452 -0.00251 -0.002514113 -0.01296086 -0.0028 -0.002514113 -0.01296586 -0.002795 -0.002514113 -0.01325086 -0.00251 -0.002514113 -0.01324586 -0.002515 -0.002514113 -0.01324586 -0.002785 -0.002514113 -0.01325086 -0.00279 -0.002514113 -0.01324452 -0.00279 -0.002514113 -0.01324086 -0.00279366 -0.002514113 -0.01324086 -0.0028 -0.002514113 -0.01323586 -0.002795 -0.002514113 -0.01324952 -0.002795 -0.002514113 -0.01324586 -0.00279866 -0.002214113 -0.0129572 -0.00251 -0.002214113 -0.01296086 -0.00250634 -0.002214113 -0.01296586 -0.002505 -0.002214113 -0.0129522 -0.002795 -0.002214113 -0.0129572 -0.00279 -0.002214113 -0.01295086 -0.00279 -0.002214113 -0.01296086 -0.0028 -0.002214113 -0.01296086 -0.00279366 -0.002214113 -0.01295586 -0.00279866 -0.002214113 -0.01296586 -0.002795 -0.002214113 -0.01295086 -0.00251 -0.002214113 -0.01324086 -0.0028 -0.002214113 -0.01323586 -0.002795 -0.002214113 -0.0129522 -0.002505 -0.002214113 -0.01324586 -0.00279866 -0.002214113 -0.01324086 -0.00279366 -0.002214113 -0.01295586 -0.00250134 -0.002214113 -0.01324952 -0.002795 -0.002214113 -0.01324452 -0.00279 -0.002214113 -0.01296086 -0.0025 -0.002214113 -0.01325086 -0.00279 -0.002214113 -0.01324586 -0.002785 -0.002214113 -0.01324086 -0.00250634 -0.002214113 -0.01324086 -0.0025 -0.002214113 -0.01323586 -0.002505 -0.002214113 -0.01324586 -0.002515 -0.002214113 -0.01325086 -0.00251 -0.002214113 -0.01324452 -0.00251 -0.002214113 -0.01324586 -0.00250134 -0.002214113 -0.01324952 -0.002505 -0.002896554 -0.01305842 -0.002505 -0.003166554 -0.01275842 -0.002505 -0.003166554 -0.01305842 -0.002505 -0.002896554 -0.01275842 -0.002505 -0.002881554 -0.01305842 -0.00251 -0.002887894 -0.01305842 -0.00251 -0.002882894 -0.01305842 -0.002505 -0.002891554 -0.01305842 -0.00250634 -0.002886554 -0.01305842 -0.00250134 -0.002891554 -0.01305842 -0.0025 -0.002886554 -0.01305842 -0.002515 -0.003171554 -0.01305842 -0.0025 -0.002881554 -0.01305842 -0.00279 -0.002886554 -0.01305842 -0.002785 -0.003171554 -0.01305842 -0.00250634 -0.003176554 -0.01305842 -0.00250134 -0.002887894 -0.01305842 -0.00279 -0.002882894 -0.01305842 -0.002795 -0.003175214 -0.01305842 -0.00251 -0.003180215 -0.01305842 -0.002505 -0.002886554 -0.01305842 -0.00279866 -0.002891554 -0.01305842 -0.00279366 -0.003181554 -0.01305842 -0.00251 -0.003176554 -0.01305842 -0.002515 -0.002891554 -0.01305842 -0.0028 -0.002896554 -0.01305842 -0.002795 -0.003166554 -0.01305842 -0.002795 -0.003171554 -0.01305842 -0.0028 -0.003171554 -0.01305842 -0.00279366 -0.003175214 -0.01305842 -0.00279 -0.003181554 -0.01305842 -0.00279 -0.003176554 -0.01305842 -0.002785 -0.003176554 -0.01305842 -0.00279866 -0.003180215 -0.01305842 -0.002795 -0.002891554 -0.01275842 -0.00250634 -0.002887894 -0.01275842 -0.00251 -0.002886554 -0.01275842 -0.002515 -0.003176554 -0.01275842 -0.00250134 -0.003171554 -0.01275842 -0.00250634 -0.003171554 -0.01275842 -0.0025 -0.003181554 -0.01275842 -0.00251 -0.003175214 -0.01275842 -0.00251 -0.003180215 -0.01275842 -0.002505 -0.003176554 -0.01275842 -0.002515 -0.002891554 -0.01275842 -0.0025 -0.003181554 -0.01275842 -0.00279 -0.003176554 -0.01275842 -0.002785 -0.002886554 -0.01275842 -0.00250134 -0.003180215 -0.01275842 -0.002795 -0.003175214 -0.01275842 -0.00279 -0.002882894 -0.01275842 -0.002505 -0.003176554 -0.01275842 -0.00279866 -0.003171554 -0.01275842 -0.00279366 -0.002881554 -0.01275842 -0.00251 -0.003171554 -0.01275842 -0.0028 -0.003166554 -0.01275842 -0.002795 -0.002887894 -0.01275842 -0.00279 -0.002881554 -0.01275842 -0.00279 -0.002886554 -0.01275842 -0.002785 -0.002896554 -0.01275842 -0.002795 -0.002891554 -0.01275842 -0.0028 -0.002891554 -0.01275842 -0.00279366 -0.002882894 -0.01275842 -0.002795 -0.002886554 -0.01275842 -0.00279866 -0.003746601 -0.01541079 -0.0028 -0.003476601 -0.01511079 -0.0028 -0.003476601 -0.01541079 -0.0028 -0.003746601 -0.01511079 -0.0028 -0.003761601 -0.01541079 -0.002795 -0.003755261 -0.01541079 -0.002795 -0.003760261 -0.01541079 -0.0028 -0.003751601 -0.01541079 -0.00279866 -0.003756601 -0.01541079 -0.00280366 -0.003751601 -0.01541079 -0.002805 -0.003756601 -0.01541079 -0.00279 -0.003471601 -0.01541079 -0.002805 -0.003761601 -0.01541079 -0.002515 -0.003756601 -0.01541079 -0.00252 -0.003471601 -0.01541079 -0.00279866 -0.003466601 -0.01541079 -0.00280366 -0.003755261 -0.01541079 -0.002515 -0.003760261 -0.01541079 -0.00251 -0.00346794 -0.01541079 -0.002795 -0.003462941 -0.01541079 -0.0028 -0.003756601 -0.01541079 -0.00250634 -0.003751601 -0.01541079 -0.00251134 -0.003461601 -0.01541079 -0.002795 -0.003466601 -0.01541079 -0.00279 -0.003751601 -0.01541079 -0.002505 -0.003746601 -0.01541079 -0.00251 -0.003476601 -0.01541079 -0.00251 -0.003471601 -0.01541079 -0.002505 -0.003471601 -0.01541079 -0.00251134 -0.00346794 -0.01541079 -0.002515 -0.003461601 -0.01541079 -0.002515 -0.003466601 -0.01541079 -0.00252 -0.003466601 -0.01541079 -0.00250634 -0.003462941 -0.01541079 -0.00251 -0.003751601 -0.01511079 -0.00279866 -0.003755261 -0.01511079 -0.002795 -0.003756601 -0.01511079 -0.00279 -0.003466601 -0.01511079 -0.00280366 -0.003471601 -0.01511079 -0.00279866 -0.003471601 -0.01511079 -0.002805 -0.003461601 -0.01511079 -0.002795 -0.00346794 -0.01511079 -0.002795 -0.003462941 -0.01511079 -0.0028 -0.003466601 -0.01511079 -0.00279 -0.003751601 -0.01511079 -0.002805 -0.003461601 -0.01511079 -0.002515 -0.003466601 -0.01511079 -0.00252 -0.003756601 -0.01511079 -0.00280366 -0.003462941 -0.01511079 -0.00251 -0.00346794 -0.01511079 -0.002515 -0.003760261 -0.01511079 -0.0028 -0.003466601 -0.01511079 -0.00250634 -0.003471601 -0.01511079 -0.00251134 -0.003761601 -0.01511079 -0.002795 -0.003471601 -0.01511079 -0.002505 -0.003476601 -0.01511079 -0.00251 -0.003755261 -0.01511079 -0.002515 -0.003761601 -0.01511079 -0.002515 -0.003756601 -0.01511079 -0.00252 -0.003746601 -0.01511079 -0.00251 -0.003751601 -0.01511079 -0.002505 -0.003751601 -0.01511079 -0.00251134 -0.003760261 -0.01511079 -0.00251 -0.003756601 -0.01511079 -0.00250634 -0.001393155 -0.01333994 -0.002364833 -0.001093155 -0.01333994 -0.002634833 -0.001393155 -0.01333994 -0.002634833 -0.001093155 -0.01333994 -0.002364833 -0.001393155 -0.01334494 -0.002349833 -0.001393155 -0.01334494 -0.002356173 -0.001393155 -0.01333994 -0.002351173 -0.001393155 -0.01334128 -0.002359833 -0.001393155 -0.01333628 -0.002354833 -0.001393155 -0.01333494 -0.002359833 -0.001393155 -0.01334994 -0.002354833 -0.001393155 -0.01333494 -0.002639833 -0.001393155 -0.01362494 -0.002349833 -0.001393155 -0.01361994 -0.002354833 -0.001393155 -0.01334128 -0.002639833 -0.001393155 -0.01333628 -0.002644833 -0.001393155 -0.01362494 -0.002356173 -0.001393155 -0.01362994 -0.002351173 -0.001393155 -0.01334494 -0.002643493 -0.001393155 -0.01333994 -0.002648493 -0.001393155 -0.0136336 -0.002354833 -0.001393155 -0.0136286 -0.002359833 -0.001393155 -0.01334494 -0.002649833 -0.001393155 -0.01334994 -0.002644833 -0.001393155 -0.01363494 -0.002359833 -0.001393155 -0.01362994 -0.002364833 -0.001393155 -0.01362994 -0.002634833 -0.001393155 -0.01363494 -0.002639833 -0.001393155 -0.0136286 -0.002639833 -0.001393155 -0.01362494 -0.002643493 -0.001393155 -0.01362494 -0.002649833 -0.001393155 -0.01361994 -0.002644833 -0.001393155 -0.0136336 -0.002644833 -0.001393155 -0.01362994 -0.002648493 -0.001093155 -0.01334128 -0.002359833 -0.001093155 -0.01334494 -0.002356173 -0.001093155 -0.01334994 -0.002354833 -0.001093155 -0.01333628 -0.002644833 -0.001093155 -0.01334128 -0.002639833 -0.001093155 -0.01333494 -0.002639833 -0.001093155 -0.01334494 -0.002649833 -0.001093155 -0.01334494 -0.002643493 -0.001093155 -0.01333994 -0.002648493 -0.001093155 -0.01334994 -0.002644833 -0.001093155 -0.01333494 -0.002359833 -0.001093155 -0.01362494 -0.002649833 -0.001093155 -0.01361994 -0.002644833 -0.001093155 -0.01333628 -0.002354833 -0.001093155 -0.01362994 -0.002648493 -0.001093155 -0.01362494 -0.002643493 -0.001093155 -0.01333994 -0.002351173 -0.001093155 -0.0136336 -0.002644833 -0.001093155 -0.0136286 -0.002639833 -0.001093155 -0.01334494 -0.002349833 -0.001093155 -0.01363494 -0.002639833 -0.001093155 -0.01362994 -0.002634833 -0.001093155 -0.01362494 -0.002356173 -0.001093155 -0.01362494 -0.002349833 -0.001093155 -0.01361994 -0.002354833 -0.001093155 -0.01362994 -0.002364833 -0.001093155 -0.01363494 -0.002359833 -0.001093155 -0.0136286 -0.002359833 -0.001093155 -0.01362994 -0.002351173 -0.001093155 -0.0136336 -0.002354833 -0.0001718195 -0.01391342 -0.00049 0.0001281805 -0.01418342 -0.00049 -0.0001718195 -0.01418342 -0.00049 0.0001281805 -0.01391342 -0.00049 -0.0001718195 -0.01389842 -0.000485 -0.0001718195 -0.01390476 -0.000485 -0.0001718195 -0.01389976 -0.00049 -0.0001718195 -0.01390842 -0.0004886603 -0.0001718195 -0.01390342 -0.0004936603 -0.0001718195 -0.01390842 -0.000495 -0.0001718195 -0.01390342 -0.00048 -0.0001718195 -0.01418842 -0.000495 -0.0001718195 -0.01389842 -0.000205 -0.0001718195 -0.01390342 -0.00021 -0.0001718195 -0.01418842 -0.0004886603 -0.0001718195 -0.01419342 -0.0004936603 -0.0001718195 -0.01390476 -0.000205 -0.0001718195 -0.01389976 -0.0002 -0.0001718195 -0.01419208 -0.000485 -0.0001718195 -0.01419708 -0.00049 -0.0001718195 -0.01390342 -0.0001963398 -0.0001718195 -0.01390842 -0.0002013398 -0.0001718195 -0.01419842 -0.000485 -0.0001718195 -0.01419342 -0.00048 -0.0001718195 -0.01390842 -0.000195 -0.0001718195 -0.01391342 -0.0002 -0.0001718195 -0.01418342 -0.0002 -0.0001718195 -0.01418842 -0.000195 -0.0001718195 -0.01418842 -0.0002013398 -0.0001718195 -0.01419208 -0.000205 -0.0001718195 -0.01419842 -0.000205 -0.0001718195 -0.01419342 -0.00021 -0.0001718195 -0.01419342 -0.0001963398 -0.0001718195 -0.01419708 -0.0002 0.0001281805 -0.01390842 -0.0004886603 0.0001281805 -0.01390476 -0.000485 0.0001281805 -0.01390342 -0.00048 0.0001281805 -0.01419342 -0.0004936603 0.0001281805 -0.01418842 -0.0004886603 0.0001281805 -0.01418842 -0.000495 0.0001281805 -0.01419842 -0.000485 0.0001281805 -0.01419208 -0.000485 0.0001281805 -0.01419708 -0.00049 0.0001281805 -0.01419342 -0.00048 0.0001281805 -0.01390842 -0.000495 0.0001281805 -0.01419842 -0.000205 0.0001281805 -0.01419342 -0.00021 0.0001281805 -0.01390342 -0.0004936603 0.0001281805 -0.01419708 -0.0002 0.0001281805 -0.01419208 -0.000205 0.0001281805 -0.01389976 -0.00049 0.0001281805 -0.01419342 -0.0001963398 0.0001281805 -0.01418842 -0.0002013398 0.0001281805 -0.01389842 -0.000485 0.0001281805 -0.01418842 -0.000195 0.0001281805 -0.01418342 -0.0002 0.0001281805 -0.01390476 -0.000205 0.0001281805 -0.01389842 -0.000205 0.0001281805 -0.01390342 -0.00021 0.0001281805 -0.01391342 -0.0002 0.0001281805 -0.01390842 -0.000195 0.0001281805 -0.01390842 -0.0002013398 0.0001281805 -0.01389976 -0.0002 0.0001281805 -0.01390342 -0.0001963398 0.007587518 -0.01294877 -0.00049 0.007887518 -0.01321877 -0.00049 0.007587518 -0.01321877 -0.00049 0.007887518 -0.01294877 -0.00049 0.007587518 -0.01293377 -0.000485 0.007587518 -0.01294011 -0.000485 0.007587518 -0.01293511 -0.00049 0.007587518 -0.01294377 -0.0004886603 0.007587518 -0.01293877 -0.0004936603 0.007587518 -0.01294377 -0.000495 0.007587518 -0.01293877 -0.00048 0.007587518 -0.01322377 -0.000495 0.007587518 -0.01293377 -0.000205 0.007587518 -0.01293877 -0.00021 0.007587518 -0.01322377 -0.0004886603 0.007587518 -0.01322877 -0.0004936603 0.007587518 -0.01294011 -0.000205 0.007587518 -0.01293511 -0.0002 0.007587518 -0.01322743 -0.000485 0.007587518 -0.01323243 -0.00049 0.007587518 -0.01293877 -0.0001963398 0.007587518 -0.01294377 -0.0002013398 0.007587518 -0.01323377 -0.000485 0.007587518 -0.01322877 -0.00048 0.007587518 -0.01294377 -0.000195 0.007587518 -0.01294877 -0.0002 0.007587518 -0.01321877 -0.0002 0.007587518 -0.01322377 -0.000195 0.007587518 -0.01322377 -0.0002013398 0.007587518 -0.01322743 -0.000205 0.007587518 -0.01323377 -0.000205 0.007587518 -0.01322877 -0.00021 0.007587518 -0.01322877 -0.0001963398 0.007587518 -0.01323243 -0.0002 0.007887518 -0.01294377 -0.0004886603 0.007887518 -0.01294011 -0.000485 0.007887518 -0.01293877 -0.00048 0.007887518 -0.01322877 -0.0004936603 0.007887518 -0.01322377 -0.0004886603 0.007887518 -0.01322377 -0.000495 0.007887518 -0.01323377 -0.000485 0.007887518 -0.01322743 -0.000485 0.007887518 -0.01323243 -0.00049 0.007887518 -0.01322877 -0.00048 0.007887518 -0.01294377 -0.000495 0.007887518 -0.01323377 -0.000205 0.007887518 -0.01322877 -0.00021 0.007887518 -0.01293877 -0.0004936603 0.007887518 -0.01323243 -0.0002 0.007887518 -0.01322743 -0.000205 0.007887518 -0.01293511 -0.00049 0.007887518 -0.01322877 -0.0001963398 0.007887518 -0.01322377 -0.0002013398 0.007887518 -0.01293377 -0.000485 0.007887518 -0.01322377 -0.000195 0.007887518 -0.01321877 -0.0002 0.007887518 -0.01294011 -0.000205 0.007887518 -0.01293377 -0.000205 0.007887518 -0.01293877 -0.00021 0.007887518 -0.01294877 -0.0002 0.007887518 -0.01294377 -0.000195 0.007887518 -0.01294377 -0.0002013398 0.007887518 -0.01293511 -0.0002 0.007887518 -0.01293877 -0.0001963398</float_array>
          <technique_common>
            <accessor count="384" source="#pos_10-array" stride="3"><param type="float" name="X"/><param type="float" name="Y"/><param type="float" name="Z"/></accessor></technique_common>
        </source>
        <vertices id="vert_10">
          <input semantic="POSITION" source="#pos_10"/>
        </vertices>
        <triangles count="576" material="mat_11">
          <input semantic="VERTEX" source="#vert_10" offset="0"/>
          <p>0 1 2 3 1 0 4 5 6 6 7 8 8 7 9 5 7 6 7 0 9 4 10 5 2 11 0 0 11 9 10 12 13 4 12 10 11 14 15 2 14 11 12 16 13 12 17 16 15 18 19 14 18 15 20 21 17 17 21 16 18 22 19 18 23 22 20 24 21 24 25 21 26 27 28 29 30 31 31 30 23 23 30 22 28 32 29 27 32 28 29 33 30 32 33 29 24 27 25 25 27 26 34 3 0 34 0 7 35 7 5 35 34 7 36 5 10 36 35 5 37 38 39 40 41 42 42 41 37 37 41 38 38 1 39 40 43 41 3 44 1 1 44 39 43 45 46 40 45 43 3 34 44 34 47 44 48 49 45 45 49 46 47 35 50 34 35 47 51 52 48 48 52 49 35 53 50 35 36 53 52 54 55 51 54 52 56 57 58 58 57 36 36 57 53 59 60 61 56 62 57 61 63 56 60 63 61 56 63 62 54 60 55 55 60 59 14 2 1 14 1 38 18 38 41 18 14 38 23 41 43 23 18 41 46 31 43 43 31 23 29 31 46 29 46 49 28 49 52 28 29 49 26 52 55 26 28 52 26 59 25 55 59 26 56 58 13 56 13 16 61 16 21 61 56 16 59 21 25 59 61 21 13 58 10 10 58 36 64 65 66 67 65 64 68 69 70 70 71 72 72 71 73 69 71 70 71 64 73 68 74 69 66 75 64 64 75 73 74 76 77 68 76 74 75 78 79 66 78 75 76 80 77 76 81 80 79 82 83 78 82 79 84 85 81 81 85 80 82 86 83 82 87 86 84 88 85 88 89 85 90 91 92 93 94 95 95 94 87 87 94 86 92 96 93 91 96 92 93 97 94 96 97 93 88 91 89 89 91 90 98 67 64 98 64 71 99 71 69 99 98 71 100 69 74 100 99 69 101 102 103 104 105 106 106 105 101 101 105 102 102 65 103 104 107 105 67 108 65 65 108 103 107 109 110 104 109 107 67 98 108 98 111 108 112 113 109 109 113 110 111 99 114 98 99 111 115 116 112 112 116 113 99 117 114 99 100 117 116 118 119 115 118 116 120 121 122 122 121 100 100 121 117 123 124 125 120 126 121 125 127 120 124 127 125 120 127 126 118 124 119 119 124 123 78 66 65 78 65 102 82 102 105 82 78 102 87 105 107 87 82 105 110 95 107 107 95 87 93 95 110 93 110 113 92 113 116 92 93 113 90 116 119 90 92 116 90 123 89 119 123 90 120 122 77 120 77 80 125 80 85 125 120 80 123 85 89 123 125 85 77 122 74 74 122 100 128 129 130 131 129 128 132 133 134 134 135 136 136 135 137 133 135 134 135 128 137 132 138 133 130 139 128 128 139 137 138 140 141 132 140 138 139 142 143 130 142 139 140 144 141 140 145 144 143 146 147 142 146 143 148 149 145 145 149 144 146 150 147 146 151 150 148 152 149 152 153 149 154 155 156 157 158 159 159 158 151 151 158 150 156 160 157 155 160 156 157 161 158 160 161 157 152 155 153 153 155 154 162 131 128 162 128 135 163 135 133 163 162 135 164 133 138 164 163 133 165 166 167 168 169 170 170 169 165 165 169 166 166 129 167 168 171 169 131 172 129 129 172 167 171 173 174 168 173 171 131 162 172 162 175 172 176 177 173 173 177 174 175 163 178 162 163 175 179 180 176 176 180 177 163 181 178 163 164 181 180 182 183 179 182 180 184 185 186 186 185 164 164 185 181 187 188 189 184 190 185 189 191 184 188 191 189 184 191 190 182 188 183 183 188 187 142 130 129 142 129 166 146 166 169 146 142 166 151 169 171 151 146 169 174 159 171 171 159 151 157 159 174 157 174 177 156 177 180 156 157 177 154 180 183 154 156 180 154 187 153 183 187 154 184 186 141 184 141 144 189 144 149 189 184 144 187 149 153 187 189 149 141 186 138 138 186 164 192 193 194 195 193 192 196 197 198 198 199 200 200 199 201 197 199 198 199 192 201 196 202 197 194 203 192 192 203 201 202 204 205 196 204 202 203 206 207 194 206 203 204 208 205 204 209 208 207 210 211 206 210 207 212 213 209 209 213 208 210 214 211 210 215 214 212 216 213 216 217 213 218 219 220 221 222 223 223 222 215 215 222 214 220 224 221 219 224 220 221 225 222 224 225 221 216 219 217 217 219 218 226 195 192 226 192 199 227 199 197 227 226 199 228 197 202 228 227 197 229 230 231 232 233 234 234 233 229 229 233 230 230 193 231 232 235 233 195 236 193 193 236 231 235 237 238 232 237 235 195 226 236 226 239 236 240 241 237 237 241 238 239 227 242 226 227 239 243 244 240 240 244 241 227 245 242 227 228 245 244 246 247 243 246 244 248 249 250 250 249 228 228 249 245 251 252 253 248 254 249 253 255 248 252 255 253 248 255 254 246 252 247 247 252 251 206 194 193 206 193 230 210 230 233 210 206 230 215 233 235 215 210 233 238 223 235 235 223 215 221 223 238 221 238 241 220 241 244 220 221 241 218 244 247 218 220 244 218 251 217 247 251 218 248 250 205 248 205 208 253 208 213 253 248 208 251 213 217 251 253 213 205 250 202 202 250 228 256 257 258 259 257 256 260 261 262 262 263 264 264 263 265 261 263 262 263 256 265 260 266 261 258 267 256 256 267 265 266 268 269 260 268 266 267 270 271 258 270 267 268 272 269 268 273 272 271 274 275 270 274 271 276 277 273 273 277 272 274 278 275 274 279 278 276 280 277 280 281 277 282 283 284 285 286 287 287 286 279 279 286 278 284 288 285 283 288 284 285 289 286 288 289 285 280 283 281 281 283 282 290 259 256 290 256 263 291 263 261 291 290 263 292 261 266 292 291 261 293 294 295 296 297 298 298 297 293 293 297 294 294 257 295 296 299 297 259 300 257 257 300 295 299 301 302 296 301 299 259 290 300 290 303 300 304 305 301 301 305 302 303 291 306 290 291 303 307 308 304 304 308 305 291 309 306 291 292 309 308 310 311 307 310 308 312 313 314 314 313 292 292 313 309 315 316 317 312 318 313 317 319 312 316 319 317 312 319 318 310 316 311 311 316 315 270 258 257 270 257 294 274 294 297 274 270 294 279 297 299 279 274 297 302 287 299 299 287 279 285 287 302 285 302 305 284 305 308 284 285 305 282 308 311 282 284 308 282 315 281 311 315 282 312 314 269 312 269 272 317 272 277 317 312 272 315 277 281 315 317 277 269 314 266 266 314 292 320 321 322 323 321 320 324 325 326 326 327 328 328 327 329 325 327 326 327 320 329 324 330 325 322 331 320 320 331 329 330 332 333 324 332 330 331 334 335 322 334 331 332 336 333 332 337 336 335 338 339 334 338 335 340 341 337 337 341 336 338 342 339 338 343 342 340 344 341 344 345 341 346 347 348 349 350 351 351 350 343 343 350 342 348 352 349 347 352 348 349 353 350 352 353 349 344 347 345 345 347 346 354 323 320 354 320 327 355 327 325 355 354 327 356 325 330 356 355 325 357 358 359 360 361 362 362 361 357 357 361 358 358 321 359 360 363 361 323 364 321 321 364 359 363 365 366 360 365 363 323 354 364 354 367 364 368 369 365 365 369 366 367 355 370 354 355 367 371 372 368 368 372 369 355 373 370 355 356 373 372 374 375 371 374 372 376 377 378 378 377 356 356 377 373 379 380 381 376 382 377 381 383 376 380 383 381 376 383 382 374 380 375 375 380 379 334 322 321 334 321 358 338 358 361 338 334 358 343 361 363 343 338 361 366 351 363 363 351 343 349 351 366 349 366 369 348 369 372 348 349 369 346 372 375 346 348 372 346 379 345 375 379 346 376 378 333 376 333 336 381 336 341 381 376 336 379 341 345 379 381 341 333 378 330 330 378 356</p>
        </triangles>
      </mesh>
    </geometry>
    <geometry id="geometry_d0fe7dcb_e75b_40e8_a2f8_b9cb3159b2c0" name="">
      <mesh>
        <source id="pos_11">
          <float_array id="pos_11-array" count="528">0.0125 0.0125 -0.0002 0.0125 -0.0105 -0.0002 0.0125 0.0125 -0.0028 0.0125 -0.0105 -0.0028 -0.0115 0.0135 -0.0002 0.0115 0.0135 -0.0002 -0.0115 0.0135 -0.0028 0.0115 0.0135 -0.0028 -0.0125 -0.0105 -0.0002 -0.0125 0.0125 -0.0002 -0.0125 -0.0105 -0.0028 -0.0125 0.0125 -0.0028 0.0115 -0.0115 -0.0002 -0.0115 -0.0115 -0.0002 0.0115 -0.0115 -0.0028 -0.0115 -0.0115 -0.0028 -0.01218017 -0.01123305 -0.0002 -0.01212349 -0.01128183 -0.0002 -0.01223305 -0.01118017 -0.0002 -0.01232624 -0.01106332 -0.0002 -0.01228183 -0.01112349 -0.0002 -0.01206332 -0.01132624 -0.0002 -0.012 -0.01136603 -0.0002 -0.01240097 -0.01093388 -0.0002 -0.01236603 -0.011 -0.0002 -0.01193388 -0.01140097 -0.0002 -0.01186534 -0.01143087 -0.0002 -0.01179476 -0.01145557 -0.0002 -0.01245557 -0.01079476 -0.0002 -0.01243087 -0.01086534 -0.0002 -0.01172252 -0.01147493 -0.0002 -0.01164904 -0.01148883 -0.0002 -0.01248883 -0.01064904 -0.0002 -0.01247493 -0.01072252 -0.0002 -0.0124972 -0.01057473 -0.0002 -0.01157473 -0.0114972 -0.0002 0.01164904 -0.01148883 -0.0002 0.01172252 -0.01147493 -0.0002 0.01157473 -0.0114972 -0.0002 -0.01248883 0.01264904 -0.0002 -0.01245557 0.01279476 -0.0002 -0.01247493 0.01272252 -0.0002 -0.0124972 0.01257473 -0.0002 0.01179476 -0.01145557 -0.0002 0.01186534 -0.01143087 -0.0002 0.01193388 -0.01140097 -0.0002 -0.01240097 0.01293388 -0.0002 -0.01243087 0.01286534 -0.0002 -0.01236603 0.013 -0.0002 0.01206332 -0.01132624 -0.0002 0.012 -0.01136603 -0.0002 -0.01232624 0.01306332 -0.0002 0.01212349 -0.01128183 -0.0002 -0.01223305 0.01318017 -0.0002 -0.01228183 0.01312349 -0.0002 0.01218017 -0.01123305 -0.0002 0.01228183 -0.01112349 -0.0002 0.01223305 -0.01118017 -0.0002 -0.01218017 0.01323305 -0.0002 -0.01206332 0.01332624 -0.0002 -0.01212349 0.01328183 -0.0002 0.01232624 -0.01106332 -0.0002 -0.012 0.01336603 -0.0002 0.01236603 -0.011 -0.0002 0.01240097 -0.01093388 -0.0002 -0.01193388 0.01340097 -0.0002 -0.01186534 0.01343087 -0.0002 0.01243087 -0.01086534 -0.0002 -0.01172252 0.01347493 -0.0002 -0.01157473 0.0134972 -0.0002 -0.01164904 0.01348883 -0.0002 0.0124972 -0.01057473 -0.0002 0.01245557 -0.01079476 -0.0002 0.01247493 -0.01072252 -0.0002 0.01248883 -0.01064904 -0.0002 -0.01179476 0.01345557 -0.0002 0.01157473 0.0134972 -0.0002 0.0124972 0.01257473 -0.0002 0.01248883 0.01264904 -0.0002 0.01247493 0.01272252 -0.0002 0.01164904 0.01348883 -0.0002 0.01179476 0.01345557 -0.0002 0.01172252 0.01347493 -0.0002 0.01186534 0.01343087 -0.0002 0.01245557 0.01279476 -0.0002 0.01243087 0.01286534 -0.0002 0.01240097 0.01293388 -0.0002 0.01236603 0.013 -0.0002 0.01232624 0.01306332 -0.0002 0.01228183 0.01312349 -0.0002 0.01193388 0.01340097 -0.0002 0.012 0.01336603 -0.0002 0.01206332 0.01332624 -0.0002 0.01223305 0.01318017 -0.0002 0.01212349 0.01328183 -0.0002 0.01218017 0.01323305 -0.0002 -0.01212349 -0.01128183 -0.0028 -0.01218017 -0.01123305 -0.0028 -0.01223305 -0.01118017 -0.0028 -0.01228183 -0.01112349 -0.0028 -0.01236603 -0.011 -0.0028 -0.01232624 -0.01106332 -0.0028 -0.012 -0.01136603 -0.0028 -0.01206332 -0.01132624 -0.0028 -0.01179476 -0.01145557 -0.0028 -0.01186534 -0.01143087 -0.0028 -0.01193388 -0.01140097 -0.0028 -0.01245557 -0.01079476 -0.0028 -0.01240097 -0.01093388 -0.0028 -0.01243087 -0.01086534 -0.0028 -0.01164904 -0.01148883 -0.0028 -0.01172252 -0.01147493 -0.0028 -0.01248883 -0.01064904 -0.0028 -0.01247493 -0.01072252 -0.0028 -0.01157473 -0.0114972 -0.0028 -0.0124972 -0.01057473 -0.0028 -0.01247493 0.01272252 -0.0028 -0.0124972 0.01257473 -0.0028 -0.01248883 0.01264904 -0.0028 0.01186534 -0.01143087 -0.0028 0.01179476 -0.01145557 -0.0028 0.01172252 -0.01147493 -0.0028 0.01164904 -0.01148883 -0.0028 0.01157473 -0.0114972 -0.0028 -0.01240097 0.01293388 -0.0028 -0.01245557 0.01279476 -0.0028 -0.01243087 0.01286534 -0.0028 0.012 -0.01136603 -0.0028 0.01193388 -0.01140097 -0.0028 -0.01236603 0.013 -0.0028 0.01206332 -0.01132624 -0.0028 0.01212349 -0.01128183 -0.0028 -0.01228183 0.01312349 -0.0028 -0.01232624 0.01306332 -0.0028 -0.01223305 0.01318017 -0.0028 0.01218017 -0.01123305 -0.0028 0.01223305 -0.01118017 -0.0028 -0.01218017 0.01323305 -0.0028 0.01228183 -0.01112349 -0.0028 0.01236603 -0.011 -0.0028 0.01232624 -0.01106332 -0.0028 -0.012 0.01336603 -0.0028 -0.01212349 0.01328183 -0.0028 -0.01206332 0.01332624 -0.0028 0.01243087 -0.01086534 -0.0028 0.01240097 -0.01093388 -0.0028 -0.01179476 0.01345557 -0.0028 -0.01193388 0.01340097 -0.0028 -0.01186534 0.01343087 -0.0028 0.0124972 -0.01057473 -0.0028 0.01248883 -0.01064904 -0.0028 0.01247493 -0.01072252 -0.0028 0.01245557 -0.01079476 -0.0028 -0.01157473 0.0134972 -0.0028 -0.01172252 0.01347493 -0.0028 -0.01164904 0.01348883 -0.0028 0.01157473 0.0134972 -0.0028 0.0124972 0.01257473 -0.0028 0.01164904 0.01348883 -0.0028 0.01172252 0.01347493 -0.0028 0.01248883 0.01264904 -0.0028 0.01186534 0.01343087 -0.0028 0.01179476 0.01345557 -0.0028 0.01243087 0.01286534 -0.0028 0.01245557 0.01279476 -0.0028 0.01247493 0.01272252 -0.0028 0.01240097 0.01293388 -0.0028 0.01206332 0.01332624 -0.0028 0.01193388 0.01340097 -0.0028 0.012 0.01336603 -0.0028 0.01232624 0.01306332 -0.0028 0.01236603 0.013 -0.0028 0.01223305 0.01318017 -0.0028 0.01212349 0.01328183 -0.0028 0.01218017 0.01323305 -0.0028 0.01228183 0.01312349 -0.0028</float_array>
          <technique_common>
            <accessor count="176" source="#pos_11-array" stride="3"><param type="float" name="X"/><param type="float" name="Y"/><param type="float" name="Z"/></accessor></technique_common>
        </source>
        <vertices id="vert_11">
          <input semantic="POSITION" source="#pos_11"/>
        </vertices>
        <triangles count="348" material="mat_12">
          <input semantic="VERTEX" source="#vert_11" offset="0"/>
          <p>0 1 2 2 1 3 4 5 6 6 5 7 8 9 10 10 9 11 12 13 14 14 13 15 16 17 18 18 19 20 21 22 17 19 23 24 25 26 22 26 27 22 19 28 23 23 28 29 17 28 18 18 28 19 27 30 22 30 31 22 28 32 33 28 34 32 35 13 31 17 8 28 22 8 17 13 8 31 28 8 34 31 8 22 36 37 38 39 40 41 42 40 39 37 43 38 44 45 43 40 46 47 9 48 42 42 48 40 40 48 46 43 49 38 50 49 45 45 49 43 9 51 48 38 52 12 49 52 38 51 53 54 55 56 52 57 56 55 52 56 12 58 59 60 53 59 58 56 61 12 53 62 59 63 64 61 61 64 12 9 65 51 51 65 53 53 65 62 9 66 65 64 67 12 68 69 70 67 71 12 72 71 67 73 71 72 74 71 73 68 4 69 75 4 68 66 4 75 9 4 66 71 1 12 1 0 12 9 0 4 4 0 5 13 0 8 12 0 13 8 0 9 0 76 5 77 78 0 0 79 76 78 79 0 76 79 80 80 81 82 80 83 81 84 85 79 86 87 85 85 87 79 88 89 87 90 89 91 79 89 80 83 89 90 80 89 83 87 89 79 92 93 94 91 93 92 89 93 91 93 95 94 96 97 98 96 98 99 100 99 101 100 96 99 102 103 96 104 102 96 104 105 106 104 106 102 107 104 96 107 100 108 107 108 109 107 96 100 110 111 104 112 107 113 114 110 104 115 107 112 15 114 104 10 104 107 10 107 115 10 15 104 116 117 118 119 120 121 119 121 122 119 122 123 124 116 125 124 125 126 124 117 116 127 119 123 127 128 119 129 11 117 129 117 124 130 127 123 131 130 123 131 123 14 132 129 133 132 11 129 134 11 132 135 131 14 136 135 14 137 11 134 138 136 14 139 140 138 139 138 14 141 137 142 141 142 143 141 11 137 144 145 139 144 139 14 146 141 147 146 147 148 146 11 141 149 150 151 149 151 152 149 152 144 149 144 14 153 154 155 3 149 14 6 11 146 6 154 153 6 146 154 7 14 15 7 3 14 7 11 6 7 10 11 7 15 10 7 2 3 156 2 7 156 157 2 158 157 156 159 157 158 159 160 157 161 159 162 163 164 165 163 165 160 166 160 159 166 163 160 166 159 161 167 168 169 170 166 161 170 161 168 170 168 167 170 171 166 172 167 173 172 173 174 172 170 167 172 175 170 114 13 35 114 15 13 110 35 31 110 114 35 111 31 30 111 110 31 104 30 27 104 111 30 105 27 26 105 104 27 106 26 25 106 105 26 102 25 22 102 106 25 103 22 21 103 102 22 96 21 17 96 103 21 97 17 16 97 96 17 98 16 18 98 97 16 99 18 20 99 98 18 101 20 19 101 99 20 100 101 19 100 19 24 108 100 24 108 23 29 108 24 23 109 108 29 107 29 28 107 109 29 113 28 33 113 107 28 112 32 34 112 33 32 112 113 33 115 112 34 10 34 8 10 115 34 11 9 42 117 42 39 117 11 42 118 39 41 118 117 39 116 41 40 116 118 41 125 40 47 125 116 40 126 47 46 126 125 47 124 46 48 124 126 46 129 48 51 129 124 48 133 51 54 133 129 51 132 54 53 132 133 54 134 53 58 134 132 53 137 58 60 137 134 58 142 60 59 142 137 60 143 59 62 143 142 59 141 143 62 141 62 65 147 65 66 147 141 65 148 66 75 148 147 66 146 75 68 146 148 75 154 68 70 154 146 68 155 70 69 155 154 70 153 69 4 153 155 69 6 153 4 7 5 76 156 76 80 156 7 76 158 80 82 158 156 80 159 82 81 159 158 82 162 81 83 162 159 81 161 83 90 161 162 83 168 90 91 168 161 90 169 91 92 169 168 91 167 92 94 167 169 92 173 94 95 173 167 94 174 95 93 174 173 95 172 93 89 172 174 93 175 89 88 175 172 89 170 88 87 170 175 88 171 170 87 171 87 86 166 171 86 163 85 84 163 86 85 163 166 86 164 84 79 164 163 84 165 164 79 160 78 77 160 79 78 160 165 79 157 160 77 2 77 0 2 157 77 3 1 71 149 71 74 149 3 71 150 74 73 150 149 74 151 73 72 151 150 73 152 151 72 144 72 67 144 152 72 145 67 64 145 144 67 139 64 63 139 145 64 140 63 61 140 139 63 138 61 56 138 140 61 136 56 57 136 138 56 135 57 55 135 136 57 131 55 52 131 135 55 130 52 49 130 131 52 127 130 49 127 49 50 128 127 50 128 50 45 119 45 44 119 128 45 120 44 43 120 119 44 121 43 37 121 120 43 122 37 36 122 121 37 123 38 12 123 36 38 123 122 36 14 123 12</p>
        </triangles>
      </mesh>
    </geometry>
    <geometry id="geometry_095cea79_4bac_4e89_82ae_b7180d7cda6b" name="">
      <mesh>
        <source id="pos_12">
          <float_array id="pos_12-array" count="744">0.0055 -0.01802849 0 0.0055 -0.0165 0 0.0027 -0.0165 0 0.0027 -0.01802849 0 0.0027 -0.01802849 -0.0002 0.0027 -0.0165 -0.0002 0.0055 -0.0165 -0.0002 0.0055 -0.01802849 -0.0002 0.0027 -0.01810326 -0.002998136 0.0027 -0.01802849 -0.003 0.0055 -0.01802849 -0.003 0.0055 -0.01810326 -0.002998136 0.0027 -0.01817784 -0.002992546 0.0055 -0.01817784 -0.002992546 0.0027 -0.01825206 -0.002983246 0.0055 -0.01825206 -0.002983246 0.0027 -0.01832571 -0.002970259 0.0055 -0.01832571 -0.002970259 0.0027 -0.01839863 -0.002953616 0.0055 -0.01839863 -0.002953616 0.0055 -0.01847063 -0.002933359 0.0027 -0.01847063 -0.002933359 0.0027 -0.01854152 -0.002909539 0.0055 -0.01854152 -0.002909539 0.0055 -0.01861115 -0.002882214 0.0027 -0.01861115 -0.002882214 0.0055 -0.01867932 -0.002851453 0.0027 -0.01867932 -0.002851453 0.0055 -0.01874587 -0.002817333 0.0027 -0.01874587 -0.002817333 0.0027 -0.01881064 -0.002779936 0.0055 -0.01881064 -0.002779936 0.0027 -0.01887347 -0.002739358 0.0055 -0.01887347 -0.002739358 0.0055 -0.0189342 -0.002695699 0.0027 -0.0189342 -0.002695699 0.0055 -0.01899268 -0.002649067 0.0027 -0.01899268 -0.002649067 0.0027 -0.01904875 -0.002599578 0.0055 -0.01904875 -0.002599578 0.0027 -0.01910229 -0.002547355 0.0055 -0.01910229 -0.002547355 0.0055 -0.01915316 -0.002492529 0.0027 -0.01915316 -0.002492529 0.0027 -0.01920124 -0.002435235 0.0055 -0.01920124 -0.002435235 0.0027 -0.0192464 -0.002375616 0.0055 -0.0192464 -0.002375616 0.0027 -0.01928853 -0.002313819 0.0055 -0.01928853 -0.002313819 0.0027 -0.01932753 -0.00225 0.0055 -0.01932753 -0.00225 0.0027 -0.0193633 -0.002184316 0.0055 -0.0193633 -0.002184316 0.0027 -0.01939575 -0.002116931 0.0055 -0.01939575 -0.002116931 0.0027 -0.0194248 -0.002048012 0.0055 -0.0194248 -0.002048012 0.0027 -0.01945039 -0.00197773 0.0055 -0.01945039 -0.00197773 0.0027 -0.01947243 -0.001906261 0.0055 -0.01947243 -0.001906261 0.0055 -0.01949089 -0.001833781 0.0027 -0.01949089 -0.001833781 0.0027 -0.0195057 -0.001760472 0.0055 -0.0195057 -0.001760472 0.0027 -0.01951685 -0.001686516 0.0055 -0.01951685 -0.001686516 0.0027 -0.0195243 -0.001612095 0.0055 -0.0195243 -0.001612095 0.0055 -0.01952803 -0.001537396 0.0027 -0.01952803 -0.001537396 0.0027 -0.01952803 -0.001462604 0.0055 -0.01952803 -0.001462604 0.0027 -0.0195243 -0.001387905 0.0055 -0.0195243 -0.001387905 0.0027 -0.01951685 -0.001313485 0.0055 -0.01951685 -0.001313485 0.0027 -0.0195057 -0.001239528 0.0055 -0.0195057 -0.001239528 0.0055 -0.01949089 -0.001166219 0.0027 -0.01949089 -0.001166219 0.0027 -0.01947243 -0.001093739 0.0055 -0.01947243 -0.001093739 0.0027 -0.01945039 -0.00102227 0.0055 -0.01945039 -0.00102227 0.0027 -0.0194248 -0.0009519885 0.0055 -0.0194248 -0.0009519885 0.0027 -0.01939575 -0.0008830694 0.0055 -0.01939575 -0.0008830694 0.0027 -0.0193633 -0.000815684 0.0055 -0.0193633 -0.000815684 0.0027 -0.01932753 -0.00075 0.0055 -0.01932753 -0.00075 0.0027 -0.01928853 -0.0006861806 0.0055 -0.01928853 -0.0006861806 0.0027 -0.0192464 -0.0006243845 0.0055 -0.0192464 -0.0006243845 0.0027 -0.01920124 -0.0005647653 0.0055 -0.01920124 -0.0005647653 0.0027 -0.01915316 -0.0005074713 0.0055 -0.01915316 -0.0005074713 0.0027 -0.01910229 -0.0004526448 0.0055 -0.01910229 -0.0004526448 0.0027 -0.01904875 -0.0004004222 0.0055 -0.01904875 -0.0004004222 0.0055 -0.01899268 -0.0003509333 0.0027 -0.01899268 -0.0003509333 0.0027 -0.0189342 -0.0003043012 0.0055 -0.0189342 -0.0003043012 0.0027 -0.01887347 -0.0002606419 0.0055 -0.01887347 -0.0002606419 0.0027 -0.01881064 -0.0002200637 0.0055 -0.01881064 -0.0002200637 0.0027 -0.01874587 -0.0001826676 0.0055 -0.01874587 -0.0001826676 0.0027 -0.01867932 -0.0001485467 0.0055 -0.01867932 -0.0001485467 0.0027 -0.01861115 -0.0001177857 0.0055 -0.01861115 -0.0001177857 0.0027 -0.01854152 -9.046107e-05 0.0055 -0.01854152 -9.046107e-05 0.0027 -0.01847063 -6.664079e-05 0.0055 -0.01847063 -6.664079e-05 0.0027 -0.01839863 -4.638407e-05 0.0055 -0.01839863 -4.638407e-05 0.0027 -0.01832571 -2.974127e-05 0.0055 -0.01832571 -2.974127e-05 0.0027 -0.01825206 -1.675376e-05 0.0055 -0.01825206 -1.675376e-05 0.0027 -0.01817784 -7.453841e-06 0.0055 -0.01817784 -7.453841e-06 0.0027 -0.01810326 -1.86462e-06 0.0055 -0.01810326 -1.86462e-06 0.0027 -0.01810271 -0.0002021202 0.0027 -0.01817668 -0.0002084737 0.0027 -0.01825017 -0.00021904 0.0027 -0.01832294 -0.0002337845 0.0027 -0.01839475 -0.0002526591 0.0027 -0.01846536 -0.0002756024 0.0027 -0.01853454 -0.0003025393 0.0027 -0.01860208 -0.000333382 0.0027 -0.01866775 -0.0003680301 0.0027 -0.01873133 -0.0004063704 0.0027 -0.01879261 -0.0004482779 0.0027 -0.01885141 -0.0004936159 0.0027 -0.01890752 -0.0005422366 0.0027 -0.01896076 -0.0005939812 0.0027 -0.01901097 -0.0006486811 0.0027 -0.01905796 -0.0007061578 0.0027 -0.01910161 -0.0007662238 0.0027 -0.01914175 -0.0008286834 0.0027 -0.01917826 -0.0008933325 0.0027 -0.01921101 -0.0009599605 0.0027 -0.01923992 -0.00102835 0.0027 -0.01926487 -0.001098278 0.0027 -0.01928579 -0.001169516 0.0027 -0.0193026 -0.001241832 0.0027 -0.01931526 -0.001314991 0.0027 -0.01932372 -0.001388752 0.0027 -0.01932796 -0.001462877 0.0027 -0.01932796 -0.001537123 0.0027 -0.01802849 -0.0028 0.0027 -0.01810271 -0.00279788 0.0027 -0.01932372 -0.001611248 0.0027 -0.01817668 -0.002791526 0.0027 -0.01931526 -0.001685009 0.0027 -0.01825017 -0.00278096 0.0027 -0.0193026 -0.001758168 0.0027 -0.01832294 -0.002766216 0.0027 -0.01928579 -0.001830484 0.0027 -0.01839475 -0.002747341 0.0027 -0.01926487 -0.001901722 0.0027 -0.01846536 -0.002724398 0.0027 -0.01923992 -0.00197165 0.0027 -0.01853454 -0.002697461 0.0027 -0.01921101 -0.00204004 0.0027 -0.01860208 -0.002666618 0.0027 -0.01917826 -0.002106668 0.0027 -0.01866775 -0.00263197 0.0027 -0.01914175 -0.002171317 0.0027 -0.01873133 -0.00259363 0.0027 -0.01910161 -0.002233776 0.0027 -0.01879261 -0.002551722 0.0027 -0.01905796 -0.002293842 0.0027 -0.01885141 -0.002506384 0.0027 -0.01901097 -0.002351319 0.0027 -0.01890752 -0.002457764 0.0027 -0.01896076 -0.002406019 0.0055 -0.01802849 -0.0028 0.0055 -0.01810271 -0.00279788 0.0055 -0.01817668 -0.002791526 0.0055 -0.01825017 -0.00278096 0.0055 -0.01832294 -0.002766216 0.0055 -0.01839475 -0.002747341 0.0055 -0.01846536 -0.002724398 0.0055 -0.01853454 -0.002697461 0.0055 -0.01860208 -0.002666618 0.0055 -0.01866775 -0.00263197 0.0055 -0.01873133 -0.00259363 0.0055 -0.01879261 -0.002551722 0.0055 -0.01885141 -0.002506384 0.0055 -0.01890752 -0.002457764 0.0055 -0.01896076 -0.002406019 0.0055 -0.01901097 -0.002351319 0.0055 -0.01905796 -0.002293842 0.0055 -0.01910161 -0.002233776 0.0055 -0.01914175 -0.002171317 0.0055 -0.01917826 -0.002106668 0.0055 -0.01921101 -0.00204004 0.0055 -0.01923992 -0.00197165 0.0055 -0.01926487 -0.001901722 0.0055 -0.01928579 -0.001830484 0.0055 -0.0193026 -0.001758168 0.0055 -0.01931526 -0.001685009 0.0055 -0.01932372 -0.001611248 0.0055 -0.01932796 -0.001537123 0.0055 -0.01932796 -0.001462877 0.0055 -0.01932372 -0.001388752 0.0055 -0.01931526 -0.001314991 0.0055 -0.0193026 -0.001241832 0.0055 -0.01928579 -0.001169516 0.0055 -0.01926487 -0.001098278 0.0055 -0.01923992 -0.00102835 0.0055 -0.01921101 -0.0009599605 0.0055 -0.01917826 -0.0008933325 0.0055 -0.01914175 -0.0008286834 0.0055 -0.01910161 -0.0007662238 0.0055 -0.01905796 -0.0007061578 0.0055 -0.01901097 -0.0006486811 0.0055 -0.01896076 -0.0005939812 0.0055 -0.01890752 -0.0005422366 0.0055 -0.01885141 -0.0004936159 0.0055 -0.01879261 -0.0004482779 0.0055 -0.01873133 -0.0004063704 0.0055 -0.01866775 -0.0003680301 0.0055 -0.01860208 -0.000333382 0.0055 -0.01853454 -0.0003025393 0.0055 -0.01846536 -0.0002756024 0.0055 -0.01839475 -0.0002526591 0.0055 -0.01832294 -0.0002337845 0.0055 -0.01825017 -0.00021904 0.0055 -0.01817668 -0.0002084737 0.0055 -0.01810271 -0.0002021202 0.0027 -0.0165 -0.003 0.0055 -0.0165 -0.003 0.0027 -0.0165 -0.0028 0.0055 -0.0165 -0.0028</float_array>
          <technique_common>
            <accessor count="248" source="#pos_12-array" stride="3"><param type="float" name="X"/><param type="float" name="Y"/><param type="float" name="Z"/></accessor></technique_common>
        </source>
        <vertices id="vert_12">
          <input semantic="POSITION" source="#pos_12"/>
        </vertices>
        <triangles count="492" material="mat_13">
          <input semantic="VERTEX" source="#vert_12" offset="0"/>
          <p>0 1 2 0 2 3 4 3 2 4 2 5 6 4 5 6 7 4 0 7 6 0 6 1 8 9 10 8 10 11 12 8 11 12 11 13 14 12 13 14 13 15 16 14 15 16 15 17 18 16 17 18 17 19 18 19 20 21 18 20 22 21 20 22 20 23 22 23 24 25 22 24 25 24 26 27 25 26 27 26 28 29 27 28 30 29 28 30 28 31 32 31 33 32 33 34 32 30 31 35 32 34 35 34 36 37 35 36 38 36 39 38 37 36 40 39 41 40 41 42 40 38 39 43 40 42 44 43 42 44 42 45 46 44 45 46 45 47 48 46 47 48 47 49 50 48 49 50 49 51 52 50 51 52 51 53 54 52 53 54 53 55 56 54 55 56 55 57 58 56 57 58 57 59 60 58 59 60 59 61 60 61 62 63 60 62 64 63 62 64 62 65 66 64 65 66 65 67 68 66 67 68 67 69 68 69 70 71 68 70 72 71 70 72 70 73 74 72 73 74 73 75 76 74 75 76 75 77 78 79 80 78 76 77 78 77 79 81 78 80 82 80 83 82 81 80 84 83 85 84 82 83 86 85 87 86 84 85 88 87 89 88 86 87 90 89 91 90 88 89 92 91 93 92 90 91 94 92 93 94 93 95 96 94 95 96 95 97 98 96 97 98 97 99 100 99 101 100 98 99 102 101 103 102 100 101 104 103 105 104 105 106 104 102 103 107 104 106 108 106 109 108 107 106 110 109 111 110 108 109 112 111 113 112 110 111 114 113 115 114 112 113 116 115 117 116 114 115 118 117 119 118 116 117 120 119 121 120 118 119 122 121 123 122 120 121 124 123 125 124 122 123 126 125 127 126 124 125 128 127 129 128 126 127 130 129 131 130 128 129 132 131 133 132 130 131 3 132 133 3 133 0 4 132 3 134 132 4 134 130 132 135 130 134 135 128 130 136 128 135 136 126 128 137 126 136 137 124 126 138 124 137 138 122 124 139 122 138 139 120 122 140 120 139 140 116 118 140 118 120 141 116 140 141 114 116 142 114 141 142 112 114 143 110 112 143 112 142 144 108 110 144 110 143 145 107 108 145 108 144 146 104 107 146 107 145 147 104 146 102 104 147 100 147 148 100 102 147 98 148 149 98 100 148 96 149 150 96 98 149 94 150 151 94 96 150 92 151 152 92 94 151 90 92 152 90 152 153 88 90 153 88 153 154 86 88 154 84 86 154 84 154 155 82 84 155 82 155 156 81 82 156 81 156 157 78 81 157 78 157 158 76 78 158 76 158 159 74 76 159 74 159 160 72 74 160 72 160 161 71 72 161 8 162 9 8 163 162 68 71 161 68 161 164 12 163 8 12 165 163 66 68 164 66 164 166 14 165 12 14 167 165 64 66 166 64 166 168 16 169 167 16 167 14 63 168 170 63 64 168 18 171 169 18 169 16 60 63 170 60 170 172 21 171 18 21 173 171 58 60 172 58 172 174 22 173 21 22 175 173 56 58 174 25 175 22 54 56 174 54 174 176 27 175 25 27 177 175 52 54 176 52 176 178 29 177 27 29 179 177 50 52 178 50 178 180 30 179 29 30 181 179 48 50 180 48 180 182 32 183 181 32 181 30 46 48 182 46 182 184 35 183 32 35 185 183 44 46 184 44 184 186 37 185 35 37 187 185 43 44 186 43 186 188 38 187 37 38 188 187 40 43 188 40 188 38 162 163 189 189 163 190 190 165 191 191 165 192 163 165 190 165 167 192 192 169 193 167 169 192 193 171 194 169 171 193 194 173 195 171 173 194 195 175 196 173 175 195 196 177 197 175 177 196 197 179 198 177 179 197 198 181 199 179 181 198 199 183 200 200 183 201 181 183 199 183 185 201 201 187 202 185 187 201 202 188 203 187 188 202 203 186 204 188 186 203 204 184 205 186 184 204 205 182 206 184 182 205 206 180 207 182 180 206 207 178 208 180 178 207 208 176 209 178 176 208 209 174 210 210 174 211 176 174 209 174 172 211 211 172 212 172 170 212 212 170 213 170 168 213 168 166 213 213 166 214 166 164 214 214 164 215 164 161 215 215 161 216 216 161 217 161 160 217 217 160 218 160 159 218 218 158 219 159 158 218 219 157 220 158 157 219 220 156 221 221 156 222 157 156 220 156 155 222 222 154 223 223 154 224 155 154 222 224 153 225 154 153 224 153 152 225 225 151 226 152 151 225 226 150 227 227 150 228 151 150 226 150 149 228 228 148 229 149 148 228 229 147 230 148 147 229 230 146 231 147 146 230 231 145 232 146 145 231 232 144 233 145 144 232 233 143 234 144 143 233 234 142 235 143 142 234 142 141 235 235 141 236 141 140 236 236 140 237 237 140 238 140 139 238 139 138 238 238 138 239 239 138 240 138 137 240 137 136 240 240 136 241 136 135 241 241 135 242 135 134 242 242 134 243 134 4 243 243 4 7 189 11 10 190 11 189 190 13 11 191 13 190 191 15 13 192 15 191 192 17 15 193 17 192 193 19 17 194 19 193 194 20 19 195 20 194 195 23 20 196 23 195 196 24 23 196 26 24 197 26 196 197 28 26 198 28 197 198 31 28 199 31 198 199 33 31 200 34 33 200 33 199 201 36 34 201 34 200 202 39 36 202 36 201 203 39 202 41 39 203 42 203 204 42 41 203 45 204 205 45 42 204 47 205 206 47 45 205 49 206 207 49 47 206 51 49 207 51 207 208 53 51 208 53 208 209 55 53 209 55 209 210 57 55 210 59 57 210 59 210 211 61 59 211 61 211 212 62 212 213 62 61 212 65 213 214 65 62 213 67 214 215 67 65 214 69 215 216 69 67 215 70 216 217 70 69 216 73 70 217 133 243 7 133 7 0 75 217 218 75 73 217 131 242 243 131 243 133 77 218 219 77 75 218 129 241 242 129 242 131 79 219 220 79 77 219 127 240 241 127 241 129 80 220 221 80 79 220 125 239 240 125 240 127 83 221 222 83 80 221 123 239 125 123 238 239 85 83 222 85 222 223 121 238 123 121 237 238 87 85 223 119 237 121 89 223 224 89 87 223 117 236 237 117 237 119 91 89 224 91 224 225 115 236 117 115 235 236 93 91 225 93 225 226 113 235 115 113 234 235 95 93 226 95 226 227 111 234 113 111 233 234 97 227 228 97 95 227 109 232 233 109 233 111 99 228 229 99 97 228 106 231 232 106 232 109 101 229 230 101 99 229 105 230 231 105 231 106 103 101 230 103 230 105 10 9 244 10 244 245 9 162 246 9 246 244 162 189 247 162 247 246 189 10 245 189 245 247 1 6 2 2 6 5 247 245 244 247 244 246</p>
        </triangles>
      </mesh>
    </geometry>
    <geometry id="geometry_dc43e2d2_3091_4ebc_a584_ea59b8626db3" name="">
      <mesh>
        <source id="pos_13">
          <float_array id="pos_13-array" count="792">-0.01099498 0.01270208 -0.0028 -0.0125 0.0135 -0.0028 -0.01170208 0.01199498 -0.0028 -0.007994975 0.01270208 -0.0028 -0.008702082 0.01199498 -0.0028 -0.01170208 0.008994975 -0.0028 -0.01099498 0.009702082 -0.0028 -0.009297919 0.01100503 -0.0028 -0.01000503 0.01029792 -0.0028 -0.008702082 0.008994975 -0.0028 -0.004994975 0.01270208 -0.0028 -0.005702082 0.01199498 -0.0028 -0.007994975 0.009702082 -0.0028 -0.01170208 0.005994975 -0.0028 -0.01099498 0.006702082 -0.0028 -0.006297919 0.01100503 -0.0028 -0.007005026 0.01029792 -0.0028 -0.009297919 0.008005025 -0.0028 -0.01000503 0.007297919 -0.0028 -0.004994975 0.009702082 -0.0028 -0.01170208 0.002994975 -0.0028 -0.008702082 0.005994975 -0.0028 -0.007994975 0.006702082 -0.0028 -0.005702082 0.008994975 -0.0028 -0.01099498 0.003702082 -0.0028 -0.001994975 0.01270208 -0.0028 -0.002702082 0.01199498 -0.0028 -0.004005026 0.01029792 -0.0028 -0.007005026 0.007297919 -0.0028 -0.006297919 0.008005025 -0.0028 -0.01000503 0.004297919 -0.0028 -0.009297919 0.005005026 -0.0028 -0.003297919 0.01100503 -0.0028 -0.002702082 0.008994975 -0.0028 -0.01170208 -5.02525e-06 -0.0028 -0.01099498 0.0007020815 -0.0028 0.0002979185 0.01199498 -0.0028 0.001005025 0.01270208 -0.0028 -0.007994975 0.003702082 -0.0028 -0.008702082 0.002994975 -0.0028 -0.001994975 0.009702082 -0.0028 -0.005702082 0.005994975 -0.0028 -0.004994975 0.006702082 -0.0028 -0.0002979185 0.01100503 -0.0028 -0.001005025 0.01029792 -0.0028 -0.007005026 0.004297919 -0.0028 -0.009297919 0.002005025 -0.0028 -0.01000503 0.001297918 -0.0028 -0.004005026 0.007297919 -0.0028 -0.003297919 0.008005025 -0.0028 -0.006297919 0.005005026 -0.0028 0.001005025 0.009702082 -0.0028 0.0002979185 0.008994975 -0.0028 -0.008702082 -5.02525e-06 -0.0028 -0.007994975 0.0007020815 -0.0028 -0.004994975 0.003702082 -0.0028 -0.005702082 0.002994975 -0.0028 -0.001994975 0.006702082 -0.0028 -0.002702082 0.005994975 -0.0028 0.003297919 0.01199498 -0.0028 0.004005026 0.01270208 -0.0028 -0.01170208 -0.003005025 -0.0028 -0.01099498 -0.002297919 -0.0028 -0.0002979185 0.008005025 -0.0028 -0.01000503 -0.001702082 -0.0028 0.001994975 0.01029792 -0.0028 0.002702082 0.01100503 -0.0028 -0.004005026 0.004297919 -0.0028 -0.003297919 0.005005026 -0.0028 -0.009297919 -0.0009949747 -0.0028 -0.006297919 0.002005025 -0.0028 -0.007005026 0.001297918 -0.0028 -0.001005025 0.007297919 -0.0028 0.001005025 0.006702082 -0.0028 -0.008702082 -0.003005025 -0.0028 0.004005026 0.009702082 -0.0028 0.003297919 0.008994975 -0.0028 -0.005702082 -5.02525e-06 -0.0028 -0.004994975 0.0007020815 -0.0028 -0.007994975 -0.002297919 -0.0028 0.0002979185 0.005994975 -0.0028 -0.01170208 -0.006005025 -0.0028 -0.01099498 -0.005297919 -0.0028 -0.001994975 0.003702082 -0.0028 -0.002702082 0.002994975 -0.0028 0.007005026 0.01270208 -0.0028 0.006297919 0.01199498 -0.0028 -0.007005026 -0.001702082 -0.0028 -0.0002979185 0.005005026 -0.0028 0.001994975 0.007297919 -0.0028 -0.003297919 0.002005025 -0.0028 0.002702082 0.008005025 -0.0028 -0.004005026 0.001297918 -0.0028 0.004994975 0.01029792 -0.0028 0.005702082 0.01100503 -0.0028 -0.009297919 -0.003994975 -0.0028 -0.006297919 -0.0009949747 -0.0028 -0.01000503 -0.004702082 -0.0028 -0.001005025 0.004297919 -0.0028 -0.01099498 -0.008297918 -0.0028 -0.01170208 -0.009005025 -0.0028 0.0002979185 0.002994975 -0.0028 0.001005025 0.003702082 -0.0028 0.006297919 0.008994975 -0.0028 -0.002702082 -5.02525e-06 -0.0028 0.004005026 0.006702082 -0.0028 0.003297919 0.005994975 -0.0028 -0.005702082 -0.003005025 -0.0028 -0.004994975 -0.002297919 -0.0028 -0.001994975 0.0007020815 -0.0028 0.009297919 0.01199498 -0.0028 0.01000503 0.01270208 -0.0028 -0.008702082 -0.006005025 -0.0028 -0.007994975 -0.005297919 -0.0028 0.007005026 0.009702082 -0.0028 -0.004005026 -0.001702082 -0.0028 0.001994975 0.004297919 -0.0028 0.002702082 0.005005026 -0.0028 -0.01000503 -0.007702082 -0.0028 0.004994975 0.007297919 -0.0028 0.005702082 0.008005025 -0.0028 -0.003297919 -0.0009949747 -0.0028 0.007994975 0.01029792 -0.0028 -0.001005025 0.001297918 -0.0028 -0.006297919 -0.003994975 -0.0028 -0.0002979185 0.002005025 -0.0028 -0.009297919 -0.006994975 -0.0028 -0.007005026 -0.004702082 -0.0028 0.008702082 0.01100503 -0.0028 0.0125 0.0135 -0.0028 -0.008702082 -0.009005025 -0.0028 -0.007994975 -0.008297918 -0.0028 0.0002979185 -5.02525e-06 -0.0028 0.001005025 0.0007020815 -0.0028 0.004005026 0.003702082 -0.0028 0.003297919 0.002994975 -0.0028 0.01000503 0.009702082 -0.0028 -0.004994975 -0.005297919 -0.0028 -0.005702082 -0.006005025 -0.0028 0.007005026 0.006702082 -0.0028 0.006297919 0.005994975 -0.0028 -0.002702082 -0.003005025 -0.0028 -0.001994975 -0.002297919 -0.0028 0.009297919 0.008994975 -0.0028 0.001994975 0.001297918 -0.0028 0.002702082 0.002005025 -0.0028 0.004994975 0.004297919 -0.0028 0.005702082 0.005005026 -0.0028 -0.004005026 -0.004702082 -0.0028 -0.003297919 -0.003994975 -0.0028 0.007994975 0.007297919 -0.0028 -0.006297919 -0.006994975 -0.0028 -0.001005025 -0.001702082 -0.0028 -0.0002979185 -0.0009949747 -0.0028 -0.007005026 -0.007702082 -0.0028 -0.009297919 -0.009994975 -0.0028 0.008702082 0.008005025 -0.0028 0.01099498 0.01029792 -0.0028 0.01170208 0.01100503 -0.0028 0.001005025 -0.002297919 -0.0028 0.0002979185 -0.003005025 -0.0028 0.003297919 -5.02525e-06 -0.0028 0.004005026 0.0007020815 -0.0028 -0.004994975 -0.008297918 -0.0028 -0.005702082 -0.009005025 -0.0028 0.007005026 0.003702082 -0.0028 0.006297919 0.002994975 -0.0028 0.009297919 0.005994975 -0.0028 0.01000503 0.006702082 -0.0028 -0.002702082 -0.006005025 -0.0028 -0.001994975 -0.005297919 -0.0028 -0.007005026 -0.01070208 -0.0028 -0.01000503 -0.01070208 -0.0028 -0.006297919 -0.009994975 -0.0028 0.001994975 -0.001702082 -0.0028 0.002702082 -0.0009949747 -0.0028 0.004994975 0.001297918 -0.0028 0.005702082 0.002005025 -0.0028 -0.004005026 -0.007702082 -0.0028 -0.003297919 -0.006994975 -0.0028 0.007994975 0.004297919 -0.0028 0.008702082 0.005005026 -0.0028 -0.001005025 -0.004702082 -0.0028 -0.0002979185 -0.003994975 -0.0028 0.01099498 0.007297919 -0.0028 0.01170208 0.008005025 -0.0028 -0.0125 -0.0165 -0.0028 -0.002702082 -0.009005025 -0.0028 -0.001994975 -0.008297918 -0.0028 0.001005025 -0.005297919 -0.0028 0.0002979185 -0.006005025 -0.0028 0.004005026 -0.002297919 -0.0028 0.003297919 -0.003005025 -0.0028 0.006297919 -5.02525e-06 -0.0028 0.009297919 0.002994975 -0.0028 0.01000503 0.003702082 -0.0028 0.007005026 0.0007020815 -0.0028 0.004994975 -0.001702082 -0.0028 -0.0002979185 -0.006994975 -0.0028 0.001994975 -0.004702082 -0.0028 0.002702082 -0.003994975 -0.0028 0.005702082 -0.0009949747 -0.0028 -0.004005026 -0.01070208 -0.0028 -0.003297919 -0.009994975 -0.0028 0.007994975 0.001297918 -0.0028 0.008702082 0.002005025 -0.0028 0.01099498 0.004297919 -0.0028 0.01170208 0.005005026 -0.0028 -0.001005025 -0.007702082 -0.0028 0.0002979185 -0.009005025 -0.0028 0.001005025 -0.008297918 -0.0028 0.004005026 -0.005297919 -0.0028 0.003297919 -0.006005025 -0.0028 0.01000503 0.0007020815 -0.0028 0.009297919 -5.02525e-06 -0.0028 0.007005026 -0.002297919 -0.0028 0.006297919 -0.003005025 -0.0028 -0.0002979185 -0.009994975 -0.0028 0.007994975 -0.001702082 -0.0028 -0.001005025 -0.01070208 -0.0028 0.001994975 -0.007702082 -0.0028 0.002702082 -0.006994975 -0.0028 0.004994975 -0.004702082 -0.0028 0.005702082 -0.003994975 -0.0028 0.008702082 -0.0009949747 -0.0028 0.01099498 0.001297918 -0.0028 0.01170208 0.002005025 -0.0028 0.003297919 -0.009005025 -0.0028 0.004005026 -0.008297918 -0.0028 0.007005026 -0.005297919 -0.0028 0.006297919 -0.006005025 -0.0028 0.009297919 -0.003005025 -0.0028 0.01000503 -0.002297919 -0.0028 0.01099498 -0.001702082 -0.0028 0.001994975 -0.01070208 -0.0028 0.002702082 -0.009994975 -0.0028 0.004994975 -0.007702082 -0.0028 0.005702082 -0.006994975 -0.0028 0.007994975 -0.004702082 -0.0028 0.008702082 -0.003994975 -0.0028 0.01170208 -0.0009949747 -0.0028 0.007005026 -0.008297918 -0.0028 0.006297919 -0.009005025 -0.0028 0.009297919 -0.006005025 -0.0028 0.01000503 -0.005297919 -0.0028 0.004994975 -0.01070208 -0.0028 0.005702082 -0.009994975 -0.0028 0.007994975 -0.007702082 -0.0028 0.008702082 -0.006994975 -0.0028 0.01099498 -0.004702082 -0.0028 0.01170208 -0.003994975 -0.0028 0.009297919 -0.009005025 -0.0028 0.01000503 -0.008297918 -0.0028 0.007994975 -0.01070208 -0.0028 0.008702082 -0.009994975 -0.0028 0.01099498 -0.007702082 -0.0028 0.01170208 -0.006994975 -0.0028 0.01099498 -0.01070208 -0.0028 0.01170208 -0.009994975 -0.0028 0.0125 -0.0165 -0.0028 0.0125 -0.0165 -0.003 -0.0125 -0.0165 -0.003 0.0125 0.0135 -0.003 -0.0125 0.0135 -0.003</float_array>
          <technique_common>
            <accessor count="264" source="#pos_13-array" stride="3"><param type="float" name="X"/><param type="float" name="Y"/><param type="float" name="Z"/></accessor></technique_common>
        </source>
        <vertices id="vert_13">
          <input semantic="POSITION" source="#pos_13"/>
        </vertices>
        <triangles count="396" material="mat_14">
          <input semantic="VERTEX" source="#vert_13" offset="0"/>
          <p>0 1 2 3 1 0 4 3 0 5 2 1 5 6 2 7 4 0 8 2 6 9 8 6 10 1 3 10 3 11 12 7 8 12 4 7 12 8 9 13 14 5 13 5 1 15 11 3 16 4 12 17 9 6 18 5 14 19 15 16 20 13 1 21 17 18 21 18 14 21 22 17 23 19 16 24 13 20 25 10 26 27 15 19 27 11 15 28 9 17 28 17 22 29 23 16 29 16 12 30 13 24 31 21 14 32 26 10 33 27 19 33 32 27 34 20 1 34 35 20 36 37 25 38 31 30 38 21 31 38 30 39 40 32 33 41 42 29 41 29 28 43 36 25 44 26 32 44 32 40 45 21 38 46 30 24 46 39 30 47 20 35 48 29 42 48 23 29 49 33 19 50 41 28 50 28 22 51 43 44 52 51 44 53 46 47 53 54 46 53 47 35 55 50 45 55 45 56 57 33 49 57 48 58 57 49 48 59 60 37 61 62 34 63 44 40 63 52 44 64 34 62 65 43 51 65 36 43 66 59 37 67 41 50 67 50 55 68 48 42 68 58 48 69 53 35 70 56 45 70 45 38 71 39 46 71 46 54 72 33 57 73 63 72 73 52 63 74 64 62 75 65 76 75 66 65 77 70 71 77 78 70 79 69 64 79 64 74 80 73 72 81 82 61 83 67 84 83 68 67 85 60 86 87 53 69 87 69 79 88 80 72 88 72 57 89 52 73 90 84 67 90 67 55 91 65 51 91 76 65 92 56 70 92 70 78 93 59 66 93 66 75 94 86 60 95 74 62 96 77 71 96 71 54 97 61 82 98 68 83 98 58 68 99 81 100 101 88 98 102 88 101 103 94 93 104 90 92 105 91 89 105 89 106 107 87 79 107 96 87 108 96 107 109 90 104 110 111 85 112 113 95 112 95 97 114 94 103 115 77 96 115 96 108 116 80 88 116 88 102 117 89 73 117 106 89 118 81 99 119 76 91 119 91 105 120 93 75 120 103 93 121 104 92 121 92 78 122 94 114 122 86 94 123 84 90 123 90 109 124 107 79 125 98 83 125 101 98 126 97 82 126 112 97 127 95 113 127 74 95 128 110 85 129 60 85 129 85 111 130 118 99 131 112 126 131 126 118 131 118 130 132 125 123 132 123 109 133 101 125 133 125 132 134 116 135 134 117 116 136 110 128 136 128 122 137 127 138 137 124 127 139 119 140 139 120 119 141 142 121 141 121 115 143 122 114 143 136 122 144 101 133 145 135 116 145 116 102 146 106 117 146 117 134 147 119 105 147 140 119 148 107 124 148 124 137 149 115 108 149 141 115 150 103 120 150 120 139 151 127 113 151 138 127 152 121 142 152 104 121 153 132 109 154 112 131 155 130 99 156 143 114 157 110 136 158 129 111 159 153 152 159 152 160 161 144 133 162 145 144 162 144 161 163 138 151 163 151 154 163 154 164 165 140 147 165 146 166 165 147 146 167 150 139 168 150 167 168 156 150 169 170 149 169 148 137 169 149 148 171 155 172 171 130 155 173 154 131 173 164 154 174 132 153 174 153 159 175 161 133 176 135 145 176 145 162 177 146 134 177 166 146 178 138 163 179 169 137 180 140 165 181 167 139 182 141 149 182 149 170 183 152 142 183 160 152 184 156 168 184 143 156 185 158 157 185 129 158 185 157 136 186 171 172 186 81 61 186 172 100 186 100 81 187 178 163 187 179 178 188 179 187 189 183 182 189 160 183 189 182 190 191 175 174 191 174 192 193 176 162 194 181 180 195 167 181 195 181 194 196 176 193 196 177 176 197 161 175 197 175 191 198 182 170 198 190 182 199 160 189 200 192 174 200 174 159 201 193 162 202 171 186 202 164 173 202 173 171 203 187 163 204 166 177 204 177 196 205 194 180 205 180 165 206 167 195 207 185 184 207 184 168 208 179 188 208 169 179 209 208 188 210 198 208 210 208 209 211 200 199 211 199 212 213 205 204 213 194 205 213 204 214 215 201 197 215 197 216 217 209 188 218 193 201 218 201 215 219 187 203 219 202 186 219 203 202 220 190 198 220 198 210 221 199 189 221 212 199 222 192 200 222 200 211 223 197 191 223 216 197 224 204 196 224 214 204 225 194 213 226 206 195 226 207 206 227 220 210 228 220 227 228 221 220 229 222 230 229 223 222 231 224 218 232 224 231 233 224 232 233 214 224 234 209 217 234 217 219 235 227 210 236 212 221 236 221 228 237 230 222 237 222 211 238 216 223 238 223 229 239 231 218 239 218 215 240 225 213 240 226 225 241 236 242 241 237 236 243 239 238 243 244 239 245 227 235 245 235 234 246 236 228 246 242 236 247 230 237 247 237 241 248 243 238 248 238 229 249 239 244 249 231 239 250 233 232 250 240 233 251 247 241 252 248 247 252 247 251 253 242 246 253 246 245 254 251 241 255 243 248 255 248 252 256 250 249 256 249 244 257 254 253 257 251 254 258 256 255 258 255 252 259 234 219 259 258 257 259 257 253 259 253 245 259 219 186 259 245 234 259 129 185 259 185 207 259 207 226 259 226 240 259 240 250 259 250 256 259 256 258 129 1 10 129 10 25 129 25 37 129 37 60 1 186 61 1 61 34 259 186 260 260 186 261 129 259 262 262 259 260 1 262 263 1 129 262 186 263 261 186 1 263 262 261 263 262 260 261</p>
        </triangles>
      </mesh>
    </geometry>
    <geometry id="geometry_334f6677_d2f5_4b0b_ab56_99145103b63b" name="">
      <mesh>
        <source id="pos_14">
          <float_array id="pos_14-array" count="891">-0.01146473 -0.01601811 -0.00105 -0.01031473 -0.01341811 -0.00105 -0.01146473 -0.01341811 -0.00105 -0.004364728 -0.01601811 -0.00105 -0.005514728 -0.01341811 -0.00105 -0.01031473 -0.01321811 -0.00105 -0.005514728 -0.01321811 -0.00105 -0.004364728 -0.01341811 -0.00105 -0.01091473 -0.01601811 -0.00145 -0.01066473 -0.01601811 -0.00115 -0.01066473 -0.01601811 -0.00145 -0.01091473 -0.01601811 -0.00215 -0.01146473 -0.01601811 -0.0028 -0.01066473 -0.01601811 -0.0027 -0.01066473 -0.01601811 -0.00215 -0.004914728 -0.01601811 -0.00145 -0.005164728 -0.01601811 -0.00115 -0.005164728 -0.01601811 -0.00145 -0.004914728 -0.01601811 -0.00215 -0.005164728 -0.01601811 -0.0027 -0.005164728 -0.01601811 -0.00215 -0.004364728 -0.01601811 -0.0028 -0.004364728 -0.01591811 -0.0027 -0.004364728 -0.01591811 -0.0028 -0.004364728 -0.01341811 -0.0027 -0.005514728 -0.01341811 -0.0016 -0.004864728 -0.01341811 -0.0027 -0.005514728 -0.01341811 -0.0027 -0.004864728 -0.01341811 -0.0012 -0.005514728 -0.01341811 -0.00125 -0.004664728 -0.01341811 -0.0012 -0.004664728 -0.01341811 -0.0027 -0.005514728 -0.01321811 -0.00125 -0.01000973 -0.01321811 -0.00118 -0.01031473 -0.01321811 -0.00125 -0.01000973 -0.01321811 -0.00125 -0.009819728 -0.01321811 -0.00118 -0.009209729 -0.01321811 -0.00118 -0.009209729 -0.01321811 -0.00125 -0.009819728 -0.01321811 -0.00125 -0.009019728 -0.01321811 -0.00118 -0.008409728 -0.01321811 -0.00125 -0.009019728 -0.01321811 -0.00125 -0.008409728 -0.01321811 -0.00118 -0.008219729 -0.01321811 -0.00118 -0.007609728 -0.01321811 -0.00125 -0.008219729 -0.01321811 -0.00125 -0.007609728 -0.01321811 -0.00118 -0.007419728 -0.01321811 -0.00118 -0.006809729 -0.01321811 -0.00125 -0.007419728 -0.01321811 -0.00125 -0.006809729 -0.01321811 -0.00118 -0.006619728 -0.01321811 -0.00118 -0.006009728 -0.01321811 -0.00118 -0.006619728 -0.01321811 -0.00125 -0.006009728 -0.01321811 -0.00125 -0.005819728 -0.01321811 -0.00118 -0.005819728 -0.01321811 -0.00125 -0.01031473 -0.01341811 -0.00125 -0.01116473 -0.01341811 -0.0012 -0.01116473 -0.01341811 -0.0027 -0.01146473 -0.01341811 -0.0027 -0.01096473 -0.01341811 -0.0012 -0.01031473 -0.01341811 -0.0016 -0.01031473 -0.01341811 -0.0027 -0.01096473 -0.01341811 -0.0027 -0.01146473 -0.01591811 -0.0027 -0.01146473 -0.01591811 -0.0028 -0.01086473 -0.01591811 -0.0028 -0.008520877 -0.01495678 -0.0028 -0.01086473 -0.01371811 -0.0028 -0.008476974 -0.01495678 -0.0028 -0.008294048 -0.01495678 -0.0028 -0.008446621 -0.01487263 -0.0028 -0.008250145 -0.01495678 -0.0028 -0.008322688 -0.01487263 -0.0028 -0.008403804 -0.01465678 -0.0028 -0.008068305 -0.01495678 -0.0028 -0.008184801 -0.01491352 -0.0028 -0.00836356 -0.01465678 -0.0028 -0.007986731 -0.01495678 -0.0028 -0.007928194 -0.01495678 -0.0028 -0.008185876 -0.01469868 -0.0028 -0.008228194 -0.01480301 -0.0028 -0.007928194 -0.01492385 -0.0028 -0.00791356 -0.01482141 -0.0028 -0.007807462 -0.01492385 -0.0028 -0.008071392 -0.01465678 -0.0028 -0.007986731 -0.01465678 -0.0028 -0.007807462 -0.01482141 -0.0028 -0.007708682 -0.0149083 -0.0028 -0.007708682 -0.01494123 -0.0028 -0.007767219 -0.01495678 -0.0028 -0.007920877 -0.01468971 -0.0028 -0.00791356 -0.01478849 -0.0028 -0.007626136 -0.01496044 -0.0028 -0.007920877 -0.01465678 -0.0028 -0.007807462 -0.01468971 -0.0028 -0.007807462 -0.01478849 -0.0028 -0.007459901 -0.01495678 -0.0028 -0.007523875 -0.01491998 -0.0028 -0.007459901 -0.01492385 -0.0028 -0.007708682 -0.01466501 -0.0028 -0.007708682 -0.01470526 -0.0028 -0.007767219 -0.01465678 -0.0028 -0.007525755 -0.01480998 -0.0028 -0.007631681 -0.01492751 -0.0028 -0.007554273 -0.01489496 -0.0028 -0.007638426 -0.01468605 -0.0028 -0.007485511 -0.01481244 -0.0028 -0.007638083 -0.01465312 -0.0028 -0.007555992 -0.01472079 -0.0028 -0.007346487 -0.01492385 -0.0028 -0.007346487 -0.01465678 -0.0028 -0.007527204 -0.01469836 -0.0028 -0.004964728 -0.01591811 -0.0028 -0.007306243 -0.01495678 -0.0028 -0.004964728 -0.01371811 -0.0028 -0.007306243 -0.01465678 -0.0028 -0.005214728 -0.01596811 -0.00265 -0.005214728 -0.01596811 -0.0021 -0.004964728 -0.01596811 -0.0021 -0.004964728 -0.01596811 -0.0015 -0.005214728 -0.01596811 -0.0015 -0.005214728 -0.01596811 -0.0012 -0.01061473 -0.01596811 -0.0012 -0.01061473 -0.01596811 -0.0015 -0.01086473 -0.01596811 -0.0015 -0.01086473 -0.01596811 -0.0021 -0.01061473 -0.01596811 -0.0021 -0.01061473 -0.01596811 -0.00265 -0.01086473 -0.01591811 -0.0027 -0.01116473 -0.01586811 -0.0027 -0.01096473 -0.01586811 -0.0027 -0.01086473 -0.01371811 -0.0027 -0.01000973 -0.01360811 -0.0027 -0.01000973 -0.01321811 -0.0027 -0.01031473 -0.01321811 -0.0027 -0.009209729 -0.01360811 -0.0027 -0.009819728 -0.01360811 -0.0027 -0.009819728 -0.01321811 -0.0027 -0.009209729 -0.01321811 -0.0027 -0.008409728 -0.01360811 -0.0027 -0.009019728 -0.01360811 -0.0027 -0.009019728 -0.01321811 -0.0027 -0.008409728 -0.01321811 -0.0027 -0.007609728 -0.01360811 -0.0027 -0.008219729 -0.01360811 -0.0027 -0.008219729 -0.01321811 -0.0027 -0.007609728 -0.01321811 -0.0027 -0.004664728 -0.01586811 -0.0027 -0.004964728 -0.01591811 -0.0027 -0.004864728 -0.01586811 -0.0027 -0.006809729 -0.01321811 -0.0027 -0.007419728 -0.01360811 -0.0027 -0.007419728 -0.01321811 -0.0027 -0.006809729 -0.01360811 -0.0027 -0.006009728 -0.01321811 -0.0027 -0.006619728 -0.01360811 -0.0027 -0.006619728 -0.01321811 -0.0027 -0.006009728 -0.01360811 -0.0027 -0.005819728 -0.01360811 -0.0027 -0.005819728 -0.01321811 -0.0027 -0.005514728 -0.01321811 -0.0027 -0.004964728 -0.01371811 -0.0027 -0.005514728 -0.01346811 -0.00125 -0.005514728 -0.01346811 -0.0016 -0.005514728 -0.01321811 -0.0016 -0.005819728 -0.01346811 -0.00125 -0.007609728 -0.01346811 -0.00125 -0.008219729 -0.01346811 -0.00125 -0.008219729 -0.01360811 -0.00118 -0.008219729 -0.01360811 -0.00125 -0.008409728 -0.01360811 -0.00118 -0.008409728 -0.01346811 -0.00125 -0.008409728 -0.01360811 -0.00125 -0.009019728 -0.01346811 -0.00125 -0.009019728 -0.01360811 -0.00118 -0.009019728 -0.01360811 -0.00125 -0.009209729 -0.01360811 -0.00118 -0.009209729 -0.01346811 -0.00125 -0.009209729 -0.01360811 -0.00125 -0.009819728 -0.01346811 -0.00125 -0.009819728 -0.01360811 -0.00118 -0.009819728 -0.01360811 -0.00125 -0.01000973 -0.01360811 -0.00118 -0.01000973 -0.01346811 -0.00125 -0.01000973 -0.01360811 -0.00125 -0.01031473 -0.01346811 -0.00125 -0.005819728 -0.01360811 -0.00118 -0.005819728 -0.01360811 -0.00125 -0.006009728 -0.01360811 -0.00118 -0.006009728 -0.01346811 -0.00125 -0.006009728 -0.01360811 -0.00125 -0.006619728 -0.01346811 -0.00125 -0.006619728 -0.01360811 -0.00118 -0.006619728 -0.01360811 -0.00125 -0.006809729 -0.01360811 -0.00118 -0.006809729 -0.01346811 -0.00125 -0.006809729 -0.01360811 -0.00125 -0.007419728 -0.01346811 -0.00125 -0.007419728 -0.01360811 -0.00118 -0.007419728 -0.01360811 -0.00125 -0.007609728 -0.01360811 -0.00118 -0.007609728 -0.01360811 -0.00125 -0.01031473 -0.01346811 -0.0016 -0.01031473 -0.01321811 -0.0016 -0.005214728 -0.01401811 -0.0012 -0.01061473 -0.01401811 -0.0012 -0.005214728 -0.01401811 -0.00265 -0.01061473 -0.01401811 -0.00265 -0.007419728 -0.01360811 -0.0016 -0.007609728 -0.01360811 -0.0016 -0.007609728 -0.01321811 -0.0016 -0.007609728 -0.01346811 -0.0016 -0.008219729 -0.01321811 -0.0016 -0.008219729 -0.01346811 -0.0016 -0.008219729 -0.01360811 -0.0016 -0.008409728 -0.01360811 -0.0016 -0.008409728 -0.01321811 -0.0016 -0.008409728 -0.01346811 -0.0016 -0.009019728 -0.01321811 -0.0016 -0.009019728 -0.01346811 -0.0016 -0.009019728 -0.01360811 -0.0016 -0.009209729 -0.01360811 -0.0016 -0.009209729 -0.01321811 -0.0016 -0.009209729 -0.01346811 -0.0016 -0.009819728 -0.01321811 -0.0016 -0.009819728 -0.01346811 -0.0016 -0.009819728 -0.01360811 -0.0016 -0.01000973 -0.01360811 -0.0016 -0.01000973 -0.01321811 -0.0016 -0.01000973 -0.01346811 -0.0016 -0.01096473 -0.01586811 -0.0012 -0.01116473 -0.01586811 -0.0012 -0.004664728 -0.01586811 -0.0012 -0.004864728 -0.01586811 -0.0012 -0.005819728 -0.01321811 -0.0016 -0.005819728 -0.01346811 -0.0016 -0.005819728 -0.01360811 -0.0016 -0.006009728 -0.01360811 -0.0016 -0.006009728 -0.01321811 -0.0016 -0.006009728 -0.01346811 -0.0016 -0.006619728 -0.01321811 -0.0016 -0.006619728 -0.01346811 -0.0016 -0.006619728 -0.01360811 -0.0016 -0.006809729 -0.01360811 -0.0016 -0.006809729 -0.01321811 -0.0016 -0.006809729 -0.01346811 -0.0016 -0.007419728 -0.01321811 -0.0016 -0.007419728 -0.01346811 -0.0016 -0.005214728 -0.01401811 -0.0015 -0.01061473 -0.01401811 -0.0015 -0.005214728 -0.01401811 -0.0021 -0.01061473 -0.01401811 -0.0021 -0.004964728 -0.01381811 -0.0015 -0.005214728 -0.01381811 -0.0015 -0.01086473 -0.01381811 -0.0015 -0.01061473 -0.01381811 -0.0015 -0.005214728 -0.01381811 -0.0021 -0.01061473 -0.01381811 -0.0021 -0.01086473 -0.01381811 -0.0021 -0.004964728 -0.01381811 -0.0021 -0.008187951 -0.01480386 -0.0028 -0.008069563 -0.01492385 -0.0028 -0.008156635 -0.01489229 -0.0028 -0.00807122 -0.01468971 -0.0028 -0.008158759 -0.01472114 -0.0028 -0.008026974 -0.01468971 -0.0028 -0.008026974 -0.01492385 -0.0028 -0.00838797 -0.0147144 -0.0028 -0.008332805 -0.01483971 -0.0028 -0.00843313 -0.01483971 -0.0028 -0.008377565 -0.0147144 -0.0028 -0.008382853 -0.01469337 -0.0028 -0.01086473 -0.0168717 -0.00154641 -0.01086473 -0.01401811 -0.00154641 -0.01086473 -0.0168717 -0.00205 -0.01086473 -0.01401811 -0.00205 -0.005564729 -0.01401811 -0.0012 -0.01026473 -0.01641811 -0.0012 -0.005564729 -0.01641811 -0.0012 -0.01026473 -0.01401811 -0.0012 -0.004964728 -0.01401811 -0.00154641 -0.004964728 -0.01661811 -0.00154641 -0.004964728 -0.01401811 -0.00205 -0.004964728 -0.01661811 -0.00205 -0.005311138 -0.0168717 -0.00265 -0.01051832 -0.01401811 -0.00265 -0.005311138 -0.01401811 -0.00265 -0.01051832 -0.0168717 -0.00265 -0.005311138 -0.01721811 -0.00166188 -0.01026473 -0.01721811 -0.00166188 -0.01026473 -0.01721811 -0.00205 -0.005311138 -0.01721811 -0.00205 -0.005111139 -0.0168717 -0.00146188 -0.01077191 -0.01692529 -0.00149282</float_array>
          <technique_common>
            <accessor count="297" source="#pos_14-array" stride="3"><param type="float" name="X"/><param type="float" name="Y"/><param type="float" name="Z"/></accessor></technique_common>
        </source>
        <vertices id="vert_14">
          <input semantic="POSITION" source="#pos_14"/>
        </vertices>
        <triangles count="533" material="mat_6">
          <input semantic="VERTEX" source="#vert_14" offset="0"/>
          <p>0 1 2 3 4 0 1 4 5 0 4 1 4 6 5 3 7 4 8 9 0 10 9 8 11 8 0 12 11 0 13 14 11 13 11 12 15 16 17 3 16 15 18 3 15 19 18 20 21 18 19 21 3 18 12 21 19 12 19 13 3 0 9 3 9 16 22 21 23 3 21 22 7 22 24 7 3 22 25 26 27 28 29 4 28 25 29 28 26 25 30 24 31 7 30 28 7 28 4 7 24 30 6 4 32 32 4 29 5 33 34 33 35 34 5 36 33 5 37 36 36 38 39 37 38 36 40 41 42 43 41 40 44 45 46 47 45 44 48 49 50 51 49 48 52 53 54 53 55 54 53 6 56 52 6 53 56 32 57 6 32 56 5 6 37 37 6 40 40 6 43 43 6 44 44 6 47 47 6 48 48 6 51 51 6 52 1 5 34 1 34 58 59 60 61 59 61 2 62 59 2 63 64 65 63 65 62 58 63 62 1 62 2 1 58 62 66 2 61 12 66 67 0 66 12 0 2 66 68 12 67 69 68 70 71 68 69 72 71 73 72 68 71 74 68 72 75 72 73 76 69 70 77 68 74 77 74 78 79 76 70 80 68 77 81 68 80 82 83 79 84 81 80 85 84 80 86 84 85 87 79 70 87 82 79 88 87 70 89 86 85 90 91 92 93 94 88 95 92 91 96 88 70 96 93 88 97 94 93 97 98 94 99 95 100 101 99 100 102 103 104 105 106 90 105 107 106 105 90 103 108 105 103 109 101 100 110 102 104 111 105 108 112 101 109 113 109 114 113 114 110 113 112 109 115 92 95 115 95 99 115 81 92 115 99 116 115 68 81 23 21 115 117 96 70 117 104 96 117 110 104 117 113 110 117 116 118 117 118 113 117 115 116 21 12 68 21 68 115 74 79 83 74 83 78 80 88 94 80 94 85 92 104 103 92 103 90 19 20 119 20 120 119 121 120 20 18 121 20 15 122 18 18 122 121 123 122 17 122 15 17 124 123 17 16 124 17 124 9 125 124 16 9 126 125 10 125 9 10 126 10 127 127 10 8 127 11 128 127 8 11 14 129 128 14 128 11 14 13 130 129 14 130 19 130 13 19 119 130 131 132 133 131 66 132 134 131 133 64 134 65 135 134 64 136 64 137 136 135 64 138 139 140 141 138 140 142 143 144 145 142 144 146 147 148 149 146 148 150 151 152 22 151 150 153 154 155 153 156 154 157 158 159 157 160 158 27 161 162 163 27 162 164 152 151 164 161 27 26 164 27 26 152 164 150 31 24 150 24 22 164 134 135 164 135 139 164 139 138 164 138 143 164 143 142 164 142 147 164 147 146 164 146 154 164 154 156 164 156 158 164 158 160 164 160 161 60 132 66 60 66 61 133 65 134 22 23 151 151 23 115 165 29 166 166 29 25 163 25 27 167 25 163 29 165 168 29 168 57 32 29 57 45 169 170 45 170 46 171 170 172 170 44 46 171 44 170 44 171 43 43 171 173 43 174 41 174 173 175 43 173 174 41 176 42 41 174 176 177 176 178 176 40 42 177 40 176 40 177 37 37 177 179 37 180 38 180 179 181 37 179 180 38 180 182 38 182 39 183 182 184 182 36 39 183 36 182 36 183 33 33 183 185 33 186 35 186 185 187 33 185 186 186 188 58 35 58 34 35 186 58 189 168 190 168 56 57 189 56 168 56 189 53 53 189 191 53 192 55 192 191 193 53 191 192 55 194 54 55 192 194 195 194 196 194 52 54 195 52 194 52 195 51 51 195 197 51 198 49 198 197 199 51 197 198 49 198 200 49 200 50 201 200 202 200 48 50 201 48 200 48 201 47 47 201 203 47 169 45 169 203 204 47 203 169 58 188 63 63 188 205 63 206 137 63 137 64 131 68 67 131 67 66 117 151 115 164 151 117 164 117 70 164 70 134 131 134 70 131 70 68 207 124 208 208 124 125 130 209 210 119 209 130 211 154 146 211 146 212 213 214 149 149 214 146 214 212 146 213 149 215 215 149 148 216 147 217 215 148 216 216 148 147 217 147 142 217 142 218 219 220 145 145 220 142 220 218 142 219 145 221 221 145 144 222 143 223 221 144 222 222 144 143 223 143 138 223 138 224 225 226 141 141 226 138 226 224 138 225 141 227 227 141 140 228 139 229 227 140 228 228 140 139 229 139 135 229 135 230 231 232 136 136 232 135 232 230 135 231 136 206 206 136 137 62 133 233 62 65 133 60 59 132 132 59 234 30 31 235 235 31 150 26 28 236 26 236 152 167 163 237 237 163 162 238 161 239 237 162 238 238 162 161 239 161 160 239 160 240 241 242 157 157 242 160 242 240 160 241 157 243 243 157 159 244 158 245 243 159 244 244 159 158 245 158 156 245 156 246 247 248 153 153 248 156 248 246 156 247 153 249 249 153 155 250 154 211 249 155 250 250 155 154 166 25 238 238 25 237 25 167 237 186 232 205 186 205 188 182 228 232 182 232 186 180 226 228 180 228 182 176 222 226 176 226 180 174 220 222 174 222 176 170 216 220 170 220 174 169 214 216 169 216 170 200 250 214 200 214 169 198 248 250 198 250 200 194 244 248 194 248 198 192 242 244 192 244 194 168 238 242 168 242 192 165 166 238 165 238 168 171 172 175 171 175 173 172 170 175 175 170 174 177 178 181 177 181 179 178 176 181 181 176 180 183 184 187 183 187 185 184 182 187 187 182 186 189 190 193 189 193 191 190 168 193 193 168 192 195 196 199 195 199 197 196 194 199 199 194 198 201 202 204 201 204 203 202 200 204 204 200 169 205 232 63 63 231 206 232 231 63 123 207 251 124 207 123 208 126 252 208 125 126 209 253 210 210 253 254 254 251 252 253 251 254 252 207 208 251 207 252 254 129 210 210 129 130 120 253 209 120 209 119 250 211 214 214 211 212 214 213 216 216 213 215 216 217 220 220 217 218 220 219 222 222 219 221 222 223 226 226 223 224 226 225 228 228 225 227 228 229 232 232 229 230 62 233 59 59 233 234 233 133 234 234 133 132 235 150 236 236 150 152 30 235 28 28 235 236 238 239 242 242 239 240 242 241 244 244 241 243 244 245 248 248 245 246 248 247 250 250 247 249 251 122 123 255 251 256 255 122 251 252 126 127 252 127 257 258 252 257 259 256 251 259 251 253 252 260 254 258 260 252 128 254 261 129 254 128 254 260 261 121 253 120 253 262 259 121 262 253 262 255 256 262 256 259 122 255 262 122 262 121 260 258 257 260 257 261 257 127 261 261 127 128 263 264 265 266 263 267 266 264 263 268 269 264 268 264 266 270 271 272 273 271 270 274 273 270 275 276 277 277 276 278 279 280 281 282 280 279 283 284 285 285 284 286 287 288 289 290 288 287 276 282 278 278 282 288 282 289 288 289 279 285 282 279 289 279 283 285 291 292 293 291 293 294 291 295 281 292 281 280 292 291 281 296 292 280 279 281 283 283 281 284 284 281 295 295 286 284 291 294 286 291 286 295 289 286 287 285 286 289 286 294 287 287 293 290 294 293 287 278 290 277 288 290 278 293 277 290 276 280 282 280 275 296 276 275 280 277 296 275 292 296 277 293 292 277</p>
        </triangles>
      </mesh>
    </geometry>
    <geometry id="geometry_31582879_b8a8_451e_8eda_636f2de07c8d" name="">
      <mesh>
        <source id="pos_15">
          <float_array id="pos_15-array" count="2016">-0.002514113 -0.01295086 -0.00251 -0.002514113 -0.01295086 -0.00279 -0.002654113 -0.01295086 -0.00279 -0.002654113 -0.01295086 -0.00251 -0.002514113 -0.0129522 -0.002505 -0.002654113 -0.0129522 -0.002505 -0.002514113 -0.01295586 -0.00250134 -0.002654113 -0.01295586 -0.00250134 -0.002514113 -0.01296086 -0.0025 -0.002654113 -0.01296086 -0.0025 -0.002654113 -0.01324086 -0.0025 -0.002514113 -0.01324086 -0.0025 -0.002654113 -0.01324952 -0.002505 -0.002654113 -0.01325086 -0.00251 -0.002514113 -0.01325086 -0.00251 -0.002514113 -0.01324952 -0.002505 -0.002654113 -0.01324586 -0.00250134 -0.002514113 -0.01324586 -0.00250134 -0.002654113 -0.01325086 -0.00279 -0.002514113 -0.01325086 -0.00279 -0.002514113 -0.01324952 -0.002795 -0.002654113 -0.01324952 -0.002795 -0.002514113 -0.01324586 -0.00279866 -0.002654113 -0.01324586 -0.00279866 -0.002514113 -0.01324086 -0.0028 -0.002654113 -0.01324086 -0.0028 -0.002514113 -0.01296086 -0.0028 -0.002654113 -0.01296086 -0.0028 -0.002654113 -0.0129522 -0.002795 -0.002514113 -0.0129522 -0.002795 -0.002654113 -0.01295586 -0.00279866 -0.002514113 -0.01295586 -0.00279866 -0.002659113 -0.0129522 -0.00251 -0.002659113 -0.0129522 -0.00279 -0.002662773 -0.01295586 -0.00251 -0.002662773 -0.01295586 -0.00279 -0.002664113 -0.01296086 -0.00251 -0.002664113 -0.01296086 -0.00279 -0.002662773 -0.01296086 -0.002505 -0.002659113 -0.01296086 -0.00250134 -0.002658379 -0.01295214 -0.002507609 -0.002664113 -0.01324086 -0.00251 -0.002662773 -0.01324086 -0.002505 -0.002659113 -0.01324086 -0.00250134 -0.002662773 -0.01324586 -0.00251 -0.002659113 -0.01324952 -0.00251 -0.002658379 -0.01324326 -0.002501277 -0.002659113 -0.01324952 -0.00279 -0.002662773 -0.01324586 -0.00279 -0.002664113 -0.01324086 -0.00279 -0.002662773 -0.01324086 -0.002795 -0.002659113 -0.01324086 -0.00279866 -0.002658379 -0.01324959 -0.002792392 -0.002659113 -0.01296086 -0.00279866 -0.002662773 -0.01296086 -0.002795 -0.002658379 -0.01295847 -0.002798723 -0.002074113 -0.01324086 -0.0028 -0.002214113 -0.01324086 -0.0028 -0.002074113 -0.01296086 -0.0028 -0.002214113 -0.01296086 -0.0028 -0.002074113 -0.01324952 -0.002795 -0.002074113 -0.01325086 -0.00279 -0.002214113 -0.01325086 -0.00279 -0.002214113 -0.01324952 -0.002795 -0.002074113 -0.01324586 -0.00279866 -0.002214113 -0.01324586 -0.00279866 -0.002074113 -0.01325086 -0.00251 -0.002214113 -0.01325086 -0.00251 -0.002214113 -0.01324952 -0.002505 -0.002074113 -0.01324952 -0.002505 -0.002214113 -0.01324586 -0.00250134 -0.002074113 -0.01324586 -0.00250134 -0.002214113 -0.01324086 -0.0025 -0.002074113 -0.01324086 -0.0025 -0.002214113 -0.01296086 -0.0025 -0.002074113 -0.01296086 -0.0025 -0.002074113 -0.0129522 -0.002505 -0.002074113 -0.01295086 -0.00251 -0.002214113 -0.01295086 -0.00251 -0.002214113 -0.0129522 -0.002505 -0.002074113 -0.01295586 -0.00250134 -0.002214113 -0.01295586 -0.00250134 -0.002074113 -0.01295086 -0.00279 -0.002214113 -0.01295086 -0.00279 -0.002214113 -0.0129522 -0.002795 -0.002074113 -0.0129522 -0.002795 -0.002214113 -0.01295586 -0.00279866 -0.002074113 -0.01295586 -0.00279866 -0.002065453 -0.01296086 -0.002795 -0.002064113 -0.01296086 -0.00279 -0.002064113 -0.01324086 -0.00279 -0.002065453 -0.01324086 -0.002795 -0.002069113 -0.01296086 -0.00279866 -0.002069113 -0.01324086 -0.00279866 -0.002065453 -0.01324586 -0.00279 -0.002071721 -0.01324959 -0.002794266 -0.002069113 -0.01324952 -0.00279 -0.002069113 -0.01324952 -0.00251 -0.002065453 -0.01324586 -0.00251 -0.002064113 -0.01324086 -0.00251 -0.002065453 -0.01324086 -0.002505 -0.002071721 -0.01324513 -0.002501277 -0.002069113 -0.01324086 -0.00250134 -0.002069113 -0.01296086 -0.00250134 -0.002065453 -0.01296086 -0.002505 -0.002064113 -0.01296086 -0.00251 -0.002065453 -0.01295586 -0.00251 -0.002071721 -0.01295214 -0.002505734 -0.002069113 -0.0129522 -0.00251 -0.002069113 -0.0129522 -0.00279 -0.002065453 -0.01295586 -0.00279 -0.002071721 -0.0129566 -0.002798723 -0.002891554 -0.01305842 -0.0025 -0.003171554 -0.01305842 -0.0025 -0.003171554 -0.01319843 -0.0025 -0.002891554 -0.01319843 -0.0025 -0.002886554 -0.01305842 -0.00250134 -0.002886554 -0.01319843 -0.00250134 -0.002882894 -0.01305842 -0.002505 -0.002882894 -0.01319843 -0.002505 -0.002881554 -0.01305842 -0.00251 -0.002881554 -0.01319843 -0.00251 -0.002881554 -0.01319843 -0.00279 -0.002881554 -0.01305842 -0.00279 -0.002886554 -0.01319843 -0.00279866 -0.002891554 -0.01319843 -0.0028 -0.002891554 -0.01305842 -0.0028 -0.002886554 -0.01305842 -0.00279866 -0.002882894 -0.01319843 -0.002795 -0.002882894 -0.01305842 -0.002795 -0.003171554 -0.01319843 -0.0028 -0.003171554 -0.01305842 -0.0028 -0.003176554 -0.01305842 -0.00279866 -0.003176554 -0.01319843 -0.00279866 -0.003180215 -0.01305842 -0.002795 -0.003180215 -0.01319843 -0.002795 -0.003181554 -0.01305842 -0.00279 -0.003181554 -0.01319843 -0.00279 -0.003181554 -0.01305842 -0.00251 -0.003181554 -0.01319843 -0.00251 -0.003176554 -0.01319843 -0.00250134 -0.003176554 -0.01305842 -0.00250134 -0.003180215 -0.01319843 -0.002505 -0.003180215 -0.01305842 -0.002505 -0.002891554 -0.01320342 -0.00250134 -0.003171554 -0.01320342 -0.00250134 -0.002891554 -0.01320709 -0.002505 -0.003171554 -0.01320709 -0.002505 -0.002891554 -0.01320842 -0.00251 -0.003171554 -0.01320842 -0.00251 -0.002886554 -0.01320709 -0.00251 -0.002882894 -0.01320342 -0.00251 -0.002889163 -0.01320269 -0.002501277 -0.002891554 -0.01320842 -0.00279 -0.002886554 -0.01320709 -0.00279 -0.002882894 -0.01320342 -0.00279 -0.002891554 -0.01320709 -0.002795 -0.002891554 -0.01320342 -0.00279866 -0.002882832 -0.01320269 -0.002792392 -0.003171554 -0.01320342 -0.00279866 -0.003171554 -0.01320709 -0.002795 -0.003171554 -0.01320842 -0.00279 -0.003176554 -0.01320709 -0.00279 -0.003180215 -0.01320342 -0.00279 -0.003173946 -0.01320269 -0.002798723 -0.003180215 -0.01320342 -0.00251 -0.003176554 -0.01320709 -0.00251 -0.003180277 -0.01320269 -0.002507609 -0.003181554 -0.01261843 -0.00279 -0.003181554 -0.01275842 -0.00279 -0.003181554 -0.01261843 -0.00251 -0.003181554 -0.01275842 -0.00251 -0.003176554 -0.01261843 -0.00279866 -0.003171554 -0.01261843 -0.0028 -0.003171554 -0.01275842 -0.0028 -0.003176554 -0.01275842 -0.00279866 -0.003180215 -0.01261843 -0.002795 -0.003180215 -0.01275842 -0.002795 -0.002891554 -0.01261843 -0.0028 -0.002891554 -0.01275842 -0.0028 -0.002886554 -0.01275842 -0.00279866 -0.002886554 -0.01261843 -0.00279866 -0.002882894 -0.01275842 -0.002795 -0.002882894 -0.01261843 -0.002795 -0.002881554 -0.01275842 -0.00279 -0.002881554 -0.01261843 -0.00279 -0.002881554 -0.01275842 -0.00251 -0.002881554 -0.01261843 -0.00251 -0.002886554 -0.01261843 -0.00250134 -0.002891554 -0.01261843 -0.0025 -0.002891554 -0.01275842 -0.0025 -0.002886554 -0.01275842 -0.00250134 -0.002882894 -0.01261843 -0.002505 -0.002882894 -0.01275842 -0.002505 -0.003171554 -0.01261843 -0.0025 -0.003171554 -0.01275842 -0.0025 -0.003176554 -0.01275842 -0.00250134 -0.003176554 -0.01261843 -0.00250134 -0.003180215 -0.01275842 -0.002505 -0.003180215 -0.01261843 -0.002505 -0.003176554 -0.01260976 -0.00251 -0.003171554 -0.01260842 -0.00251 -0.003171554 -0.01260842 -0.00279 -0.003176554 -0.01260976 -0.00279 -0.003180215 -0.01261343 -0.00251 -0.003180215 -0.01261343 -0.00279 -0.003171554 -0.01260976 -0.002795 -0.00317582 -0.01261603 -0.002798723 -0.003171554 -0.01261343 -0.00279866 -0.002891554 -0.01261343 -0.00279866 -0.002891554 -0.01260976 -0.002795 -0.002891554 -0.01260842 -0.00279 -0.002886554 -0.01260976 -0.00279 -0.002882832 -0.01261603 -0.002794266 -0.002882894 -0.01261343 -0.00279 -0.002882894 -0.01261343 -0.00251 -0.002886554 -0.01260976 -0.00251 -0.002891554 -0.01260842 -0.00251 -0.002891554 -0.01260976 -0.002505 -0.002887289 -0.01261603 -0.002501277 -0.002891554 -0.01261343 -0.00250134 -0.003171554 -0.01261343 -0.00250134 -0.003171554 -0.01260976 -0.002505 -0.003180277 -0.01261603 -0.002505734 -0.003751601 -0.01541079 -0.002805 -0.003471601 -0.01541079 -0.002805 -0.003471601 -0.01555079 -0.002805 -0.003751601 -0.01555079 -0.002805 -0.003756601 -0.01541079 -0.00280366 -0.003756601 -0.01555079 -0.00280366 -0.003760261 -0.01541079 -0.0028 -0.003760261 -0.01555079 -0.0028 -0.003761601 -0.01541079 -0.002795 -0.003761601 -0.01555079 -0.002795 -0.003761601 -0.01555079 -0.002515 -0.003761601 -0.01541079 -0.002515 -0.003756601 -0.01555079 -0.00250634 -0.003751601 -0.01555079 -0.002505 -0.003751601 -0.01541079 -0.002505 -0.003756601 -0.01541079 -0.00250634 -0.003760261 -0.01555079 -0.00251 -0.003760261 -0.01541079 -0.00251 -0.003471601 -0.01555079 -0.002505 -0.003471601 -0.01541079 -0.002505 -0.003466601 -0.01541079 -0.00250634 -0.003466601 -0.01555079 -0.00250634 -0.003462941 -0.01541079 -0.00251 -0.003462941 -0.01555079 -0.00251 -0.003461601 -0.01541079 -0.002515 -0.003461601 -0.01555079 -0.002515 -0.003461601 -0.01541079 -0.002795 -0.003461601 -0.01555079 -0.002795 -0.003466601 -0.01555079 -0.00280366 -0.003466601 -0.01541079 -0.00280366 -0.003462941 -0.01555079 -0.0028 -0.003462941 -0.01541079 -0.0028 -0.003751601 -0.01555579 -0.00280366 -0.003471601 -0.01555579 -0.00280366 -0.003751601 -0.01555945 -0.0028 -0.003471601 -0.01555945 -0.0028 -0.003751601 -0.01556079 -0.002795 -0.003471601 -0.01556079 -0.002795 -0.003756601 -0.01555945 -0.002795 -0.003760261 -0.01555579 -0.002795 -0.003753992 -0.01555505 -0.002803723 -0.003751601 -0.01556079 -0.002515 -0.003756601 -0.01555945 -0.002515 -0.003760261 -0.01555579 -0.002515 -0.003751601 -0.01555945 -0.00251 -0.003751601 -0.01555579 -0.00250634 -0.003760323 -0.01555505 -0.002512608 -0.003471601 -0.01555579 -0.00250634 -0.003471601 -0.01555945 -0.00251 -0.003471601 -0.01556079 -0.002515 -0.003466601 -0.01555945 -0.002515 -0.003462941 -0.01555579 -0.002515 -0.003469209 -0.01555505 -0.002506278 -0.003462941 -0.01555579 -0.002795 -0.003466601 -0.01555945 -0.002795 -0.003462878 -0.01555505 -0.002797392 -0.003461601 -0.01497079 -0.002515 -0.003461601 -0.01511079 -0.002515 -0.003461601 -0.01497079 -0.002795 -0.003461601 -0.01511079 -0.002795 -0.003466601 -0.01497079 -0.00250634 -0.003471601 -0.01497079 -0.002505 -0.003471601 -0.01511079 -0.002505 -0.003466601 -0.01511079 -0.00250634 -0.003462941 -0.01497079 -0.00251 -0.003462941 -0.01511079 -0.00251 -0.003751601 -0.01497079 -0.002505 -0.003751601 -0.01511079 -0.002505 -0.003756601 -0.01511079 -0.00250634 -0.003756601 -0.01497079 -0.00250634 -0.003760261 -0.01511079 -0.00251 -0.003760261 -0.01497079 -0.00251 -0.003761601 -0.01511079 -0.002515 -0.003761601 -0.01497079 -0.002515 -0.003761601 -0.01511079 -0.002795 -0.003761601 -0.01497079 -0.002795 -0.003756601 -0.01497079 -0.00280366 -0.003751601 -0.01497079 -0.002805 -0.003751601 -0.01511079 -0.002805 -0.003756601 -0.01511079 -0.00280366 -0.003760261 -0.01497079 -0.0028 -0.003760261 -0.01511079 -0.0028 -0.003471601 -0.01497079 -0.002805 -0.003471601 -0.01511079 -0.002805 -0.003466601 -0.01511079 -0.00280366 -0.003466601 -0.01497079 -0.00280366 -0.003462941 -0.01511079 -0.0028 -0.003462941 -0.01497079 -0.0028 -0.003466601 -0.01496213 -0.002795 -0.003471601 -0.01496079 -0.002795 -0.003471601 -0.01496079 -0.002515 -0.003466601 -0.01496213 -0.002515 -0.003462941 -0.01496579 -0.002795 -0.003462941 -0.01496579 -0.002515 -0.003471601 -0.01496213 -0.00251 -0.003467335 -0.01496839 -0.002506278 -0.003471601 -0.01496579 -0.00250634 -0.003751601 -0.01496579 -0.00250634 -0.003751601 -0.01496213 -0.00251 -0.003751601 -0.01496079 -0.002515 -0.003756601 -0.01496213 -0.002515 -0.003760323 -0.01496839 -0.002510734 -0.003760261 -0.01496579 -0.002515 -0.003760261 -0.01496579 -0.002795 -0.003756601 -0.01496213 -0.002795 -0.003751601 -0.01496079 -0.002795 -0.003751601 -0.01496213 -0.0028 -0.003755867 -0.01496839 -0.002803723 -0.003751601 -0.01496579 -0.00280366 -0.003471601 -0.01496579 -0.00280366 -0.003471601 -0.01496213 -0.0028 -0.003462878 -0.01496839 -0.002799266 -0.001393155 -0.01333494 -0.002359833 -0.001393155 -0.01333494 -0.002639833 -0.001533155 -0.01333494 -0.002639833 -0.001533155 -0.01333494 -0.002359833 -0.001393155 -0.01333628 -0.002354833 -0.001533155 -0.01333628 -0.002354833 -0.001393155 -0.01333994 -0.002351173 -0.001533155 -0.01333994 -0.002351173 -0.001393155 -0.01334494 -0.002349833 -0.001533155 -0.01334494 -0.002349833 -0.001533155 -0.01362494 -0.002349833 -0.001393155 -0.01362494 -0.002349833 -0.001533155 -0.0136336 -0.002354833 -0.001533155 -0.01363494 -0.002359833 -0.001393155 -0.01363494 -0.002359833 -0.001393155 -0.0136336 -0.002354833 -0.001533155 -0.01362994 -0.002351173 -0.001393155 -0.01362994 -0.002351173 -0.001533155 -0.01363494 -0.002639833 -0.001393155 -0.01363494 -0.002639833 -0.001393155 -0.0136336 -0.002644833 -0.001533155 -0.0136336 -0.002644833 -0.001393155 -0.01362994 -0.002648493 -0.001533155 -0.01362994 -0.002648493 -0.001393155 -0.01362494 -0.002649833 -0.001533155 -0.01362494 -0.002649833 -0.001393155 -0.01334494 -0.002649833 -0.001533155 -0.01334494 -0.002649833 -0.001533155 -0.01333628 -0.002644833 -0.001393155 -0.01333628 -0.002644833 -0.001533155 -0.01333994 -0.002648493 -0.001393155 -0.01333994 -0.002648493 -0.001538155 -0.01333628 -0.002359833 -0.001538155 -0.01333628 -0.002639833 -0.001541815 -0.01333994 -0.002359833 -0.001541815 -0.01333994 -0.002639833 -0.001543155 -0.01334494 -0.002359833 -0.001543155 -0.01334494 -0.002639833 -0.001541815 -0.01334494 -0.002354833 -0.001538155 -0.01334494 -0.002351173 -0.001537421 -0.01333622 -0.002357441 -0.001543155 -0.01362494 -0.002359833 -0.001541815 -0.01362494 -0.002354833 -0.001538155 -0.01362494 -0.002351173 -0.001541815 -0.01362994 -0.002359833 -0.001538155 -0.0136336 -0.002359833 -0.001537421 -0.01362733 -0.00235111 -0.001538155 -0.0136336 -0.002639833 -0.001541815 -0.01362994 -0.002639833 -0.001543155 -0.01362494 -0.002639833 -0.001541815 -0.01362494 -0.002644833 -0.001538155 -0.01362494 -0.002648493 -0.001537421 -0.01363366 -0.002642225 -0.001538155 -0.01334494 -0.002648493 -0.001541815 -0.01334494 -0.002644833 -0.001537421 -0.01334255 -0.002648556 -0.000953155 -0.01362494 -0.002649833 -0.001093155 -0.01362494 -0.002649833 -0.000953155 -0.01334494 -0.002649833 -0.001093155 -0.01334494 -0.002649833 -0.000953155 -0.0136336 -0.002644833 -0.000953155 -0.01363494 -0.002639833 -0.001093155 -0.01363494 -0.002639833 -0.001093155 -0.0136336 -0.002644833 -0.000953155 -0.01362994 -0.002648493 -0.001093155 -0.01362994 -0.002648493 -0.000953155 -0.01363494 -0.002359833 -0.001093155 -0.01363494 -0.002359833 -0.001093155 -0.0136336 -0.002354833 -0.000953155 -0.0136336 -0.002354833 -0.001093155 -0.01362994 -0.002351173 -0.000953155 -0.01362994 -0.002351173 -0.001093155 -0.01362494 -0.002349833 -0.000953155 -0.01362494 -0.002349833 -0.001093155 -0.01334494 -0.002349833 -0.000953155 -0.01334494 -0.002349833 -0.000953155 -0.01333628 -0.002354833 -0.000953155 -0.01333494 -0.002359833 -0.001093155 -0.01333494 -0.002359833 -0.001093155 -0.01333628 -0.002354833 -0.000953155 -0.01333994 -0.002351173 -0.001093155 -0.01333994 -0.002351173 -0.000953155 -0.01333494 -0.002639833 -0.001093155 -0.01333494 -0.002639833 -0.001093155 -0.01333628 -0.002644833 -0.000953155 -0.01333628 -0.002644833 -0.001093155 -0.01333994 -0.002648493 -0.000953155 -0.01333994 -0.002648493 -0.0009444948 -0.01334494 -0.002644833 -0.000943155 -0.01334494 -0.002639833 -0.000943155 -0.01362494 -0.002639833 -0.0009444948 -0.01362494 -0.002644833 -0.000948155 -0.01334494 -0.002648493 -0.000948155 -0.01362494 -0.002648493 -0.0009444948 -0.01362994 -0.002639833 -0.0009507634 -0.01363366 -0.002644099 -0.000948155 -0.0136336 -0.002639833 -0.000948155 -0.0136336 -0.002359833 -0.0009444948 -0.01362994 -0.002359833 -0.000943155 -0.01362494 -0.002359833 -0.0009444948 -0.01362494 -0.002354833 -0.0009507634 -0.01362921 -0.00235111 -0.000948155 -0.01362494 -0.002351173 -0.000948155 -0.01334494 -0.002351173 -0.0009444948 -0.01334494 -0.002354833 -0.000943155 -0.01334494 -0.002359833 -0.0009444948 -0.01333994 -0.002359833 -0.0009507634 -0.01333622 -0.002355567 -0.000948155 -0.01333628 -0.002359833 -0.000948155 -0.01333628 -0.002639833 -0.0009444948 -0.01333994 -0.002639833 -0.0009507634 -0.01334068 -0.002648556 -0.0001718195 -0.01390842 -0.000495 -0.0001718195 -0.01418842 -0.000495 -0.0003118195 -0.01418842 -0.000495 -0.0003118195 -0.01390842 -0.000495 -0.0001718195 -0.01390342 -0.0004936603 -0.0003118195 -0.01390342 -0.0004936603 -0.0001718195 -0.01389976 -0.00049 -0.0003118195 -0.01389976 -0.00049 -0.0001718195 -0.01389842 -0.000485 -0.0003118195 -0.01389842 -0.000485 -0.0003118195 -0.01389842 -0.000205 -0.0001718195 -0.01389842 -0.000205 -0.0003118195 -0.01390342 -0.0001963398 -0.0003118195 -0.01390842 -0.000195 -0.0001718195 -0.01390842 -0.000195 -0.0001718195 -0.01390342 -0.0001963398 -0.0003118195 -0.01389976 -0.0002 -0.0001718195 -0.01389976 -0.0002 -0.0003118195 -0.01418842 -0.000195 -0.0001718195 -0.01418842 -0.000195 -0.0001718195 -0.01419342 -0.0001963398 -0.0003118195 -0.01419342 -0.0001963398 -0.0001718195 -0.01419708 -0.0002 -0.0003118195 -0.01419708 -0.0002 -0.0001718195 -0.01419842 -0.000205 -0.0003118195 -0.01419842 -0.000205 -0.0001718195 -0.01419842 -0.000485 -0.0003118195 -0.01419842 -0.000485 -0.0003118195 -0.01419342 -0.0004936603 -0.0001718195 -0.01419342 -0.0004936603 -0.0003118195 -0.01419708 -0.00049 -0.0001718195 -0.01419708 -0.00049 -0.0003168195 -0.01390842 -0.0004936603 -0.0003168195 -0.01418842 -0.0004936603 -0.0003204798 -0.01390842 -0.00049 -0.0003204798 -0.01418842 -0.00049 -0.0003218196 -0.01390842 -0.000485 -0.0003218196 -0.01418842 -0.000485 -0.0003204798 -0.01390342 -0.000485 -0.0003168195 -0.01389976 -0.000485 -0.0003160853 -0.01390603 -0.0004937226 -0.0003218196 -0.01390842 -0.000205 -0.0003204798 -0.01390342 -0.000205 -0.0003168195 -0.01389976 -0.000205 -0.0003204798 -0.01390842 -0.0002 -0.0003168195 -0.01390842 -0.0001963398 -0.0003160853 -0.0138997 -0.0002026084 -0.0003168195 -0.01418842 -0.0001963398 -0.0003204798 -0.01418842 -0.0002 -0.0003218196 -0.01418842 -0.000205 -0.0003204798 -0.01419342 -0.000205 -0.0003168195 -0.01419708 -0.000205 -0.0003160853 -0.01419081 -0.0001962774 -0.0003168195 -0.01419708 -0.000485 -0.0003204798 -0.01419342 -0.000485 -0.0003160853 -0.01419714 -0.0004873916 0.0002681805 -0.01419842 -0.000205 0.0001281805 -0.01419842 -0.000205 0.0002681805 -0.01419842 -0.000485 0.0001281805 -0.01419842 -0.000485 0.0002681805 -0.01419342 -0.0001963398 0.0002681805 -0.01418842 -0.000195 0.0001281805 -0.01418842 -0.000195 0.0001281805 -0.01419342 -0.0001963398 0.0002681805 -0.01419708 -0.0002 0.0001281805 -0.01419708 -0.0002 0.0002681805 -0.01390842 -0.000195 0.0001281805 -0.01390842 -0.000195 0.0001281805 -0.01390342 -0.0001963398 0.0002681805 -0.01390342 -0.0001963398 0.0001281805 -0.01389976 -0.0002 0.0002681805 -0.01389976 -0.0002 0.0001281805 -0.01389842 -0.000205 0.0002681805 -0.01389842 -0.000205 0.0001281805 -0.01389842 -0.000485 0.0002681805 -0.01389842 -0.000485 0.0002681805 -0.01390342 -0.0004936603 0.0002681805 -0.01390842 -0.000495 0.0001281805 -0.01390842 -0.000495 0.0001281805 -0.01390342 -0.0004936603 0.0002681805 -0.01389976 -0.00049 0.0001281805 -0.01389976 -0.00049 0.0002681805 -0.01418842 -0.000495 0.0001281805 -0.01418842 -0.000495 0.0001281805 -0.01419342 -0.0004936603 0.0002681805 -0.01419342 -0.0004936603 0.0001281805 -0.01419708 -0.00049 0.0002681805 -0.01419708 -0.00049 0.0002768407 -0.01419342 -0.000485 0.0002781805 -0.01418842 -0.000485 0.0002781805 -0.01418842 -0.000205 0.0002768407 -0.01419342 -0.000205 0.0002731805 -0.01419708 -0.000485 0.0002731805 -0.01419708 -0.000205 0.0002768407 -0.01418842 -0.0002 0.0002705721 -0.01419268 -0.0001962774 0.0002731805 -0.01418842 -0.0001963398 0.0002731805 -0.01390842 -0.0001963398 0.0002768407 -0.01390842 -0.0002 0.0002781805 -0.01390842 -0.000205 0.0002768407 -0.01390342 -0.000205 0.0002705721 -0.0138997 -0.0002007343 0.0002731805 -0.01389976 -0.000205 0.0002731805 -0.01389976 -0.000485 0.0002768407 -0.01390342 -0.000485 0.0002781805 -0.01390842 -0.000485 0.0002768407 -0.01390842 -0.00049 0.0002705721 -0.01390415 -0.0004937226 0.0002731805 -0.01390842 -0.0004936603 0.0002731805 -0.01418842 -0.0004936603 0.0002768407 -0.01418842 -0.00049 0.0002705721 -0.01419714 -0.0004892657 0.007587518 -0.01294377 -0.000495 0.007587518 -0.01322377 -0.000495 0.007447518 -0.01322377 -0.000495 0.007447518 -0.01294377 -0.000495 0.007587518 -0.01293877 -0.0004936603 0.007447518 -0.01293877 -0.0004936603 0.007587518 -0.01293511 -0.00049 0.007447518 -0.01293511 -0.00049 0.007587518 -0.01293377 -0.000485 0.007447518 -0.01293377 -0.000485 0.007447518 -0.01293377 -0.000205 0.007587518 -0.01293377 -0.000205 0.007447518 -0.01293877 -0.0001963398 0.007447518 -0.01294377 -0.000195 0.007587518 -0.01294377 -0.000195 0.007587518 -0.01293877 -0.0001963398 0.007447518 -0.01293511 -0.0002 0.007587518 -0.01293511 -0.0002 0.007447518 -0.01322377 -0.000195 0.007587518 -0.01322377 -0.000195 0.007587518 -0.01322877 -0.0001963398 0.007447518 -0.01322877 -0.0001963398 0.007587518 -0.01323243 -0.0002 0.007447518 -0.01323243 -0.0002 0.007587518 -0.01323377 -0.000205 0.007447518 -0.01323377 -0.000205 0.007587518 -0.01323377 -0.000485 0.007447518 -0.01323377 -0.000485 0.007447518 -0.01322877 -0.0004936603 0.007587518 -0.01322877 -0.0004936603 0.007447518 -0.01323243 -0.00049 0.007587518 -0.01323243 -0.00049 0.007442518 -0.01294377 -0.0004936603 0.007442518 -0.01322377 -0.0004936603 0.007438858 -0.01294377 -0.00049 0.007438858 -0.01322377 -0.00049 0.007437518 -0.01294377 -0.000485 0.007437518 -0.01322377 -0.000485 0.007438858 -0.01293877 -0.000485 0.007442518 -0.01293511 -0.000485 0.007443252 -0.01294138 -0.0004937226 0.007437518 -0.01294377 -0.000205 0.007438858 -0.01293877 -0.000205 0.007442518 -0.01293511 -0.000205 0.007438858 -0.01294377 -0.0002 0.007442518 -0.01294377 -0.0001963398 0.007443252 -0.01293505 -0.0002026084 0.007442518 -0.01322377 -0.0001963398 0.007438858 -0.01322377 -0.0002 0.007437518 -0.01322377 -0.000205 0.007438858 -0.01322877 -0.000205 0.007442518 -0.01323243 -0.000205 0.007443252 -0.01322616 -0.0001962774 0.007442518 -0.01323243 -0.000485 0.007438858 -0.01322877 -0.000485 0.007443252 -0.01323249 -0.0004873916 0.008027519 -0.01323377 -0.000205 0.007887518 -0.01323377 -0.000205 0.008027519 -0.01323377 -0.000485 0.007887518 -0.01323377 -0.000485 0.008027519 -0.01322877 -0.0001963398 0.008027519 -0.01322377 -0.000195 0.007887518 -0.01322377 -0.000195 0.007887518 -0.01322877 -0.0001963398 0.008027519 -0.01323243 -0.0002 0.007887518 -0.01323243 -0.0002 0.008027519 -0.01294377 -0.000195 0.007887518 -0.01294377 -0.000195 0.007887518 -0.01293877 -0.0001963398 0.008027519 -0.01293877 -0.0001963398 0.007887518 -0.01293511 -0.0002 0.008027519 -0.01293511 -0.0002 0.007887518 -0.01293377 -0.000205 0.008027519 -0.01293377 -0.000205 0.007887518 -0.01293377 -0.000485 0.008027519 -0.01293377 -0.000485 0.008027519 -0.01293877 -0.0004936603 0.008027519 -0.01294377 -0.000495 0.007887518 -0.01294377 -0.000495 0.007887518 -0.01293877 -0.0004936603 0.008027519 -0.01293511 -0.00049 0.007887518 -0.01293511 -0.00049 0.008027519 -0.01322377 -0.000495 0.007887518 -0.01322377 -0.000495 0.007887518 -0.01322877 -0.0004936603 0.008027519 -0.01322877 -0.0004936603 0.007887518 -0.01323243 -0.00049 0.008027519 -0.01323243 -0.00049 0.008036179 -0.01322877 -0.000485 0.008037518 -0.01322377 -0.000485 0.008037518 -0.01322377 -0.000205 0.008036179 -0.01322877 -0.000205 0.008032518 -0.01323243 -0.000485 0.008032518 -0.01323243 -0.000205 0.008036179 -0.01322377 -0.0002 0.00802991 -0.01322803 -0.0001962774 0.008032518 -0.01322377 -0.0001963398 0.008032518 -0.01294377 -0.0001963398 0.008036179 -0.01294377 -0.0002 0.008037518 -0.01294377 -0.000205 0.008036179 -0.01293877 -0.000205 0.00802991 -0.01293505 -0.0002007343 0.008032518 -0.01293511 -0.000205 0.008032518 -0.01293511 -0.000485 0.008036179 -0.01293877 -0.000485 0.008037518 -0.01294377 -0.000485 0.008036179 -0.01294377 -0.00049 0.00802991 -0.0129395 -0.0004937226 0.008032518 -0.01294377 -0.0004936603 0.008032518 -0.01322377 -0.0004936603 0.008036179 -0.01322377 -0.00049 0.00802991 -0.01323249 -0.0004892657</float_array>
          <technique_common>
            <accessor count="672" source="#pos_15-array" stride="3"><param type="float" name="X"/><param type="float" name="Y"/><param type="float" name="Z"/></accessor></technique_common>
        </source>
        <vertices id="vert_15">
          <input semantic="POSITION" source="#pos_15"/>
        </vertices>
        <triangles count="1128" material="mat_7">
          <input semantic="VERTEX" source="#vert_15" offset="0"/>
          <p>0 1 2 0 2 3 4 0 3 4 3 5 6 5 7 6 4 5 8 7 9 8 6 7 10 11 9 9 11 8 12 13 14 12 14 15 16 15 17 16 12 15 10 17 11 10 16 17 18 14 13 19 14 18 20 19 18 20 18 21 22 21 23 22 20 21 24 23 25 24 22 23 24 25 26 26 25 27 28 2 1 28 1 29 30 29 31 30 28 29 27 31 26 27 30 31 32 3 2 32 2 33 34 33 35 34 32 33 36 35 37 36 34 35 38 34 36 39 7 34 39 34 38 9 7 39 40 5 3 40 7 5 40 32 34 40 3 32 40 34 7 38 36 41 38 41 42 39 42 43 39 38 42 9 43 10 9 39 43 44 42 41 45 12 42 45 42 44 13 12 45 46 16 10 46 12 16 46 43 42 46 10 43 46 42 12 47 18 13 47 13 45 48 45 44 48 47 45 49 44 41 49 48 44 50 48 49 51 23 48 51 48 50 25 23 51 52 21 18 52 23 21 52 47 48 52 18 47 52 48 23 53 27 25 53 25 51 54 51 50 54 53 51 37 50 49 37 54 50 35 54 37 33 28 54 33 54 35 2 28 33 55 53 54 55 27 53 55 30 27 55 28 30 55 54 28 37 41 36 49 41 37 56 57 58 58 57 59 60 61 62 60 62 63 64 63 65 64 60 63 56 65 57 56 64 65 62 66 67 61 66 62 68 67 66 68 66 69 70 69 71 70 68 69 72 71 73 72 70 71 72 73 74 74 73 75 76 77 78 76 78 79 80 79 81 80 76 79 75 81 74 75 80 81 77 82 83 77 83 78 84 83 82 84 82 85 86 85 87 86 84 85 59 87 58 59 86 87 88 89 90 88 90 91 92 91 93 92 88 91 58 93 56 58 92 93 93 64 56 91 94 64 91 64 93 90 94 91 95 94 96 95 96 61 95 60 64 95 61 60 95 64 94 97 66 61 97 61 96 98 96 94 98 97 96 99 94 90 99 98 94 97 69 66 98 100 69 98 69 97 99 100 98 101 100 102 101 102 73 101 71 69 101 73 71 101 69 100 103 75 73 103 73 102 104 102 100 104 103 102 105 100 99 105 104 100 103 80 75 104 106 80 104 80 103 105 106 104 107 76 80 107 77 76 107 106 108 107 108 77 107 80 106 109 82 77 109 77 108 110 108 106 110 109 108 89 106 105 89 110 106 109 85 82 110 88 85 110 85 109 89 88 110 111 92 58 111 88 92 111 87 85 111 58 87 111 85 88 99 90 105 105 90 89 112 113 114 112 114 115 116 112 115 116 115 117 118 117 119 118 116 117 120 119 121 120 118 119 122 123 121 121 123 120 124 125 126 124 126 127 128 127 129 128 124 127 122 129 123 122 128 129 130 126 125 131 126 130 132 131 130 132 130 133 134 133 135 134 132 133 136 135 137 136 134 135 136 137 138 138 137 139 140 114 113 140 113 141 142 141 143 142 140 141 139 143 138 139 142 143 144 115 114 144 114 145 146 145 147 146 144 145 148 147 149 148 146 147 150 146 148 151 119 146 151 146 150 121 119 151 152 117 115 152 119 117 152 144 146 152 115 144 152 146 119 150 148 153 150 153 154 151 154 155 151 150 154 121 155 122 121 151 155 156 154 153 157 124 154 157 154 156 125 124 157 158 128 122 158 124 128 158 155 154 158 122 155 158 154 124 159 130 125 159 125 157 160 157 156 160 159 157 161 156 153 161 160 156 162 160 161 163 135 160 163 160 162 137 135 163 164 133 130 164 135 133 164 159 160 164 130 159 164 160 135 165 139 137 165 137 163 166 163 162 166 165 163 149 162 161 149 166 162 147 166 149 145 140 166 145 166 147 114 140 145 167 165 166 167 139 165 167 142 139 167 140 142 167 166 140 149 153 148 161 153 149 168 169 170 170 169 171 172 173 174 172 174 175 176 175 177 176 172 175 168 177 169 168 176 177 174 178 179 173 178 174 180 179 178 180 178 181 182 181 183 182 180 181 184 183 185 184 182 183 184 185 186 186 185 187 188 189 190 188 190 191 192 191 193 192 188 191 187 193 186 187 192 193 189 194 195 189 195 190 196 195 194 196 194 197 198 197 199 198 196 197 171 199 170 171 198 199 200 201 202 200 202 203 204 203 205 204 200 203 170 205 168 170 204 205 205 176 168 203 206 176 203 176 205 202 206 203 207 206 208 207 208 173 207 172 176 207 173 172 207 176 206 209 178 173 209 173 208 210 208 206 210 209 208 211 206 202 211 210 206 209 181 178 210 212 181 210 181 209 211 212 210 213 212 214 213 214 185 213 183 181 213 185 183 213 181 212 215 187 185 215 185 214 216 214 212 216 215 214 217 212 211 217 216 212 215 192 187 216 218 192 216 192 215 217 218 216 219 188 192 219 189 188 219 218 220 219 220 189 219 192 218 221 194 189 221 189 220 222 220 218 222 221 220 201 218 217 201 222 218 221 197 194 222 200 197 222 197 221 201 200 222 223 204 170 223 200 204 223 199 197 223 170 199 223 197 200 211 202 217 217 202 201 224 225 226 224 226 227 228 224 227 228 227 229 230 229 231 230 228 229 232 231 233 232 230 231 234 235 233 233 235 232 236 237 238 236 238 239 240 239 241 240 236 239 234 241 235 234 240 241 242 238 237 243 238 242 244 243 242 244 242 245 246 245 247 246 244 245 248 247 249 248 246 247 248 249 250 250 249 251 252 226 225 252 225 253 254 253 255 254 252 253 251 255 250 251 254 255 256 227 226 256 226 257 258 257 259 258 256 257 260 259 261 260 258 259 262 258 260 263 231 258 263 258 262 233 231 263 264 229 227 264 231 229 264 256 258 264 227 256 264 258 231 262 260 265 262 265 266 263 266 267 263 262 266 233 267 234 233 263 267 268 266 265 269 236 266 269 266 268 237 236 269 270 240 234 270 236 240 270 267 266 270 234 267 270 266 236 271 242 237 271 237 269 272 269 268 272 271 269 273 268 265 273 272 268 274 272 273 275 247 272 275 272 274 249 247 275 276 245 242 276 247 245 276 271 272 276 242 271 276 272 247 277 251 249 277 249 275 278 275 274 278 277 275 261 274 273 261 278 274 259 278 261 257 252 278 257 278 259 226 252 257 279 277 278 279 251 277 279 254 251 279 252 254 279 278 252 261 265 260 273 265 261 280 281 282 282 281 283 284 285 286 284 286 287 288 287 289 288 284 287 280 289 281 280 288 289 286 290 291 285 290 286 292 291 290 292 290 293 294 293 295 294 292 293 296 295 297 296 294 295 296 297 298 298 297 299 300 301 302 300 302 303 304 303 305 304 300 303 299 305 298 299 304 305 301 306 307 301 307 302 308 307 306 308 306 309 310 309 311 310 308 309 283 311 282 283 310 311 312 313 314 312 314 315 316 315 317 316 312 315 282 317 280 282 316 317 317 288 280 315 318 288 315 288 317 314 318 315 319 318 320 319 320 285 319 284 288 319 285 284 319 288 318 321 290 285 321 285 320 322 320 318 322 321 320 323 318 314 323 322 318 321 293 290 322 324 293 322 293 321 323 324 322 325 324 326 325 326 297 325 295 293 325 297 295 325 293 324 327 299 297 327 297 326 328 326 324 328 327 326 329 324 323 329 328 324 327 304 299 328 330 304 328 304 327 329 330 328 331 300 304 331 301 300 331 330 332 331 332 301 331 304 330 333 306 301 333 301 332 334 332 330 334 333 332 313 330 329 313 334 330 333 309 306 334 312 309 334 309 333 313 312 334 335 316 282 335 312 316 335 311 309 335 282 311 335 309 312 323 314 329 329 314 313 336 337 338 336 338 339 340 336 339 340 339 341 342 341 343 342 340 341 344 343 345 344 342 343 346 347 345 345 347 344 348 349 350 348 350 351 352 351 353 352 348 351 346 353 347 346 352 353 354 350 349 355 350 354 356 355 354 356 354 357 358 357 359 358 356 357 360 359 361 360 358 359 360 361 362 362 361 363 364 338 337 364 337 365 366 365 367 366 364 365 363 367 362 363 366 367 368 339 338 368 338 369 370 369 371 370 368 369 372 371 373 372 370 371 374 370 372 375 343 370 375 370 374 345 343 375 376 341 339 376 343 341 376 368 370 376 339 368 376 370 343 374 372 377 374 377 378 375 378 379 375 374 378 345 379 346 345 375 379 380 378 377 381 348 378 381 378 380 349 348 381 382 352 346 382 348 352 382 379 378 382 346 379 382 378 348 383 354 349 383 349 381 384 381 380 384 383 381 385 380 377 385 384 380 386 384 385 387 359 384 387 384 386 361 359 387 388 357 354 388 359 357 388 383 384 388 354 383 388 384 359 389 363 361 389 361 387 390 387 386 390 389 387 373 386 385 373 390 386 371 390 373 369 364 390 369 390 371 338 364 369 391 389 390 391 363 389 391 366 363 391 364 366 391 390 364 373 377 372 385 377 373 392 393 394 394 393 395 396 397 398 396 398 399 400 399 401 400 396 399 392 401 393 392 400 401 398 402 403 397 402 398 404 403 402 404 402 405 406 405 407 406 404 405 408 407 409 408 406 407 408 409 410 410 409 411 412 413 414 412 414 415 416 415 417 416 412 415 411 417 410 411 416 417 413 418 419 413 419 414 420 419 418 420 418 421 422 421 423 422 420 421 395 423 394 395 422 423 424 425 426 424 426 427 428 427 429 428 424 427 394 429 392 394 428 429 429 400 392 427 430 400 427 400 429 426 430 427 431 430 432 431 432 397 431 396 400 431 397 396 431 400 430 433 402 397 433 397 432 434 432 430 434 433 432 435 430 426 435 434 430 433 405 402 434 436 405 434 405 433 435 436 434 437 436 438 437 438 409 437 407 405 437 409 407 437 405 436 439 411 409 439 409 438 440 438 436 440 439 438 441 436 435 441 440 436 439 416 411 440 442 416 440 416 439 441 442 440 443 412 416 443 413 412 443 442 444 443 444 413 443 416 442 445 418 413 445 413 444 446 444 442 446 445 444 425 442 441 425 446 442 445 421 418 446 424 421 446 421 445 425 424 446 447 428 394 447 424 428 447 423 421 447 394 423 447 421 424 435 426 441 441 426 425 448 449 450 448 450 451 452 448 451 452 451 453 454 453 455 454 452 453 456 455 457 456 454 455 458 459 457 457 459 456 460 461 462 460 462 463 464 463 465 464 460 463 458 465 459 458 464 465 466 462 461 467 462 466 468 467 466 468 466 469 470 469 471 470 468 469 472 471 473 472 470 471 472 473 474 474 473 475 476 450 449 476 449 477 478 477 479 478 476 477 475 479 474 475 478 479 480 451 450 480 450 481 482 481 483 482 480 481 484 483 485 484 482 483 486 482 484 487 455 482 487 482 486 457 455 487 488 453 451 488 455 453 488 480 482 488 451 480 488 482 455 486 484 489 486 489 490 487 490 491 487 486 490 457 491 458 457 487 491 492 490 489 493 460 490 493 490 492 461 460 493 494 464 458 494 460 464 494 491 490 494 458 491 494 490 460 495 466 461 495 461 493 496 493 492 496 495 493 497 492 489 497 496 492 498 496 497 499 471 496 499 496 498 473 471 499 500 469 466 500 471 469 500 495 496 500 466 495 500 496 471 501 475 473 501 473 499 502 499 498 502 501 499 485 498 497 485 502 498 483 502 485 481 476 502 481 502 483 450 476 481 503 501 502 503 475 501 503 478 475 503 476 478 503 502 476 485 489 484 497 489 485 504 505 506 506 505 507 508 509 510 508 510 511 512 511 513 512 508 511 504 513 505 504 512 513 510 514 515 509 514 510 516 515 514 516 514 517 518 517 519 518 516 517 520 519 521 520 518 519 520 521 522 522 521 523 524 525 526 524 526 527 528 527 529 528 524 527 523 529 522 523 528 529 525 530 531 525 531 526 532 531 530 532 530 533 534 533 535 534 532 533 507 535 506 507 534 535 536 537 538 536 538 539 540 539 541 540 536 539 506 541 504 506 540 541 541 512 504 539 542 512 539 512 541 538 542 539 543 542 544 543 544 509 543 508 512 543 509 508 543 512 542 545 514 509 545 509 544 546 544 542 546 545 544 547 542 538 547 546 542 545 517 514 546 548 517 546 517 545 547 548 546 549 548 550 549 550 521 549 519 517 549 521 519 549 517 548 551 523 521 551 521 550 552 550 548 552 551 550 553 548 547 553 552 548 551 528 523 552 554 528 552 528 551 553 554 552 555 524 528 555 525 524 555 554 556 555 556 525 555 528 554 557 530 525 557 525 556 558 556 554 558 557 556 537 554 553 537 558 554 557 533 530 558 536 533 558 533 557 537 536 558 559 540 506 559 536 540 559 535 533 559 506 535 559 533 536 547 538 553 553 538 537 560 561 562 560 562 563 564 560 563 564 563 565 566 565 567 566 564 565 568 567 569 568 566 567 570 571 569 569 571 568 572 573 574 572 574 575 576 575 577 576 572 575 570 577 571 570 576 577 578 574 573 579 574 578 580 579 578 580 578 581 582 581 583 582 580 581 584 583 585 584 582 583 584 585 586 586 585 587 588 562 561 588 561 589 590 589 591 590 588 589 587 591 586 587 590 591 592 563 562 592 562 593 594 593 595 594 592 593 596 595 597 596 594 595 598 594 596 599 567 594 599 594 598 569 567 599 600 565 563 600 567 565 600 592 594 600 563 592 600 594 567 598 596 601 598 601 602 599 602 603 599 598 602 569 603 570 569 599 603 604 602 601 605 572 602 605 602 604 573 572 605 606 576 570 606 572 576 606 603 602 606 570 603 606 602 572 607 578 573 607 573 605 608 605 604 608 607 605 609 604 601 609 608 604 610 608 609 611 583 608 611 608 610 585 583 611 612 581 578 612 583 581 612 607 608 612 578 607 612 608 583 613 587 585 613 585 611 614 611 610 614 613 611 597 610 609 597 614 610 595 614 597 593 588 614 593 614 595 562 588 593 615 613 614 615 587 613 615 590 587 615 588 590 615 614 588 597 601 596 609 601 597 616 617 618 618 617 619 620 621 622 620 622 623 624 623 625 624 620 623 616 625 617 616 624 625 622 626 627 621 626 622 628 627 626 628 626 629 630 629 631 630 628 629 632 631 633 632 630 631 632 633 634 634 633 635 636 637 638 636 638 639 640 639 641 640 636 639 635 641 634 635 640 641 637 642 643 637 643 638 644 643 642 644 642 645 646 645 647 646 644 645 619 647 618 619 646 647 648 649 650 648 650 651 652 651 653 652 648 651 618 653 616 618 652 653 653 624 616 651 654 624 651 624 653 650 654 651 655 654 656 655 656 621 655 620 624 655 621 620 655 624 654 657 626 621 657 621 656 658 656 654 658 657 656 659 654 650 659 658 654 657 629 626 658 660 629 658 629 657 659 660 658 661 660 662 661 662 633 661 631 629 661 633 631 661 629 660 663 635 633 663 633 662 664 662 660 664 663 662 665 660 659 665 664 660 663 640 635 664 666 640 664 640 663 665 666 664 667 636 640 667 637 636 667 666 668 667 668 637 667 640 666 669 642 637 669 637 668 670 668 666 670 669 668 649 666 665 649 670 666 669 645 642 670 648 645 670 645 669 649 648 670 671 652 618 671 648 652 671 647 645 671 618 647 671 645 648 659 650 665 665 650 649</p>
        </triangles>
      </mesh>
    </geometry>
  </library_geometries>
  <library_visual_scenes>
    <visual_scene id="DefaultScene">
      <node id="node_827df9be_015d_4746_8416_72f941536736" type="NODE" name="node_827df9be_015d_4746_8416_72f941536736">
        <matrix>1 0 0 0 0 1 0 0 0 0 1 0 0 0 0 1</matrix>
        <node id="node_57ac1d9f_aaa5_4681_a543_e734cadd1686" type="NODE" name="node_57ac1d9f_aaa5_4681_a543_e734cadd1686">
          <matrix>1 0 0 0 0 1 0 0 0 0 1 0 0 0 0 1</matrix>
          <node id="node_57ac1d9f_aaa5_4681_a543_e734cadd1686_mesh0" type="NODE" name="node_57ac1d9f_aaa5_4681_a543_e734cadd1686_mesh0">
            <matrix>1 0 0 0 0 1 0 0 0 0 1 0 0 0 0 1</matrix>
            <instance_geometry url="#geometry_ee2259d9_7762_4c38_a6af_b97b08308e8e">
              <bind_material>
                <technique_common>
                  <instance_material symbol="mat_0" target="#mat_0"/>
                </technique_common>
              </bind_material>
            </instance_geometry>
          </node>
          <node id="node_57ac1d9f_aaa5_4681_a543_e734cadd1686_mesh1" type="NODE" name="node_57ac1d9f_aaa5_4681_a543_e734cadd1686_mesh1">
            <matrix>1 0 0 0 0 1 0 0 0 0 1 0 0 0 0 1</matrix>
            <instance_geometry url="#geometry_7c8e47c4_e335_4ca7_bff0_14074acfd1d2">
              <bind_material>
                <technique_common>
                  <instance_material symbol="mat_1" target="#mat_1"/>
                </technique_common>
              </bind_material>
            </instance_geometry>
          </node>
          <node id="node_57ac1d9f_aaa5_4681_a543_e734cadd1686_mesh2" type="NODE" name="node_57ac1d9f_aaa5_4681_a543_e734cadd1686_mesh2">
            <matrix>1 0 0 0 0 1 0 0 0 0 1 0 0 0 0 1</matrix>
            <instance_geometry url="#geometry_b9d2c51b_9580_4134_80db_94228e0a1044">
              <bind_material>
                <technique_common>
                  <instance_material symbol="mat_3" target="#mat_3"/>
                </technique_common>
              </bind_material>
            </instance_geometry>
          </node>
          <node id="node_57ac1d9f_aaa5_4681_a543_e734cadd1686_mesh3" type="NODE" name="node_57ac1d9f_aaa5_4681_a543_e734cadd1686_mesh3">
            <matrix>1 0 0 0 0 1 0 0 0 0 1 0 0 0 0 1</matrix>
            <instance_geometry url="#geometry_872117e3_482e_48a4_ae22_6df64d3606fe">
              <bind_material>
                <technique_common>
                  <instance_material symbol="mat_0" target="#mat_0"/>
                </technique_common>
              </bind_material>
            </instance_geometry>
          </node>
          <node id="node_57ac1d9f_aaa5_4681_a543_e734cadd1686_mesh4" type="NODE" name="node_57ac1d9f_aaa5_4681_a543_e734cadd1686_mesh4">
            <matrix>1 0 0 0 0 1 0 0 0 0 1 0 0 0 0 1</matrix>
            <instance_geometry url="#geometry_6ac22cd2_a825_4a0b_baf4_89cfe6434d4c">
              <bind_material>
                <technique_common>
                  <instance_material symbol="mat_2" target="#mat_2"/>
                </technique_common>
              </bind_material>
            </instance_geometry>
          </node>
          <node id="node_57ac1d9f_aaa5_4681_a543_e734cadd1686_mesh5" type="NODE" name="node_57ac1d9f_aaa5_4681_a543_e734cadd1686_mesh5">
            <matrix>1 0 0 0 0 1 0 0 0 0 1 0 0 0 0 1</matrix>
            <instance_geometry url="#geometry_e9aef699_19f4_47ef_9163_b4c53215004c">
              <bind_material>
                <technique_common>
                  <instance_material symbol="mat_4" target="#mat_4"/>
                </technique_common>
              </bind_material>
            </instance_geometry>
          </node>
          <node id="node_57ac1d9f_aaa5_4681_a543_e734cadd1686_mesh6" type="NODE" name="node_57ac1d9f_aaa5_4681_a543_e734cadd1686_mesh6">
            <matrix>1 0 0 0 0 1 0 0 0 0 1 0 0 0 0 1</matrix>
            <instance_geometry url="#geometry_b8606f39_1671_4047_a376_a93d71864061">
              <bind_material>
                <technique_common>
                  <instance_material symbol="mat_5" target="#mat_5"/>
                </technique_common>
              </bind_material>
            </instance_geometry>
          </node>
          <node id="node_57ac1d9f_aaa5_4681_a543_e734cadd1686_mesh7" type="NODE" name="node_57ac1d9f_aaa5_4681_a543_e734cadd1686_mesh7">
            <matrix>1 0 0 0 0 1 0 0 0 0 1 0 0 0 0 1</matrix>
            <instance_geometry url="#geometry_7c0ac7b7_d008_4715_af8e_994f89d835a0">
              <bind_material>
                <technique_common>
                  <instance_material symbol="mat_8" target="#mat_8"/>
                </technique_common>
              </bind_material>
            </instance_geometry>
          </node>
          <node id="node_57ac1d9f_aaa5_4681_a543_e734cadd1686_mesh8" type="NODE" name="node_57ac1d9f_aaa5_4681_a543_e734cadd1686_mesh8">
            <matrix>1 0 0 0 0 1 0 0 0 0 1 0 0 0 0 1</matrix>
            <instance_geometry url="#geometry_81312aae_4a26_4389_bf0d_2687e8199466">
              <bind_material>
                <technique_common>
                  <instance_material symbol="mat_9" target="#mat_9"/>
                </technique_common>
              </bind_material>
            </instance_geometry>
          </node>
          <node id="node_57ac1d9f_aaa5_4681_a543_e734cadd1686_mesh9" type="NODE" name="node_57ac1d9f_aaa5_4681_a543_e734cadd1686_mesh9">
            <matrix>1 0 0 0 0 1 0 0 0 0 1 0 0 0 0 1</matrix>
            <instance_geometry url="#geometry_82fa5b33_02dd_42a6_9e2f_f687d017321c">
              <bind_material>
                <technique_common>
                  <instance_material symbol="mat_10" target="#mat_10"/>
                </technique_common>
              </bind_material>
            </instance_geometry>
          </node>
          <node id="node_57ac1d9f_aaa5_4681_a543_e734cadd1686_mesh10" type="NODE" name="node_57ac1d9f_aaa5_4681_a543_e734cadd1686_mesh10">
            <matrix>1 0 0 0 0 1 0 0 0 0 1 0 0 0 0 1</matrix>
            <instance_geometry url="#geometry_1981e99e_6e10_4d46_8b90_3a38c6c83c62">
              <bind_material>
                <technique_common>
                  <instance_material symbol="mat_11" target="#mat_11"/>
                </technique_common>
              </bind_material>
            </instance_geometry>
          </node>
          <node id="node_57ac1d9f_aaa5_4681_a543_e734cadd1686_mesh11" type="NODE" name="node_57ac1d9f_aaa5_4681_a543_e734cadd1686_mesh11">
            <matrix>1 0 0 0 0 1 0 0 0 0 1 0 0 0 0 1</matrix>
            <instance_geometry url="#geometry_d0fe7dcb_e75b_40e8_a2f8_b9cb3159b2c0">
              <bind_material>
                <technique_common>
                  <instance_material symbol="mat_12" target="#mat_12"/>
                </technique_common>
              </bind_material>
            </instance_geometry>
          </node>
          <node id="node_57ac1d9f_aaa5_4681_a543_e734cadd1686_mesh12" type="NODE" name="node_57ac1d9f_aaa5_4681_a543_e734cadd1686_mesh12">
            <matrix>1 0 0 0 0 1 0 0 0 0 1 0 0 0 0 1</matrix>
            <instance_geometry url="#geometry_095cea79_4bac_4e89_82ae_b7180d7cda6b">
              <bind_material>
                <technique_common>
                  <instance_material symbol="mat_13" target="#mat_13"/>
                </technique_common>
              </bind_material>
            </instance_geometry>
          </node>
          <node id="node_57ac1d9f_aaa5_4681_a543_e734cadd1686_mesh13" type="NODE" name="node_57ac1d9f_aaa5_4681_a543_e734cadd1686_mesh13">
            <matrix>1 0 0 0 0 1 0 0 0 0 1 0 0 0 0 1</matrix>
            <instance_geometry url="#geometry_dc43e2d2_3091_4ebc_a584_ea59b8626db3">
              <bind_material>
                <technique_common>
                  <instance_material symbol="mat_14" target="#mat_14"/>
                </technique_common>
              </bind_material>
            </instance_geometry>
          </node>
          <node id="node_57ac1d9f_aaa5_4681_a543_e734cadd1686_mesh14" type="NODE" name="node_57ac1d9f_aaa5_4681_a543_e734cadd1686_mesh14">
            <matrix>1 0 0 0 0 1 0 0 0 0 1 0 0 0 0 1</matrix>
            <instance_geometry url="#geometry_334f6677_d2f5_4b0b_ab56_99145103b63b">
              <bind_material>
                <technique_common>
                  <instance_material symbol="mat_6" target="#mat_6"/>
                </technique_common>
              </bind_material>
            </instance_geometry>
          </node>
          <node id="node_57ac1d9f_aaa5_4681_a543_e734cadd1686_mesh15" type="NODE" name="node_57ac1d9f_aaa5_4681_a543_e734cadd1686_mesh15">
            <matrix>1 0 0 0 0 1 0 0 0 0 1 0 0 0 0 1</matrix>
            <instance_geometry url="#geometry_31582879_b8a8_451e_8eda_636f2de07c8d">
              <bind_material>
                <technique_common>
                  <instance_material symbol="mat_7" target="#mat_7"/>
                </technique_common>
              </bind_material>
            </instance_geometry>
          </node>
        </node>
      </node>
    </visual_scene>
  </library_visual_scenes>
  <scene><instance_visual_scene url="#DefaultScene"/></scene></COLLADA>
